coin,fundingRate_avg_5d
UMA,-97.90692767000003
OMNI,-84.01609347
BIO,-67.27128485000001
VVV,-66.18122549000005
BLAST,-57.229722399999986
PROVE,-44.017529780000004
GAS,-40.217722099999996
REZ,-37.972005579999994
PROMPT,-28.8077783
BERA,-17.81269204
ME,-14.038316830000001
HYPER,-9.363661819999999
NEO,-8.85821274
SUPER,-7.185304589999999
GRASS,-5.6351036
SOPH,-5.595605489999998
PAXG,-5.084711339999999
MAVIA,-4.798410449999998
TRUMP,-3.328116719999999
ETHFI,-3.1414447699999983
POL,-2.930388629999999
SEI,-2.189082389999999
USUAL,-0.5273505399999994
