coin,fundingRate_avg_5d
OMNI,-635.8590759
KAITO,-347.26715097999994
BIO,-104.73304306
ME,-68.78200452
BLAST,-67.91113277
PROVE,-53.21383764
TRX,-24.21806244
ZORA,-23.84413454
BERA,-22.70956927
MAV,-15.383149110000002
UMA,-6.15004998
WLFI,-2.2048912700000014
MERL,-0.478444189999998
