coin,fundingRate_avg_5d
REZ,-887.06819576
KAITO,-525.6821841299999
BLAST,-115.91329381999999
MELANIA,-109.20213226
BERA,-92.21666308
USUAL,-82.60523415
REQ,-82.33521445000001
MOVE,-81.89061962999999
IP,-56.673055059999996
ADA,-47.705790539999995
DYM,-43.357741180000005
SUI,-33.98995997
MNT,-30.844164400000004
USTC,-30.158577599999997
ALT,-28.782358969999997
ENA,-28.36284987
ARK,-25.033831600000006
LAYER,-24.596382749999997
PNUT,-24.323026220000003
TNSR,-24.05792745
ANIME,-23.542986180000003
RDNT,-21.25025182
SEI,-18.58276174
BIGTIME,-17.8611874
IMX,-17.74589339
XLM,-16.99771493
kBONK,-16.02830632
XRP,-15.59309857
TIA,-14.791936710000002
FET,-14.696676819999999
VIRTUAL,-14.609457879999997
HBAR,-14.563092660000002
CELO,-14.17732562
COMP,-13.546832649999999
OMNI,-13.425607390000001
W,-12.813054170000001
ATOM,-12.318171109999998
TURBO,-11.802667009999999
APE,-11.626207030000002
CYBER,-11.320857520000004
ME,-11.09358151
SOL,-10.726891560000002
BLUR,-10.39380643
ORBS,-9.568354549999999
EIGEN,-9.13190653
NEAR,-8.63266975
APT,-7.916022909999999
kSHIB,-7.74365896
STG,-7.677004850000001
S,-6.97556391
JUP,-6.046387789999999
YGG,-5.467939439999999
BRETT,-4.9083893299999986
ONDO,-4.6761449399999995
IO,-4.63697971
SAND,-4.60536633
STRK,-4.36610737
ARB,-3.9019069399999986
BNB,-3.6215336499999995
POL,-3.5586171399999995
ETHFI,-3.45518782
BSV,-3.007946749999999
TON,-2.7686096799999995
ZETA,-2.5778541099999988
PIXEL,-2.0720517099999993
MAVIA,-2.0655466799999975
TRUMP,-1.8513077400000004
GALA,-1.7303715599999998
MANTA,-1.2911685199999996
ETH,-1.16283963
DOT,-0.94306583
BCH,-0.6775589899999999
ACE,-0.6305791099999991
MAV,-0.5410949799999996
PENGU,-0.36727395000000024
