coin,fundingRate_avg_5d
BIO,-271.49410509
OMNI,-128.6485716
BLAST,-65.55238013
YZY,-50.55298253
MERL,-47.52750483
PROVE,-44.91102204
TRX,-35.33483313
BERA,-30.906930530000004
WLFI,-19.085120729999996
MOVE,-11.56627695
UMA,-8.70406886
ME,-7.394403599999998
USUAL,-6.3265654399999995
OM,-0.43514788999999926
