coin,fundingRate_avg_5d
BLAST,-263.8639896
IP,-150.10749902999999
SOPH,-149.60937915
ARK,-137.39061871
MOVE,-89.94250502999999
MOODENG,-73.64811444
CELO,-73.27541513000001
ZRO,-52.843828380000005
IO,-50.224195640000005
PENGU,-48.78276684000001
DYM,-41.22167212
USUAL,-34.45834038
BIO,-33.27497096
BERA,-32.18709503000001
MERL,-31.401782930000003
KAITO,-28.07094039
XLM,-27.05539432
TURBO,-25.999298210000003
LAYER,-22.632122840000005
ZETA,-21.992203380000003
GMX,-20.183629110000002
FET,-19.83356053
BSV,-19.697385599999997
HYPER,-18.91255676
BCH,-15.644247479999997
BABY,-14.504061209999998
VVV,-14.323687700000002
SAND,-14.03101756
POLYX,-13.639114140000002
ACE,-12.766577260000002
MEW,-11.696995129999998
GMT,-11.14182575
UMA,-10.325030209999998
ALGO,-9.6456652
BLUR,-9.512037969999998
REQ,-9.319939199999999
DOT,-9.02608865
PYTH,-8.661487959999999
ETC,-8.47234277
kFLOKI,-8.1784674
GRASS,-8.07042959
DOOD,-7.874535550000001
CHILLGUY,-7.07876839
W,-7.01886021
TRUMP,-6.414923909999998
APT,-6.212627770000001
PNUT,-5.840819059999999
SAGA,-5.48152255
AIXBT,-5.3755871399999995
XAI,-4.780008609999999
kSHIB,-4.74465544
OMNI,-4.37823632
IMX,-4.3327463700000015
MNT,-3.7693017099999997
GAS,-2.93652355
HMSTR,-2.73622688
kNEIRO,-2.5414088599999998
BNB,-2.0300460499999997
GOAT,-1.8848402899999994
RESOLV,-1.73827965
JUP,-1.6216132399999994
STG,-1.387823439999998
APE,-1.28248882
ANIME,-0.9075520599999998
REZ,-0.9033465299999995
ME,-0.6705451499999995
SEI,-0.5301763699999992
ALT,-0.40059844999999994
