coin,fundingRate_avg_5d
POLYX,-846.1999159100002
0G,-375.00690789000004
TST,-292.7149437499998
GAS,-189.31572822
WCT,-185.18602332
AVNT,-151.41565172999998
REZ,-146.68721032000002
RESOLV,-129.6203476
BLAST,-116.78892006000002
IP,-97.96844331
kLUNC,-95.74539986
ZORA,-93.01234264000001
KAITO,-91.54654279
DYM,-74.96024272000002
ANIME,-74.14693804
MANTA,-73.14736656000002
USTC,-58.19184488
TURBO,-54.691492690000004
SOPH,-44.687839139999994
IMX,-35.94276252999999
HYPER,-31.997268019999996
CELO,-30.629642949999994
TNSR,-30.627191609999997
kNEIRO,-30.278687419999994
VVV,-29.404385399999995
LAYER,-27.930081050000002
USUAL,-27.492662859999996
SUPER,-27.080680060000002
XAI,-25.97876915
FET,-24.76861165
MERL,-23.744229660000002
PROVE,-22.35775599
UMA,-21.5924437
ZEC,-19.52480484
MOODENG,-18.917236060000004
CFX,-18.709531350000006
WIF,-17.917666770000004
NEO,-17.88441454
EIGEN,-17.07432624000001
OM,-16.5177976
SAGA,-15.425081040000007
TRUMP,-14.52674742
XLM,-14.254167610000001
BLUR,-12.491267249999998
BSV,-11.563399290000003
IO,-10.434886449999999
ZETA,-8.710170929999999
ATOM,-8.444364789999998
MEME,-8.08767511
ALT,-7.260095279999998
kFLOKI,-7.25988066
ETC,-7.133633729999999
2Z,-6.68640726
ZRO,-6.376622999999998
FIL,-6.272550549999997
SCR,-6.073896380000001
NXPC,-5.33753151
PYTH,-5.30777598
SKY,-4.91677849
GMT,-4.882404979999999
SUSHI,-4.37199555
SEI,-4.304678599999998
BOME,-4.149295179999999
POL,-3.5907327599999985
DOOD,-3.2867797399999974
MEW,-2.9314931199999985
kSHIB,-2.434186459999999
MINA,-2.42260355
GMX,-2.2734156399999983
DOT,-1.7998799699999999
ARK,-1.5683356499999985
SAND,-1.260503409999999
NOT,-0.5756852999999986
OP,-0.3398514999999995
