coin,fundingRate_avg_5d
ME,-527.2072672799999
BIO,-508.0860057099999
DOOD,-499.23801442999996
AVNT,-428.48141904
KAITO,-274.85636537000005
MERL,-263.59403122000003
BLAST,-256.24148801
REZ,-156.2142549
OM,-146.22454289
BSV,-132.40239585
0G,-127.77953872
SUPER,-77.09201865000001
IP,-76.15956483000001
NXPC,-71.67919859000001
IO,-71.33401079000001
JUP,-70.73633205
MOODENG,-67.02181246
APT,-64.5932981
ZETA,-62.10833357
MAV,-52.99834602000001
ZORA,-51.73479048000001
HYPER,-48.58774661
ATOM,-46.83846294
BANANA,-46.22570532
MEW,-44.6407848
DYM,-43.414243909999996
kLUNC,-41.55796341
TURBO,-40.62559792
IOTA,-40.48549924
BERA,-36.75110905
ALT,-34.77607945000001
YGG,-34.1032421
MEME,-33.698646169999996
INIT,-31.182053659999994
VVV,-28.415888019999997
XAI,-27.587765070000007
MOVE,-26.955582149999998
LAYER,-26.821179660000002
SKY,-26.640419979999997
AIXBT,-24.013301819999995
RESOLV,-23.448371610000002
SAND,-22.76573255
kFLOKI,-22.104061280000003
GRASS,-22.047398680000004
SEI,-20.61178579
RSR,-18.934872130000002
ARK,-17.153129009999997
SUSHI,-16.65808243
WLFI,-16.50964058
CFX,-15.983281379999998
WCT,-15.944740300000001
OP,-14.327876440000002
BRETT,-12.525407159999999
BABY,-12.263810200000002
ACE,-12.126589179999998
GALA,-11.767423339999999
GMX,-11.64771356
MORPHO,-11.50072441
TRX,-10.97572812
PROVE,-10.83011283
PYTH,-9.74045351
CELO,-9.430553909999999
ALGO,-8.533275869999999
BCH,-8.29489437
GMT,-7.773359010000001
BLUR,-5.681296539999999
TIA,-5.20241508
BIGTIME,-5.022599289999998
ZK,-4.84425518
kPEPE,-4.68252003
STX,-4.17534523
CAKE,-4.06957188
MANTA,-3.9113735800000002
DYDX,-3.8903364399999996
MELANIA,-3.7222867899999987
PNUT,-3.5247276200000006
INJ,-3.47954062
POLYX,-3.4054872299999985
ETHFI,-3.1756314
W,-3.08400691
COMP,-2.77850921
RENDER,-2.65944402
JTO,-2.644316959999999
YZY,-2.2941133299999996
NEO,-2.1611679199999996
LINEA,-2.13917156
kSHIB,-1.7802013599999993
S,-1.4154845999999999
STRK,-0.9352592099999999
ASTER,-0.8652617000000001
GAS,-0.7491113999999983
FIL,-0.2968318699999997
BNB,-0.23852749999999967
SAGA,-0.15693320999999918
