coin,fundingRate_avg_5d
SUPER,-1722.8493728199999
RESOLV,-1198.4634847300001
TNSR,-1026.2061015900001
MERL,-747.2658869999999
TURBO,-608.1060454
DYM,-393.205521
ACE,-326.25570259999995
OM,-303.00256365
BANANA,-299.49402012999985
COMP,-277.31992557
ALT,-133.45258553
ZORA,-123.76872600000003
DOOD,-117.15189869
ARK,-107.76625438
KAITO,-100.90430986
MEME,-91.59975468
MOODENG,-83.47906824000002
0G,-82.30418945000001
REZ,-77.57471436
BLAST,-77.54567204
IO,-76.38718467000001
IP,-63.76331948999999
ZETA,-60.06200268
LAYER,-59.28231815000001
ME,-56.132235290000004
MEW,-54.95922967999999
ZRO,-52.64991044999999
APT,-45.79252697
BERA,-44.29744609000001
AERO,-42.89193767
FET,-40.42417194
XAI,-38.52363081
BRETT,-34.021170389999995
BABY,-32.39131983
UMA,-30.680300569999996
HEMI,-29.36605309999999
IMX,-28.2376702
ATOM,-27.650706399999994
HYPER,-27.58602475
BSV,-26.17874243
WLFI,-26.073676449999997
MINA,-25.132552420000003
GRASS,-25.06324476
AIXBT,-22.993288879999998
2Z,-22.908938840000005
ANIME,-22.85589193
MAV,-21.1208272
WCT,-20.619550070000003
TRUMP,-19.85608541
GMX,-19.779585790000002
AVAX,-19.558951320000002
kNEIRO,-18.281760109999997
FXS,-18.25427415
SEI,-17.64603231
INIT,-17.025282649999998
ZK,-16.72868803
BIGTIME,-16.725680429999997
DOT,-16.28751107
AR,-14.820615490000002
GOAT,-13.968525909999997
PROMPT,-13.801131069999999
INJ,-13.37116691
TIA,-12.881123019999999
SYRUP,-11.827697249999998
VVV,-11.541495639999999
ADA,-11.072414429999998
ENA,-11.03657435
MANTA,-10.75270217
GMT,-10.230974819999998
PROVE,-10.13625513
kFLOKI,-9.749543469999999
kSHIB,-9.576806490000001
PYTH,-8.67861522
EIGEN,-7.308697949999999
MORPHO,-6.91843557
SUSHI,-6.48410455
JUP,-6.16062184
FIL,-6.0003116499999996
CC,-5.757275669999999
BCH,-5.66552051
BIO,-5.540313829999999
GAS,-5.498678279999998
SAND,-4.991734889999999
ETC,-4.987084790000001
ALGO,-4.965281879999999
AVNT,-4.161987689999999
SPX,-3.7239519199999997
POLYX,-3.62077226
ICP,-3.3969944100000005
W,-3.090179059999999
WLD,-2.76699711
STX,-2.04775877
kLUNC,-1.7795180799999994
STRK,-1.2486211999999994
RSR,-1.1441005299999996
