coin,fundingRate_avg_5d
HYPER,-912.9892426214874
ARK,-113.45801052892566
BLAST,-92.0981173785124
SOPH,-82.47597555371901
RESOLV,-79.94836587768594
MOVE,-27.47083005619835
USUAL,-20.66118034710744
OMNI,-16.58390350413223
GAS,-11.927796267768597
GRASS,-2.7168343636363614
BANANA,-2.4200918975206585
BCH,-1.0564103900826445
