coin,fundingRate_avg_5d
POLYX,-552.92881874
ANIME,-468.63137305
REZ,-293.42754200999997
BLAST,-247.59815953
STABLE,-193.97329101
AXS,-145.55865733
ME,-131.95354659000003
BANANA,-83.02817498
RESOLV,-82.16405792000005
YZY,-80.35267680000001
NEO,-80.02763481000001
NXPC,-79.08575742000001
ZETA,-74.91252919
TRUMP,-71.85096248
GAS,-70.68243396000003
VVV,-54.908963340000014
ZORA,-54.004825489999995
HYPER,-53.52012301
TURBO,-52.063146669999995
STRK,-51.75024604
0G,-46.90642667
DOOD,-36.38469577000001
JTO,-35.58405367
LAYER,-35.343778549999996
IP,-34.138934719999995
YGG,-32.886871570000004
XAI,-31.888556419999997
MERL,-31.453689579999992
TAO,-31.092249790000004
2Z,-29.53916822
POL,-25.58092207
ALT,-24.742920759999997
DOT,-24.31965435
MORPHO,-24.2171733
SOPH,-24.103928400000004
EIGEN,-22.78828298
MANTA,-22.581824379999997
kNEIRO,-20.03462224
USUAL,-19.83240129
MOODENG,-19.67301455000001
BLUR,-19.54905544
kLUNC,-17.34238297
ZRO,-16.12672565
OP,-14.93529119
FET,-14.10826981
APT,-13.91095008
SKY,-13.894787879999999
S,-12.523172629999998
GRASS,-12.097663659999998
MEW,-11.76106066
kFLOKI,-11.465274150000003
kSHIB,-11.10929768
WIF,-10.957205830000003
PNUT,-10.75037201
TIA,-10.50169605
BSV,-9.775521979999997
kPEPE,-9.13697419
MON,-8.992979499999999
INIT,-7.762560119999999
COMP,-7.751891169999999
SEI,-7.30882205
SOL,-7.177930129999999
PYTH,-6.80339706
ATOM,-6.717392839999999
DYM,-5.520351979999998
MEME,-5.482696389999998
UMA,-5.132077389999998
kBONK,-4.821955869999998
BRETT,-4.593297239999998
ICP,-4.293555589999999
IMX,-3.99125456
AIXBT,-3.73405074
MOVE,-3.6146687299999996
SYRUP,-3.287376879999999
BNB,-2.8599742899999994
SAND,-2.8574725799999996
KAITO,-2.6530346199999992
CELO,-1.4380613099999995
RENDER,-0.009287789999999416
