coin,fundingRate_avg_5d
0G,-436.5630682413223
SUPER,-74.87784403636364
BIO,-64.93022839338845
REZ,-49.389557633057855
ME,-41.69992465785124
BLAST,-38.40681839999999
BSV,-22.726074515702482
KAITO,-18.78748729586777
APT,-7.871632472727273
MAV,-7.611674042975208
PAXG,-6.397598132231404
CELO,-0.6669603371900804
GMX,-0.5307365454545453
HYPER,-0.1955166842975206
