coin,fundingRate_avg_5d
BLAST,-114.51195735000002
HYPER,-95.70072678000001
SOPH,-23.378148530000004
USUAL,-23.027460910000006
BERA,-16.48641125
RESOLV,-10.20198944
ARK,-9.517859719999999
REZ,-5.579257869999998
ZRO,-3.40751663
BANANA,-3.01102735
GRASS,-2.977196959999999
MOVE,-1.302892319999999
BSV,-1.0567531099999987
OMNI,-0.4181323199999998
