coin,fundingRate_avg_5d
BIO,-260.7625773
YZY,-176.08848738000003
MERL,-157.10995979
PROVE,-82.63894847
BLAST,-62.788906729999994
OMNI,-29.010530689999996
BERA,-19.0418018
MOVE,-18.85166892
IP,-18.631433029999997
MAV,-15.892286880000002
USUAL,-10.92193296
TRX,-9.60242803
SUPER,-9.215382759999999
UMA,-8.67831008
VVV,-7.349247260000002
OM,-2.7543162799999994
ME,-2.59016045
LINEA,-0.6664140799999985
KAITO,-0.11659340999999995
