coin,fundingRate_avg_5d
IP,-229.62035901
YZY,-200.16725778999998
BIO,-156.52836222
MERL,-143.35712697999998
PROVE,-69.04686823
BLAST,-62.70767379000001
MAV,-49.15362801
MOVE,-14.473122349999999
USUAL,-11.65695025
UMA,-8.203393249999998
OM,-7.937223569999999
VVV,-6.98546125
SUPER,-6.8360638300000005
BSV,-6.035821040000001
SOPH,-5.971244509999999
PYTH,-5.004069699999998
GRASS,-2.1562243599999986
BERA,-2.069621539999999
ME,-1.4469366499999998
REZ,-1.3542813999999996
STRK,-0.8870770199999999
TURBO,-0.8152194699999998
TRUMP,-0.7121660999999992
KAITO,-0.21047725000000003
