coin,fundingRate_avg_5d
JTO,-116.60199917999999
BLAST,-113.94047831000003
kLUNC,-76.82958364999999
IO,-67.77293647
WIF,-53.107251800000014
HYPER,-52.85182918
STABLE,-47.361372159999995
COMP,-46.04775686999999
ACE,-33.796679329999996
CHIP,-32.81156258
MEGA,-32.17245415000001
NIL,-30.78872966
STX,-29.793110400000007
BLUR,-27.515332280000003
XAI,-18.081927719999996
KAITO,-16.96185003
BABY,-15.222877610000005
BANANA,-14.892407340000002
ATOM,-10.927937940000001
2Z,-10.046773920000001
FTT,-7.94904884
DYM,-6.82879303
kNEIRO,-4.711880629999999
EIGEN,-3.200009749999998
APT,-3.1648909099999987
ORDI,-3.08436972
S,-2.5965494099999993
APE,-1.7074320399999985
ARB,-1.2131234899999999
YZY,-1.1906730700000003
MERL,-0.9686508699999992
PURR,-0.2394765000000003
