coin,fundingRate_avg_5d
BLAST,-115.17803508099173
HYPER,-83.83864423140498
USUAL,-22.692499100826446
SOPH,-19.318708175206616
BERA,-17.22425226446281
REZ,-5.44265243305785
RESOLV,-3.470156717355372
ZRO,-2.911225279338843
GRASS,-2.8620961586776845
BANANA,-2.778353454545455
ARK,-1.1693991867768583
BSV,-0.9575237454545441
OMNI,-0.10190486280991719
