coin,fundingRate_avg_5d
ME,-377.37669521000004
SOPH,-116.07784822999999
WCT,-84.09790749
BLAST,-69.81513629
KAITO,-68.3584994
MOVE,-61.09017921000001
BERA,-47.62225299
ZRO,-46.7416445
USUAL,-43.91622038
IO,-41.36514632
TRUMP,-37.12521142
AIXBT,-34.31387556999999
BABY,-29.164135100000003
BIO,-18.20745487
LAYER,-17.929786230000005
MORPHO,-15.50930625
BANANA,-14.526009390000002
DYM,-13.77803241
MOODENG,-11.45488333
ANIME,-10.686145879999998
OMNI,-10.282153660000002
CELO,-8.54176942
IP,-7.79168347
HYPER,-7.638957979999999
kBONK,-6.403059949999999
ALT,-5.93523215
BNB,-5.52107468
UMA,-4.618065409999998
MANTA,-4.413357349999998
WIF,-4.4101161499999995
kSHIB,-4.206357819999999
SEI,-4.177564429999999
DYDX,-3.2451135299999994
REQ,-1.4246957400000022
kFLOKI,-0.5430119599999997
