coin,fundingRate_avg_5d
DOOD,-447.63274273999997
0G,-290.9598522
REZ,-64.03109882
BLAST,-47.672120750000005
BIO,-39.732512269999994
CELO,-38.92955607
KAITO,-32.97128731
APT,-22.93630654
2Z,-16.24459437
SUPER,-11.19694878
MAV,-7.568625399999998
ME,-6.9623399599999996
GMX,-4.354448539999999
PAXG,-2.001970249999998
