coin,fundingRate_avg_5d
SOPH,-554.8969881619836
HYPER,-353.36318438677694
SYRUP,-92.56830060495868
BLAST,-74.50022722314048
MERL,-70.58461292231404
BERA,-49.05674061818181
UMA,-37.59697667107438
SUPER,-26.994044251239668
ZRO,-19.970813434710745
GRASS,-17.4498874214876
RESOLV,-16.47237494876033
REQ,-7.871815636363636
NXPC,-6.6289613157024805
GAS,-4.881148740495865
BABY,-1.2625353619834687
GMT,-1.2231110181818168
