coin,fundingRate_avg_5d
LAYER,-195.73701335000004
TNSR,-182.64232226
0G,-170.18799812
ZORA,-83.65248047
FOGO,-81.29058883
ME,-77.38044749
TRUMP,-60.58414540000001
S,-58.350605279999996
CHIP,-57.37659986000001
AIXBT,-55.076605650000005
USUAL,-53.23876641
kNEIRO,-52.414654809999995
STABLE,-50.761417239999986
AVNT,-50.695596789999996
SUSHI,-47.14465706
SNX,-40.194751190000005
PROVE,-36.641480570000006
MINA,-36.6282975
AXS,-33.88093739
VVV,-32.02478098999999
MERL,-31.69140605
IOTA,-31.032942400000003
BSV,-29.51696892
ADA,-27.98178257
2Z,-27.654881269999997
STRK,-25.893259139999998
BIO,-25.71278051
kSHIB,-24.28419168
XAI,-22.673232059999997
TRX,-22.31953319
NOT,-20.99011997
kLUNC,-19.17530201
KAITO,-18.23381882
ANIME,-17.458594589999997
STX,-13.91791647
kFLOKI,-13.63483561
POLYX,-13.301928599999998
MON,-12.406610610000001
SKY,-12.132378809999999
INJ,-11.78710268
POPCAT,-11.645259300000001
MEME,-11.38384484
ATOM,-11.116223919999998
YGG,-10.63433559
ZETA,-10.1377509
GAS,-9.759114499999997
VIRTUAL,-9.66681038
SOPH,-9.457647859999998
ARB,-9.393999159999998
FIL,-8.49035333
SOL,-8.239749440000002
DOT,-7.95343176
BERA,-7.931608410000001
XRP,-7.85832006
PENGU,-7.660530939999999
APT,-7.4705426
KAS,-7.18803333
W,-6.974158659999999
ETH,-6.7624061
BABY,-6.6067657199999985
IO,-5.9674295299999995
WLFI,-5.4836512299999995
MNT,-4.892421309999999
CELO,-4.41110749
DOGE,-4.368266709999999
RENDER,-4.018904039999999
NIL,-4.004270459999998
RESOLV,-3.7499260499999996
AVAX,-3.69083109
OP,-3.65950387
kPEPE,-3.4083554
HYPER,-2.645665269999999
GMT,-2.49232074
RUNE,-2.0700763299999982
BOME,-1.970152469999999
ETC,-1.337209619999998
INIT,-1.0044288999999995
BIGTIME,-0.9637919899999982
ALT,-0.5010376899999995
MOODENG,-0.27250680999999843
PYTH,-0.22578169999999984
