coin,fundingRate_avg_5d
BLAST,-110.04754488595043
NXPC,-33.371166426446266
IO,-14.497075309090906
ZRO,-13.305533593388429
BERA,-12.032933642975205
REZ,-9.899930836363637
BABY,-6.832163633057851
OMNI,-1.9138543933884284
MOVE,-0.5297533983471073
