coin,fundingRate_avg_5d
OMNI,-228.38352293000005
MERL,-160.96872665000004
KAITO,-111.71931096000002
BIO,-68.13689987000001
BLAST,-45.47338703
ZORA,-31.198186660000005
BERA,-29.75467663
ME,-26.65509736
MAV,-26.30108167
ARK,-14.797424119999999
PROVE,-12.851490130000002
PYTH,-4.4690140099999995
TRX,-2.475127779999999
