coin,fundingRate_avg_5d
POLYX,-645.7295716099998
REZ,-529.36106366
SUPER,-521.33346609
ZETA,-227.15166398999995
BERA,-187.40086522
FTT,-153.67854588000003
GAS,-137.46264854000003
ALT,-115.16174640999999
2Z,-107.34348437
BLUR,-103.93638238000001
ME,-90.35438562999998
JTO,-90.0680059
SOPH,-87.36082718
BLAST,-86.00944534000001
NIL,-77.15821724000003
TURBO,-57.62893896000001
AXS,-52.602688210000004
STABLE,-50.37597432
MOODENG,-48.403818
BSV,-47.35119449999999
AVNT,-46.178452420000006
APT,-39.71934015
XAI,-34.36962640000001
TRUMP,-34.10891785
MOVE,-31.686020839999998
CELO,-30.46088009000001
EIGEN,-29.181365290000002
LAYER,-28.248849419999996
0G,-27.912142030000002
STRK,-27.54479873
ZORA,-23.68044956
AERO,-20.629345940000007
ANIME,-19.84939715
IO,-19.684214210000007
PROVE,-19.276979329999996
DYM,-18.823030289999995
AIXBT,-18.492546880000003
MEW,-18.05905682000001
KAS,-17.65746557
IMX,-17.38802768
kNEIRO,-17.35285628
HYPER,-17.06511291
BANANA,-16.97224669
FET,-16.9520016
OP,-15.75733689
SEI,-14.7963043
S,-14.583261829999996
kLUNC,-14.557030740000005
W,-12.806098729999999
ZEC,-11.176538709999997
POL,-11.102077249999999
MERL,-9.026988009999998
DOT,-8.579819939999998
kBONK,-8.449827379999999
ACE,-8.20572779
kFLOKI,-8.123070619999998
TIA,-7.3042843699999995
MEME,-6.96239763
BABY,-6.481692629999999
PENGU,-4.614456289999999
kSHIB,-4.187492429999999
INIT,-3.9226498899999984
ENA,-3.5447537099999984
VVV,-3.531345799999999
SOL,-2.3596863099999994
BTC,-2.2420132299999995
VIRTUAL,-2.138002829999999
STX,-2.0832389599999988
SNX,-2.06566567
ARK,-2.054612009999999
XRP,-1.4727487200000002
DOOD,-0.8757386599999989
ALGO,-0.41035051999999966
BRETT,-0.20407587999999952
