coin,fundingRate_avg_5d
BIO,-656.1328157454545
IP,-383.9294690380166
PYTH,-151.08572466446282
BLAST,-57.08894751074381
OM,-47.80595306776859
PROVE,-38.88531131900825
MAV,-36.74702210578512
BERA,-35.99069094545454
GRASS,-24.82339950743802
SOPH,-21.918000714049587
W,-19.102713361983472
UMA,-18.498740320661156
HYPER,-17.024569150413228
BSV,-16.13282431735537
ETHFI,-10.09881107107438
SUPER,-9.5416685553719
ZORA,-7.273409900826447
USUAL,-5.173714641322313
OMNI,-4.9958946049586785
kPEPE,-4.451359249586775
GMX,-4.316812889256198
REZ,-3.6244195933884282
MOVE,-3.6220247107438013
GAS,-3.0989260165289245
TRUMP,-2.608859761983471
VVV,-2.1620722512396693
MEW,-1.7343496859504135
MKR,-0.15793483636363606
