coin,fundingRate_avg_5d
DOOD,-523.776533
YZY,-119.8306023
0G,-119.42064160000001
REZ,-98.77172144
BLAST,-85.31482989999999
KAITO,-58.322579850000004
TRUMP,-56.74916412999999
OM,-55.064830019999995
APT,-51.40912945000001
ME,-46.272088059999994
MOODENG,-35.86750026
ASTER,-34.79481489999999
FARTCOIN,-31.315219529999993
SOL,-26.969731739999993
ZORA,-26.220851749999994
MELANIA,-24.546985109999998
kBONK,-23.748660759999996
IP,-21.79722987
BSV,-21.697511869999996
HYPER,-19.01862211
SUPER,-18.918493119999994
PROVE,-18.782120359999997
AI16Z,-18.407134689999992
VINE,-18.18907347
ATOM,-17.20812064
CAKE,-15.614012340000002
SPX,-15.48693029
ALGO,-15.383768149999998
CELO,-13.715284529999996
SNX,-12.676298889999996
SEI,-12.626562529999996
ONDO,-12.438574389999996
AVNT,-12.431476600000002
BIO,-11.806802459999998
XPL,-11.432721990000005
PUMP,-11.378534089999999
GRASS,-10.417089779999998
WIF,-8.866424509999996
FTT,-7.736079369999997
IOTA,-6.488873639999999
PURR,-4.91120202
XAI,-4.764169799999999
ETC,-4.667702489999998
RENDER,-4.528045459999997
RUNE,-4.118584079999997
VVV,-3.6111975800000042
MEME,-3.3391294999999994
TURBO,-3.048344219999999
ZEN,-2.4826723299999975
FIL,-2.1944055499999964
TIA,-1.9147790499999973
DOT,-1.9133650399999962
NEAR,-1.8214368699999963
GMX,-1.7786209099999994
POPCAT,-1.2858336799999965
kSHIB,-1.1072143599999973
EIGEN,-0.9595127300000013
