coin,fundingRate_avg_5d
SUPER,-451.75565134000004
TNSR,-330.46641632999996
MOVE,-292.58052739
DYM,-287.76830899
MOODENG,-256.89925378
0G,-229.81203583999996
HEMI,-178.69549842
ME,-169.20088628000002
ANIME,-158.36558315000002
TURBO,-150.01186027
XAI,-137.06531026999997
HYPER,-124.62924635
BLAST,-84.83270505
MERL,-80.16097734
2Z,-77.98346253
KAITO,-72.49261641999999
AVNT,-72.24907601
DOOD,-66.36172091000002
kLUNC,-65.97602906
LAYER,-60.20427968
WLFI,-56.99594062999999
RESOLV,-51.07338419999999
BERA,-46.4658213
USUAL,-43.50605163
MELANIA,-41.29058411999999
IP,-41.262502479999995
REZ,-40.42037886000001
INIT,-39.737983619999994
NIL,-38.9054449
OM,-35.8952753
BRETT,-35.20437556
TST,-33.033559229999994
ACE,-32.364999680000004
ARK,-31.824053619999997
ATOM,-29.926426650000007
SAGA,-29.64418018
IO,-23.41630198
USTC,-22.473869790000002
IMX,-21.572001510000003
MEW,-21.239862459999994
BSV,-20.68615162
VVV,-20.06739559
SEI,-19.50580805
EIGEN,-18.564588389999997
AERO,-18.40767635
FET,-18.35220657
MORPHO,-17.89206421
MANTA,-16.244605319999998
PYTH,-15.695354780000002
FIL,-15.68479168
PROVE,-15.587887830000003
BIGTIME,-14.54111674
BIO,-13.877237220000001
ZETA,-12.986114539999999
WCT,-12.851709859999998
DOT,-12.74506416
ZRO,-12.199227099999998
SOPH,-12.08471857
GMX,-11.975785779999999
PROMPT,-11.92771163
SYRUP,-11.802361869999999
AR,-11.06849214
BABY,-10.105815590000002
BANANA,-9.86449584
ENA,-9.38858986
RSR,-9.152028979999999
UMA,-9.116227589999998
APT,-9.00795764
ZEC,-8.97376444
ADA,-8.856992909999999
TRUMP,-8.60794392
BCH,-8.56285693
INJ,-7.8263234299999995
kSHIB,-7.62543838
COMP,-7.44625039
NXPC,-6.360115509999999
PENDLE,-6.14465236
JUP,-5.15007919
GMT,-4.91728876
OP,-4.75178681
GRASS,-3.99201376
kNEIRO,-3.53947143
ALGO,-3.4155254599999996
VIRTUAL,-3.3487837499999995
SUSHI,-3.3159753599999995
MINA,-3.256954859999999
BLUR,-3.0046296299999993
ALT,-2.739108189999999
APEX,-2.7102293899999985
LINEA,-2.509528299999999
ETC,-2.42174434
ZK,-2.234973839999999
NEO,-2.12455258
RENDER,-2.07751941
SAND,-2.0210363899999995
AVAX,-1.9730659000000002
FXS,-1.6809461799999994
XLM,-1.4304861
kFLOKI,-0.8549183299999996
GOAT,-0.8496061199999991
POL,-0.19821981999999944
kBONK,-0.14256827000000002
W,-0.03199954999999893
