coin,fundingRate_avg_5d
AZTEC,-2166.14179544
OM,-1303.1301883099998
AXS,-705.56795193
INJ,-403.91261934000005
YGG,-394.4713994
BIO,-295.47550153000003
SNX,-276.40783729000003
ACE,-230.57714008000002
JTO,-205.90552426
YZY,-184.59431087000002
ZORA,-183.21871931
0G,-178.43743100999998
BERA,-172.30510470000002
BLAST,-157.52079503000004
SOPH,-119.4851955
STABLE,-96.30825322
SKR,-90.92971614999999
ICP,-82.89245337999999
OP,-80.38309079
SEI,-65.17948007
INIT,-61.642021979999996
FET,-60.21798105
TRUMP,-56.955261379999996
DASH,-55.79835811
AVNT,-54.000506810000005
2Z,-47.78910836
MOODENG,-47.30019597
REZ,-45.387480630000006
SAND,-43.72387706000001
POLYX,-41.289359180000005
IO,-40.088190899999994
kFLOKI,-37.189254319999996
MOVE,-37.07582035
APE,-37.01237751
S,-36.371954349999996
SCR,-35.45334425
VVV,-34.96970465
CELO,-33.55085475
BIGTIME,-33.137193679999996
UMA,-32.78159608000001
APT,-30.60137881
STX,-29.877772149999995
ANIME,-29.790396989999994
HYPER,-29.75501535
MERL,-29.56829741
IP,-25.974446090000008
KAS,-24.60388423
NXPC,-23.72895076
STRK,-23.435049839999998
EIGEN,-23.262252269999998
POL,-23.12462756
DOT,-23.09219001
kNEIRO,-21.94085299
ZK,-20.917601769999997
ZETA,-20.868680819999998
MINA,-20.785032310000002
XAI,-19.21719233
SKY,-19.21488407
ME,-19.064133960000003
DYM,-18.79390913
NEO,-16.8814106
ZEN,-16.74466919
XLM,-15.762489230000003
ATOM,-15.458320129999999
MEME,-15.290385820000001
ALGO,-14.70296358
SPX,-14.382107409999998
POPCAT,-13.831361829999997
WCT,-13.14044457
ARB,-11.103246709999999
kSHIB,-11.067067179999999
RSR,-10.797594250000001
SOL,-10.78568868
MEW,-10.16598219
MNT,-9.9781218
LTC,-9.952120659999999
kLUNC,-9.93787763
BRETT,-9.77933915
VIRTUAL,-9.73177819
PNUT,-9.01136382
GAS,-8.800595299999998
W,-8.275677120000001
AERO,-8.190293399999998
MON,-8.126399419999998
KAITO,-7.490379620000001
MANTA,-6.97468937
WLFI,-6.910942850000001
CAKE,-6.55271725
XRP,-6.513854240000001
PENGU,-6.34525344
ALT,-5.96027772
UNI,-5.8826575499999985
TON,-5.4624513
PROVE,-5.35913002
AIXBT,-5.05309577
IMX,-4.5991817699999995
TIA,-4.530235459999999
PYTH,-4.3188040999999995
BABY,-4.200987209999999
GOAT,-3.7753220199999986
BLUR,-3.64735886
SUSHI,-3.15464974
BANANA,-2.874037739999999
USTC,-2.699827619999998
TURBO,-2.3343392499999984
TAO,-2.2733871699999995
IOTA,-2.2522741099999988
SUPER,-1.4619060299999993
kBONK,-1.4570807299999995
CRV,-1.39956111
ETC,-1.3155636600000002
MELANIA,-0.3998626099999998
COMP,-0.015320509999999808
