coin,fundingRate_avg_5d
MOVE,-622.19378396
TNSR,-374.70205989
SUPER,-314.40338391
DYM,-279.37144894999994
TURBO,-198.96973878
0G,-172.60541721
kLUNC,-154.67786551
IP,-142.48539529
LAYER,-137.25911943
HEMI,-124.27633734000003
HYPER,-104.97507382999999
XAI,-101.99354577999999
PROMPT,-95.68260744999999
ME,-94.3673044
YZY,-91.61097916
USUAL,-91.17174765
KAITO,-85.04110471999999
ANIME,-76.63464737000001
VVV,-67.26022972999999
2Z,-65.74705288
ZETA,-63.274107799999996
SAGA,-62.734958269999986
MOODENG,-60.116354099999995
AVNT,-57.091815909999994
BERA,-56.92121563999999
OM,-56.566499879999995
IO,-54.95009956999999
MELANIA,-53.85393814
BIO,-52.96163432
WLFI,-50.63593097
MERL,-49.03901071
INIT,-48.40497651
BLAST,-38.509854250000004
SEI,-38.48363483999999
MEW,-38.286723179999996
ZRO,-33.890002530000004
ATOM,-33.77474137
SYRUP,-33.38190647
IMX,-32.51702948
SOPH,-30.992700419999995
FIL,-30.644221050000002
ARK,-30.453693239999996
NIL,-30.11011144
COMP,-29.777844639999994
BRETT,-29.74407338
MAVIA,-29.0561097
USTC,-26.924200179999996
FET,-26.75558697
DOT,-24.330010129999998
AERO,-23.70717632
GRASS,-22.596498110000002
STRK,-22.551479739999998
CELO,-21.442617040000002
kFLOKI,-20.48624477
TRUMP,-20.31509189
BIGTIME,-20.184886170000002
GOAT,-19.590666900000002
WCT,-19.33463765
GMT,-18.65627785
GMX,-18.468908750000004
ZEC,-18.130988100000007
BABY,-17.27214821
AR,-16.91200052
PROVE,-16.584936430000003
SKY,-15.33304848
ZK,-14.703590649999999
ALGO,-14.619880819999999
PYTH,-13.508909149999997
MORPHO,-13.382309630000002
BANANA,-12.720205469999998
MANTA,-12.641273490000003
REZ,-12.431161239999998
kSHIB,-11.997477
UMA,-11.11942789
OP,-11.01690888
RESOLV,-10.78682091
LINEA,-10.772242080000002
NEO,-10.17190614
JUP,-9.91660689
SUSHI,-9.82623654
EIGEN,-9.73653195
APT,-9.669741329999999
INJ,-9.634427579999999
XLM,-9.308438780000001
PNUT,-8.699199759999999
FXS,-7.60774172
STX,-7.498197919999998
ETC,-7.46023938
CAKE,-6.980906049999999
POL,-6.95123009
BSV,-6.6116997899999985
SAND,-6.569981749999999
TRX,-6.186592319999998
STABLE,-5.225493299999999
kBONK,-5.1611949
ALT,-4.51390755
AVAX,-4.509697639999999
ADA,-4.13828897
BLUR,-4.04308164
JTO,-3.9700188599999997
ONDO,-3.49454212
PENDLE,-3.3155322499999995
POLYX,-3.130575799999999
AIXBT,-2.9366410800000002
PENGU,-2.80310656
RSR,-2.342574379999999
TIA,-2.12024631
WLD,-1.80237511
MINA,-1.566187259999999
APEX,-1.1262184499999985
ZEN,-1.0463221399999998
NXPC,-0.9965156999999996
BCH,-0.65604297
