coin,fundingRate_avg_5d
BLAST,-306.4711396760331
ARK,-175.08655510413223
BSV,-154.46963737190086
MOVE,-127.92288306446281
IP,-96.14702702479337
MERL,-68.42656954710745
ZRO,-67.86117815206612
RESOLV,-66.17033525950414
MAV,-55.21588213884298
KAITO,-52.366556757024796
IO,-50.73536946446281
PENGU,-47.0965545123967
SOPH,-46.989302429752065
MOODENG,-44.74551023801652
GRASS,-42.529887599999995
BERA,-32.47799175867768
BIO,-30.40524110082645
SPX,-24.97250846280992
DYM,-24.866272105785125
FET,-23.665869758677683
SEI,-22.53798573223141
HYPER,-20.127010026446285
XLM,-18.663122806611568
LAYER,-17.514074330578513
OMNI,-15.33671479338843
TNSR,-13.122354029752065
TRUMP,-13.114548218181818
MEW,-12.965418991735536
BCH,-12.34227747768595
MNT,-11.64113504132232
kSHIB,-10.204702819834711
CELO,-9.499128981818183
BABY,-9.286540433057851
VVV,-8.573478604958677
BLUR,-8.39558110413223
TURBO,-8.262828009917353
MEME,-7.9005773950413225
GMT,-7.506186991735537
W,-7.487180687603305
APT,-7.470242757024791
ACE,-7.316063861157023
GMX,-7.02041965289256
XAI,-6.694383312396693
ZETA,-5.817084515702479
SAND,-4.98758346446281
GAS,-4.882800833057852
DOT,-4.6640129553719
kFLOKI,-4.004279980165288
ONDO,-3.8601533652892543
JUP,-3.5855954181818173
ENA,-2.825169500826445
IMX,-2.107394647933884
DYDX,-0.9110327603305777
INIT,-0.7977768198347106
ETC,-0.5239435636363637
OP,-0.4969388727272726
APE,-0.47279167933884286
ANIME,-0.44836069090909025
NXPC,-0.12481696859504088
