coin,fundingRate_avg_5d
BLAST,-78.97011568264463
BERA,-31.46417596363636
ZRO,-28.591201477685956
MOVE,-24.556144938842973
LAYER,-24.004838320661154
IO,-21.35829752727273
REZ,-16.76647638347107
BABY,-15.358129011570247
NEIROETH,-11.436400809917355
BIO,-6.560548611570248
WCT,-5.919895061157023
SEI,-3.914395140495868
SOL,-3.06498934214876
TRUMP,-2.450690360330578
BANANA,-1.9694260958677676
CELO,-0.5654493123966936
