coin,fundingRate_avg_5d
BIO,-267.25091293
MERL,-159.52732705000003
YZY,-145.67592671999998
PROVE,-83.22944328000001
BLAST,-60.82348392999999
OMNI,-35.34658467
BERA,-20.83582133
MOVE,-16.73107732
MAV,-14.771103240000004
IP,-13.070174040000001
TRX,-11.178644760000001
USUAL,-10.555335719999999
UMA,-9.78863059
SUPER,-8.99991596
VVV,-6.792082790000001
WLFI,-3.5225784999999985
ME,-2.2196431100000003
OM,-2.1033782000000003
KAITO,-0.38677005999999986
