coin,fundingRate_avg_5d
ZETA,-569.9049966247933
MAVIA,-416.68012267438013
MOVE,-291.21734805619843
BLAST,-119.65555415206613
W,-99.0522745090909
BERA,-97.75627305123967
MELANIA,-92.85590950413223
MEW,-91.65862890247932
OM,-76.91898557355371
REQ,-66.50944427107439
ARK,-48.23558980165289
ZRO,-40.28390251239669
MNT,-39.19621964628099
BANANA,-33.93735925289256
LAYER,-31.589824770247933
BNB,-26.517602330578512
POLYX,-24.683037520661156
ALT,-18.778240790082645
IMX,-18.053317487603305
CYBER,-16.911069957024797
UMA,-16.361390092561987
IO,-14.44692539504132
SUSHI,-13.871109599999999
USUAL,-13.400883659504133
RLB,-11.015503804958673
DYM,-10.13663110413223
PYTH,-9.596302720661155
SEI,-7.589360657851239
GRASS,-7.5159323107438025
RDNT,-6.906360109090909
ATOM,-6.192071880991735
PNUT,-5.862787824793387
XAI,-5.8262680363636346
TURBO,-5.424968816528927
VIRTUAL,-3.9257194314049566
CELO,-2.9091923801652895
ME,-2.8001730942148755
XLM,-2.764907216528924
LISTA,-2.6570455537190085
ADA,-2.5058595371900823
CATI,-2.2767616462809914
INJ,-1.8962525851239669
TRUMP,-1.63171506446281
SPX,-1.6291109553719008
SUPER,-1.5480809553719006
BLUR,-1.1782294115702476
REZ,-0.9934730479338845
ENA,-0.7272660595041314
ANIME,-0.5273556198347106
STG,-0.3433615933884303
UNI,-0.08527751404958597
