coin,fundingRate_avg_5d
OMNI,-83.39369036000001
HYPER,-49.019502919999994
SOPH,-44.83871846
REZ,-44.765219140000006
SUPER,-37.20047879999999
BERA,-24.791950479999997
BLAST,-23.26082439
PROVE,-18.754497889999996
GRASS,-6.24418275
ME,-3.6054605099999995
MAVIA,-2.3695763499999987
