coin,fundingRate_avg_5d
SUPER,-415.55764358
TNSR,-306.1285952
MOVE,-298.82488972000004
DYM,-289.39490083000004
0G,-211.5510873
ME,-159.69857044999998
XAI,-153.29754136
HYPER,-140.52839231000002
TURBO,-129.90897646000002
ANIME,-123.58788456
kLUNC,-111.93090072999999
MOODENG,-92.87439088999999
PROMPT,-87.47315300999999
HEMI,-82.85021411999999
KAITO,-78.93124781
USUAL,-68.43957393
IP,-68.14839445
AVNT,-63.37368637
BLAST,-62.62354859000002
WLFI,-58.14444452000001
2Z,-52.82757347
MERL,-50.88940083999999
MELANIA,-48.75453262999999
SAGA,-45.49016316
BERA,-43.91199149
LAYER,-42.609586809999996
NIL,-42.13008849999999
BRETT,-41.34231483999999
IO,-38.15227178
VVV,-36.96453038999999
OM,-33.692560889999996
REZ,-33.55687141
BIO,-29.414249890000004
MEW,-29.147588189999997
SEI,-27.682479650000005
USTC,-26.946779080000002
ATOM,-26.736963940000003
ZRO,-26.36870011
IMX,-25.452183650000002
RESOLV,-23.434180410000003
FIL,-23.19992341
AERO,-21.704676819999996
PROVE,-21.26102224
COMP,-19.99812005
TST,-19.51516373
ZETA,-18.98618748
MANTA,-18.79158919
ARK,-18.612241330000003
WCT,-18.41543041
SYRUP,-18.19425428
BIGTIME,-17.58870687
ZEC,-17.552473319999997
INIT,-16.4219778
EIGEN,-16.207177490000003
AR,-15.687724089999998
SOPH,-15.563921200000001
DOT,-14.915626450000001
PYTH,-14.639630969999999
BSV,-14.52779935
FET,-13.642254600000001
GMX,-13.57192932
ALGO,-12.70471195
UMA,-12.52408513
MORPHO,-11.668938310000001
BANANA,-11.457909909999996
GOAT,-11.27724659
ACE,-10.70443676
TRUMP,-10.3723802
BABY,-9.75117575
BCH,-9.481223209999998
GMT,-9.35213366
SUSHI,-8.80244804
APT,-8.78378632
kSHIB,-8.55275154
PENDLE,-8.54073282
RSR,-7.8636833699999995
DOOD,-7.604812959999997
ADA,-7.453523379999999
LINEA,-7.38168116
GRASS,-7.058578049999999
OP,-6.57194837
BLUR,-6.537139779999999
kFLOKI,-6.399261029999999
SKY,-6.39831933
FXS,-6.30740075
MAVIA,-6.154566489999999
NEO,-6.01007248
JUP,-5.625242029999998
TRX,-5.61453585
SAND,-5.38832418
ALT,-5.24914165
INJ,-5.186430270000001
STX,-3.93657391
STRK,-3.7369101499999995
XLM,-3.5927753
ENA,-3.4153356599999998
POL,-3.0927216499999997
APEX,-2.8625803899999993
PNUT,-2.77914431
NXPC,-2.6190647999999985
ETC,-2.3303330100000004
kNEIRO,-2.0656934099999993
MINA,-1.8233414399999996
CAKE,-1.664913919999999
AVAX,-1.5913357599999998
VIRTUAL,-1.58324882
JTO,-1.4541264199999997
ZK,-0.8454290599999992
RENDER,-0.7466220999999994
PENGU,-0.20093249999999985
TIA,-0.021973729999999903
