coin,fundingRate_avg_5d
GAS,-1370.9267804300002
ARK,-394.05219982
MELANIA,-270.84825146
USUAL,-190.27272755999996
BADGER,-182.22729243999999
BLAST,-153.32376442
MOVE,-143.63524457000003
GMX,-100.10907852
REZ,-84.72611117999999
LAYER,-75.94417248999999
BERA,-53.44508777000001
SUPER,-51.17947291000001
DYM,-43.35213332
VIRTUAL,-34.64469843
ZRO,-33.939187739999994
SPX,-32.193511
AVAX,-31.476500620000003
XRP,-27.52342506
NEO,-26.4385268
ONDO,-23.776754810000007
kSHIB,-22.505020350000006
kFLOKI,-22.03550552
OMNI,-22.03435285
SAGA,-21.603294420000005
INJ,-20.924435300000003
PIXEL,-18.277000510000004
DOT,-16.761362830000007
ANIME,-16.43961314
POLYX,-15.876978049999998
FET,-15.369394450000001
MNT,-14.794849410000003
ETC,-14.77840981
SEI,-14.76691888
JTO,-14.559558
CYBER,-13.893172389999997
APT,-13.54572816
XLM,-13.345558510000004
IO,-12.86580689
TURBO,-11.85554164
IMX,-11.659197919999999
GMT,-11.62239862
STRK,-11.496538590000004
ETH,-11.169118990000001
ETHFI,-9.96494019
TAO,-9.854763479999999
APE,-9.57687949
EIGEN,-9.236192870000002
kBONK,-8.73915631
TRUMP,-8.5140557
BCH,-8.362673410000001
HMSTR,-7.650897130000001
ADA,-7.40551055
GRASS,-7.387642339999999
ME,-6.986978919999999
SOL,-6.734126629999999
PYTH,-6.40925765
TON,-6.31568406
ALGO,-6.305137019999999
MANTA,-4.318868339999999
TNSR,-3.4350529599999997
BANANA,-3.3998932399999995
IP,-3.2286673599999998
SUI,-3.0791480299999985
LISTA,-2.392898389999999
BSV,-2.1613774299999995
HBAR,-2.064934209999998
ATOM,-1.8965969399999996
STG,-1.734298229999999
FXS,-1.55664908
CFX,-1.1931806199999995
WIF,-1.0749023699999987
CELO,-1.039641179999999
DOGE,-0.9871424999999997
STX,-0.9812170899999991
COMP,-0.8812085499999996
SAND,-0.6563692799999998
