coin,fundingRate_avg_5d
NXPC,-162.74754904
BLAST,-126.95027185999999
KAITO,-58.851106420000015
ZRO,-43.26288352000001
BERA,-42.96624729
BIO,-35.16591916
BABY,-30.860293020000007
IO,-26.79898766
REZ,-25.918431
WCT,-24.94489059
OMNI,-21.12228136
PENGU,-18.45710319
XAI,-16.280818430000007
PYTH,-12.175357560000002
STG,-11.45677695
GMX,-9.25832209
MERL,-7.358071500000001
BCH,-7.165761029999998
MOVE,-6.224116509999999
ETHFI,-4.534366529999999
LAYER,-1.1896401199999997
S,-0.9927196999999998
BLUR,-0.1953487299999998
