coin,fundingRate_avg_5d
TNSR,-193.43475759999998
IP,-108.46270869000001
0G,-77.56630110999998
FOGO,-77.41370921
TRUMP,-73.72974085
ZORA,-69.41251720000001
GAS,-69.21142264
STABLE,-68.68718263000001
BSV,-66.97239073000001
LAYER,-65.88510902
S,-56.46998584999999
CELO,-54.93500901
AVNT,-44.878835609999996
ME,-40.397252460000004
PROVE,-39.27354739999999
POLYX,-37.48953762999999
AIXBT,-34.64015053
kNEIRO,-32.67357214
USUAL,-29.823377660000002
IOTA,-29.211701900000005
SNX,-27.63557569
XAI,-22.506892800000003
kSHIB,-21.525350130000003
STRK,-21.434341760000006
MANTA,-19.73675669
TRX,-19.58218795
BIO,-18.997333119999997
MINA,-18.92225773
MON,-18.885713200000005
ADA,-18.438768510000003
NOT,-17.06177827
ZETA,-16.29859904
APT,-15.868115849999999
KAITO,-15.638149789999998
INJ,-14.736371300000002
SUSHI,-14.498256980000006
ANIME,-14.27467331
AXS,-13.322360569999999
POPCAT,-13.001906629999999
GMT,-12.7567938
MERL,-12.166682970000002
YGG,-11.760685439999998
OP,-11.365822599999998
SOPH,-11.13242846
XRP,-10.80750838
kPEPE,-10.341882259999998
FIL,-9.601193599999998
W,-7.75575725
ETH,-7.1974255099999995
DOT,-7.001524170000001
WLFI,-6.850185679999998
CHIP,-6.7174870099999975
KAS,-6.592914699999999
kFLOKI,-4.7111791
ATOM,-4.242117599999999
STX,-4.094688259999999
ALGO,-3.9128240899999986
ZK,-3.778147119999999
ARB,-3.3553136
DOGE,-3.14846445
MOODENG,-2.7021263899999997
kLUNC,-2.5614816699999996
ALT,-2.0146963399999995
AVAX,-0.9539566999999999
VIRTUAL,-0.8445764199999989
HYPER,-0.7430356099999986
SKY,-0.06834624999999983
MNT,-0.0541090599999979
