coin,fundingRate_avg_5d
ANIME,-845.96233376
SOPH,-662.55123098
POLYX,-527.45959032
SUPER,-301.93416047
0G,-243.48374812999998
ACE,-221.8105657
HMSTR,-185.61763800999998
VVV,-183.50657291000002
RESOLV,-181.73780992
DOOD,-173.96779066
WCT,-153.61233561
ZORA,-153.54344697
MOVE,-140.19796146
TURBO,-117.68077493000001
IP,-112.80150311000001
MOODENG,-105.60853205999999
AVNT,-95.26324435
NIL,-91.87870155
BLAST,-84.29902687000002
USUAL,-81.90138786
2Z,-70.37504409999998
DYM,-64.22720310000001
REZ,-64.214596
IMX,-63.218355509999995
TNSR,-62.470301150000004
YGG,-57.88525072000001
ME,-55.46998513
HEMI,-52.24135719000001
APEX,-52.187343029999994
OM,-52.03720831
BANANA,-50.470418800000004
GMT,-50.38963627
MANTA,-48.232560729999996
IO,-47.05107836
XAI,-46.744586399999996
CELO,-45.79175463
kLUNC,-41.63621721999999
USTC,-38.27641266
BRETT,-36.717865579999994
ZRO,-34.43977501999999
HYPER,-34.05093979
BIGTIME,-31.918322169999993
MORPHO,-26.16407965
SEI,-25.27781804
KAITO,-25.248885950000002
GMX,-24.56522416
PROMPT,-24.3321848
MEW,-22.71304626
MERL,-22.5571898
ATOM,-21.582055800000003
BSV,-21.570280900000007
COMP,-21.514349759999998
SYRUP,-21.358975100000002
WLFI,-20.972960590000003
FIL,-20.97197509
PROVE,-20.57619756
PNUT,-20.03998993
JUP,-19.81575437
POPCAT,-19.48923778
LAYER,-18.197403500000004
BLUR,-18.17543415
RSR,-18.09263536
UMA,-18.02326711
NXPC,-17.838330369999998
CAKE,-17.3401937
TRUMP,-16.25699634
kFLOKI,-15.564705220000002
JTO,-15.24814802
ZK,-15.18280937
ZETA,-14.88271951
AR,-14.810037789999999
ALGO,-14.355410580000003
kSHIB,-13.947274879999998
MEME,-13.93229017
SKY,-13.777202400000002
DOT,-13.741736080000003
FET,-12.93476196
MELANIA,-12.682178309999996
GOAT,-12.48694711
NEO,-11.36248869
MAV,-11.04365535
POL,-10.61669149
STRK,-10.55041698
EIGEN,-10.222406079999999
APT,-9.871205999999999
FXS,-9.620642259999999
OP,-9.30318862
XLM,-9.20838133
LINEA,-8.89776487
STX,-7.984194689999999
BERA,-6.526719759999998
TIA,-6.007979569999999
AIXBT,-5.738010969999997
ONDO,-5.69860995
kNEIRO,-5.204954019999999
W,-4.64824288
BCH,-4.63500871
PYTH,-4.506342559999999
ENA,-4.0159855
SUSHI,-3.73324263
S,-3.2810674900000003
kBONK,-2.29915836
ETC,-1.92561955
PENGU,-1.61222325
SAND,-1.43202056
NOT,-1.2254845799999978
TAO,-0.9884878899999997
ICP,-0.26878307999999895
