coin,fundingRate_avg_5d
OMNI,-152.27813007272727
SUPER,-59.36546011239671
GMX,-58.53847629421487
BERA,-42.606583933884295
SOPH,-29.022939887603307
REZ,-28.7285264231405
HYPER,-26.034825699173556
BLAST,-22.38728332561984
IP,-15.871951517355368
TRUMP,-6.113078399999998
PROVE,-1.601029001652892
