coin,fundingRate_avg_5d
OMNI,-268.00556794999994
MERL,-163.02248602
KAITO,-125.14948669000003
BLAST,-52.82360154
BIO,-51.788330869999996
ZORA,-30.582655040000002
MAV,-26.301081669999995
BERA,-24.193373110000003
ME,-20.04502182
PROVE,-12.851490130000004
ENA,-7.62555883
ARK,-5.601077569999999
PYTH,-3.8879719699999993
TRX,-2.4751277799999993
