coin,fundingRate_avg_5d
ZETA,-325.59786748
BANANA,-245.8619976100001
TURBO,-239.85162217999996
STABLE,-212.58693467
XAI,-182.21958364000002
BLAST,-170.47960100000003
ANIME,-170.47754897000002
RESOLV,-151.43544057
0G,-149.34586813
POLYX,-129.47327669
AXS,-106.48491822999999
REZ,-99.63037956000001
IP,-94.05920060000001
NXPC,-70.38943751
ZORA,-59.27794545
IMX,-54.983559850000006
TRUMP,-48.33666749000001
2Z,-48.256731030000005
POL,-37.70308964
AERO,-37.33891673
JTO,-36.120062010000005
MEME,-35.7670362
kNEIRO,-34.59292464000001
STRK,-33.89753028999999
SOPH,-33.52799115
kFLOKI,-32.717039989999996
BSV,-31.07544008
MOVE,-28.344959030000005
kLUNC,-27.646107400000005
LAYER,-26.799670939999995
ALT,-26.43345403
FTT,-26.078434590000008
USTC,-23.67090189
kPEPE,-23.418186109999997
INIT,-22.73699756
S,-22.56618778
MEW,-22.17484354
PYTH,-21.29428615
MANTA,-20.7513742
EIGEN,-20.19600115
OP,-20.0387409
MON,-19.575883670000003
SAND,-18.94302039
ADA,-18.81003264
USUAL,-17.159877859999998
kBONK,-16.97736837
MINA,-16.83502567
APT,-15.651171530000001
BIGTIME,-15.466082949999999
W,-13.698321520000002
BABY,-13.657425460000002
DYM,-13.555353209999998
SPX,-13.29999118
SEI,-12.305099
KAITO,-11.83369712
SOL,-11.545626709999999
MERL,-11.524192449999997
FET,-10.862620459999999
GRASS,-10.568917369999998
ACE,-10.526697819999999
MET,-10.398295199999998
YGG,-9.73062698
ETC,-9.30227101
PNUT,-9.12561685
ZRO,-8.640323799999999
GOAT,-8.487036939999998
LIT,-8.173886649999998
BRETT,-7.751807949999999
SKY,-7.46964908
AVNT,-7.435728169999999
kSHIB,-7.020652359999998
XRP,-6.885314010000001
SCR,-6.78322789
ENA,-6.765980180000001
DOT,-6.4449261799999995
BNB,-6.3496991399999985
APE,-6.346422170000001
COMP,-6.3413559699999995
TIA,-5.94685302
MOODENG,-5.525122529999998
VIRTUAL,-5.46710286
MORPHO,-5.248470049999999
INJ,-5.20943184
BLUR,-5.06600874
AIXBT,-4.765314439999999
NEO,-4.4334491400000005
ASTER,-4.1704111600000005
UMA,-3.9290716999999993
TON,-3.2816361599999992
DOGE,-2.9019967400000004
SUI,-2.87593209
ARB,-2.4534810899999995
PENGU,-1.3492984199999998
PROVE,-1.0617835399999982
BERA,-0.9497548199999989
BTC,-0.6122685200000001
ME,-0.507075519999999
FIL,-0.4483959299999989
ONDO,-0.11869945999999969
