coin,fundingRate_avg_5d
LAYER,-1402.76804891
MOVE,-400.79646614999996
KAITO,-337.8146072799999
REQ,-60.74275907000001
BLAST,-41.719321879999995
ZORA,-39.5494801
GMX,-28.49529158
TURBO,-27.999664649999996
IO,-27.73119839
BIO,-23.936927030000003
TRUMP,-20.428399570000003
PYTH,-18.188040520000005
CELO,-17.68259509
PENGU,-16.875023100000007
VIRTUAL,-16.839872140000004
BSV,-16.100005460000002
MELANIA,-14.101139170000003
REZ,-12.665213110000003
BERA,-12.357786750000004
MERL,-12.336237150000002
SCR,-11.596267540000001
SNX,-11.430747340000002
BABY,-10.970891140000003
ZRO,-10.599424800000001
SEI,-10.418444660000002
AIXBT,-9.68199584
MOODENG,-9.269635630000002
VVV,-9.124701430000002
BLUR,-8.121371179999999
USUAL,-6.79428082
XLM,-6.592018989999997
BCH,-6.412080559999998
JTO,-5.689719279999998
BANANA,-5.476129309999998
ALGO,-4.592730759999998
APT,-4.406496809999999
IP,-3.928249719999998
XAI,-3.6373228199999987
WCT,-3.551160189999998
BRETT,-2.4859478400000006
INJ,-1.5522157899999982
FET,-1.4013685899999992
DYM,-0.791302479999999
W,-0.06506051999999965
