coin,fundingRate_avg_5d
OMNI,-285.49123897
GAS,-210.96277227000002
SUPER,-90.15822002999998
BERA,-81.78567264
BLAST,-68.41654900000002
SOPH,-37.06085461999999
MOVE,-37.00301818
OM,-35.06752757
HYPER,-34.041619149999995
BIO,-33.86920045
ENA,-18.004722920000006
SEI,-17.079191690000005
IP,-16.35497037
ME,-15.869970780000004
APT,-12.292402840000001
ZRO,-11.74266612
SYRUP,-7.3444752499999995
PENGU,-4.672139429999998
XLM,-3.64026545
REZ,-3.592186919999999
TRUMP,-3.18703692
KAITO,-2.620807309999999
USUAL,-2.4706302499999997
kFLOKI,-2.3915602999999996
MEW,-1.1002844699999994
DYDX,-0.5352732299999997
W,-0.3926012999999995
