coin,fundingRate_avg_5d
PROVE,-124.03059787438013
OMNI,-68.15889218181817
BLAST,-37.785045183471084
SOPH,-36.450093580165294
REZ,-31.11651617851239
HYPER,-30.4448355768595
SUPER,-25.26093834049587
GRASS,-13.174845252892561
BERA,-13.05976491570248
ME,-10.393711041322314
GAS,-9.826380138842975
VVV,-7.131777352066115
MAVIA,-6.049734912396693
MEW,-2.2997331173553714
ZRO,-1.3562116165289246
