coin,fundingRate_avg_5d
SOPH,-556.7308938
HYPER,-468.53757680999996
ZORA,-134.12104215
BLAST,-128.66657193999998
SYRUP,-117.27152379000003
SUPER,-111.53602329000002
MOVE,-99.84566896999999
MERL,-75.04397591000004
BERA,-69.15287152999998
GRASS,-45.43856894999999
ZRO,-28.900179509999997
OM,-22.40312038
REQ,-18.862838649999997
NXPC,-18.444188030000003
OMNI,-12.764117890000001
GMT,-12.597034030000001
USUAL,-11.550612610000002
REZ,-5.60913531
BABY,-4.440747679999999
