coin,fundingRate_avg_5d
OMNI,-90.36852865000002
HYPER,-47.06034425
REZ,-44.92423284999999
SOPH,-43.829686179999996
SUPER,-41.148772859999994
BLAST,-24.245020609999997
BERA,-24.19616536
PROVE,-12.848273019999997
GRASS,-4.29214961
MAVIA,-0.5256255499999983
ME,-0.30235796999999937
