coin,fundingRate_avg_5d
IOTA,-34.39351489586777
kNEIRO,-29.61074747107438
MOVE,-29.34878220495868
SAND,-28.758727428099167
SNX,-28.61662792066115
STABLE,-25.403968869421487
TRUMP,-24.51020272066116
POLYX,-23.578876442975204
ALT,-22.843118251239673
BIGTIME,-17.67164211570248
ATOM,-16.533623276033055
XAI,-15.045539633057851
BLUR,-14.515474204958677
ANIME,-13.398703795041323
PENGU,-12.709899203305786
kBONK,-12.570291590082645
TRX,-11.699242076033057
ME,-11.557464009917355
STX,-11.246381930578512
AVNT,-9.458326204958677
KAS,-8.884137163636364
NXPC,-8.654423176859506
SUPER,-8.033173388429752
PROVE,-7.76159239338843
OP,-7.438525041322315
UMA,-5.778885847933883
W,-5.565162119008264
MINA,-5.51432588429752
IO,-3.792917107438015
ZETA,-3.617720003305784
0G,-3.496582958677684
HYPER,-3.4782897619834716
NEO,-2.7361729685950413
YGG,-2.470254842975206
CELO,-2.385123570247934
ICP,-1.7327576826446274
ADA,-1.5087753421487602
TNSR,-1.3443400066115698
RENDER,-0.9492697983471063
TIA,-0.16139539834710723
