coin,fundingRate_avg_5d
BLAST,-136.60868359
SOPH,-51.046353030000006
ARK,-50.69333232999999
BERA,-22.757898920000006
UMA,-20.79583704
ZRO,-13.544942680000002
HYPER,-9.919746620000002
FTT,-5.745621219999999
REQ,-4.75856413
