coin,fundingRate_avg_5d
MOVE,-987.8244484800002
LAYER,-170.68439155
VVV,-94.61532555000002
BERA,-66.10202851999999
BIO,-63.35089941999999
BLAST,-57.90872167999999
TRUMP,-52.24388737
USUAL,-51.81571682
VIRTUAL,-49.84840259
IO,-31.461158939999994
REZ,-30.41761298999999
GAS,-29.587459909999996
GMX,-29.354351199999996
ONDO,-23.10496793
BCH,-22.38915986
IP,-21.95830364
SEI,-21.100054319999998
MERL,-20.804826990000002
MELANIA,-18.930022740000002
ME,-18.59129909
ZRO,-18.04662565
BSV,-17.952580479999995
COMP,-16.499999470000006
FET,-15.68760072
TURBO,-15.520467949999999
SNX,-14.814574010000003
PROMPT,-14.679686070000002
WCT,-14.05585143
PYTH,-13.691892410000001
GMT,-12.77061854
SAGA,-12.444778659999999
BANANA,-12.139929200000001
XLM,-11.988346889999999
ANIME,-11.370312100000001
ACE,-10.443466869999998
kSHIB,-10.151544979999999
JTO,-10.019846410000001
BABY,-9.878984149999999
TON,-9.332239699999999
CELO,-8.953704040000002
ETC,-8.49283022
BNB,-8.469590669999999
CFX,-8.38905196
ARB,-7.42461246
SCR,-7.132682539999999
MOODENG,-5.71143678
REQ,-5.04060255
XAI,-4.96012078
OP,-4.879106109999999
POL,-4.08055327
BRETT,-3.9626896599999992
FTT,-3.462706819999999
APT,-3.2715117899999995
PENGU,-3.1573558499999987
SAND,-3.1190585899999994
S,-3.06257265
TNSR,-2.5359740099999994
OMNI,-2.2417737900000003
SUI,-2.2277059599999984
RENDER,-1.8294960699999994
ATOM,-1.8257591999999998
MEW,-1.789920579999999
KAITO,-1.5500462299999997
MEME,-1.5177137999999997
NOT,-1.3665001399999996
DOT,-1.2096129199999996
WLD,-0.6011652199999997
SPX,-0.47162379999999976
kFLOKI,-0.1039804699999998
