coin,fundingRate_avg_5d
SUPER,-1162.8607854
TNSR,-1071.10812784
DYM,-487.07202715
MERL,-483.87306349
RESOLV,-449.60245283
ANIME,-282.52339039000003
LAYER,-227.3351546
COMP,-204.49046232999999
TURBO,-163.17327628
DOOD,-158.25006722000003
OM,-156.02389645
BLAST,-131.93092316
MOODENG,-111.35440878
ZORA,-99.09594729000001
ME,-90.93433121
REZ,-83.85041924000001
BERA,-81.79361504
INIT,-80.50615711
IO,-72.07810344
ZETA,-66.17982900000001
KAITO,-59.85398333999999
IP,-53.62752791
2Z,-52.460139649999995
ARK,-50.588181670000004
ZRO,-50.22979766
ALT,-47.682640049999996
0G,-44.58204462
WLFI,-42.81951655999999
MAV,-41.38735876
AERO,-37.51879457
HEMI,-37.514307259999995
MEW,-36.805196939999995
FET,-34.94294577
WCT,-32.787486449999996
BSV,-29.76368264
APT,-29.47640209
SYRUP,-27.23127687
ATOM,-25.32165235
BABY,-24.226412910000004
DOT,-23.39330771
MEME,-23.17738539
XAI,-22.770237380000005
ENA,-20.919644310000002
SOPH,-19.61679725
AR,-19.44317332
HYPER,-19.17101107
AIXBT,-18.55165279
GMT,-18.40953347
IMX,-17.953552840000004
NIL,-17.54092472
SEI,-16.710970200000006
BRETT,-16.184957020000002
MORPHO,-16.01651828
MINA,-14.717907410000004
VVV,-14.668619270000004
ZK,-13.92694
SKY,-13.20983764
ALGO,-12.81760791
kNEIRO,-12.5729141
kSHIB,-12.067519039999999
FXS,-11.859320850000001
TIA,-11.847887590000001
kFLOKI,-11.74990042
UMA,-11.683783589999997
BIGTIME,-11.537891630000003
MANTA,-11.325400310000001
AVNT,-11.015709489999999
FTT,-10.522318549999996
PROMPT,-9.771061679999999
SUSHI,-9.40182768
GRASS,-9.155268719999999
PYTH,-8.2620378
APEX,-7.975662449999999
kLUNC,-7.9390076899999995
RSR,-7.22007303
GOAT,-7.159445799999998
AVAX,-7.059784739999999
SAGA,-6.6970455499999995
GMX,-6.471569719999999
POL,-5.976817329999999
TRUMP,-5.8979247699999995
BLUR,-5.679576659999999
BIO,-5.443957479999998
EIGEN,-5.095211659999998
NEO,-5.04129605
ADA,-5.038189169999999
TST,-4.790276789999998
BANANA,-4.256578169999999
SAND,-4.1792390500000005
ETC,-3.754700249999999
FIL,-3.1872362099999987
INJ,-2.9490101999999987
JUP,-2.455508299999998
WLD,-2.3329259699999993
CC,-2.2618217799999982
BCH,-2.209207759999999
S,-2.1829606099999994
PROVE,-1.8279981100000002
ICP,-1.5362550699999995
MAVIA,-1.223451529999999
NXPC,-1.0858530999999998
MELANIA,-1.066866529999999
VIRTUAL,-0.9881104799999998
ACE,-0.12792446999999948
