coin,fundingRate_avg_5d
BLAST,-79.0221715
BERA,-30.91941937
ZRO,-27.63857818
MOVE,-24.964942960000002
LAYER,-23.427485579999995
IO,-21.3061669
REZ,-17.1500579
NEIROETH,-14.08291764
BABY,-14.067208039999999
BIO,-5.607522009999999
SOL,-3.1912037599999996
SEI,-3.1792960000000003
BANANA,-2.328657659999999
TRUMP,-2.2285118799999997
WCT,-1.9777539599999987
CELO,-0.42689085999999943
