coin,fundingRate_avg_5d
BLUR,-429.22355164000004
STABLE,-263.63835389999997
DOOD,-262.19450880000005
PROVE,-219.90898942999996
BLAST,-217.05954028000002
SOPH,-199.51771109
REZ,-180.82278193
BANANA,-178.94607603
AXS,-108.34781472000002
0G,-108.02059586999998
POLYX,-104.00260068
MINA,-84.34124204
GAS,-83.851377
TURBO,-83.57131761
2Z,-68.98714328
SUPER,-66.93398980999999
MOODENG,-66.76169374999999
LAYER,-57.770028980000006
DYM,-51.88088319
JTO,-47.08773239
MEW,-41.62762512
MOVE,-41.587157569999995
SAND,-40.840831120000004
MEME,-40.059745719999995
TRUMP,-39.533990960000004
ANIME,-39.45121918
XAI,-38.531727239999995
BSV,-37.15485088
kNEIRO,-36.160612779999994
APT,-36.124986590000006
FET,-32.75025718
NEO,-31.18292674
ALT,-30.7213857
IP,-30.230716199999996
YGG,-27.631246060000002
IMX,-25.402823969999996
ZORA,-25.142490639999995
W,-25.02348823
BIGTIME,-24.843427890000005
MANTA,-24.6863954
EIGEN,-24.553667530000002
HYPER,-23.8998715
AIXBT,-23.82926736
SKR,-22.24649304
INIT,-21.946516329999998
POL,-21.393703390000002
ACE,-21.333852150000002
OP,-21.211139880000005
kLUNC,-20.790325539999998
SEI,-19.901514040000002
STRK,-19.57323961
DOT,-18.49236657
UMA,-18.321467000000005
NIL,-18.04236391000001
BABY,-16.99299475
PYTH,-16.98492168
SOL,-16.93278362
BERA,-16.7901679
RSR,-15.29675799
AERO,-15.030903670000004
CELO,-14.727441940000002
KAITO,-13.953951460000003
USUAL,-13.762678320000003
IOTA,-13.672067799999999
ATOM,-13.623903859999999
S,-13.289305440000001
RESOLV,-13.063504029999999
kPEPE,-12.53139097
STX,-11.98028696
TIA,-11.80605202
FIL,-11.39832731
PENGU,-11.24075681
BRETT,-11.029573650000001
GMT,-10.331219149999999
kFLOKI,-9.95909362
ADA,-9.93270412
XRP,-8.73312432
BCH,-8.66637969
ME,-8.52006433
PNUT,-7.805295779999999
ICP,-7.536898869999999
kBONK,-6.589980829999997
CAKE,-6.44754761
AVNT,-6.10126773
FTT,-5.640626050000001
APE,-5.594874029999999
MERL,-5.557368089999999
kSHIB,-5.543964559999999
JUP,-5.337279659999998
SCR,-5.2306244699999995
HEMI,-5.011530299999994
ETC,-4.950911829999998
VIRTUAL,-4.668474829999999
ZETA,-4.6226812
ENA,-4.5694452199999995
FOGO,-4.514789390000001
TNSR,-4.25213904
TRX,-4.24516827
MET,-4.09411886
ARB,-3.1979759699999986
WLD,-2.9578775099999994
ALGO,-2.6440943099999994
USTC,-2.5127351900000003
SUI,-1.7285523999999997
ASTER,-1.67295049
ARK,-1.2890106399999992
SKY,-0.6610018599999999
ORDI,-0.3066474499999996
INJ,-0.25560657999999997
