coin,fundingRate_avg_5d
OMNI,-655.4444701487603
KAITO,-381.08273183801657
BIO,-103.08246599008264
BLAST,-86.07785443636364
ME,-78.87336112066116
PROVE,-64.96782689256197
ZORA,-29.05278759669421
BERA,-25.02492801322314
MAV,-17.13709316033058
UMA,-4.666091464462808
TRX,-1.5863969057851224
