coin,fundingRate_avg_5d
HYPER,-2300.695700181818
ARK,-109.70573402975207
SOPH,-104.52221253223142
BLAST,-104.35475680661156
RESOLV,-73.68007186115703
MOVE,-69.18693103140497
GMX,-41.03090608264462
OMNI,-14.141973143801653
GAS,-11.927796267768596
ZRO,-7.475471246280991
BABY,-7.104568502479342
USUAL,-5.16288192396694
BCH,-0.45161130247933867
