coin,fundingRate_avg_5d
0G,-419.61112042
SUPER,-101.3132252
BIO,-65.78395583999999
ME,-51.4748477
REZ,-44.83860969
BSV,-33.406676829999995
BLAST,-31.810071199999996
KAITO,-23.562530470000002
MAV,-18.98790371
FTT,-7.2150185099999975
PAXG,-7.124596329999999
BABY,-5.5520763199999985
HYPER,-4.764845049999998
APT,-2.98333918
ZETA,-2.665738079999998
GMX,-1.0980090599999996
RESOLV,-0.8724281099999998
