coin,fundingRate_avg_5d
REZ,-430.40054724297516
MOVE,-179.35044600991736
BERA,-121.9997040892562
REQ,-108.71130751735538
VINE,-99.31948636363637
MAVIA,-95.74878728925621
BLAST,-90.82295748099173
USUAL,-77.14644295537191
MEW,-67.31095314049587
MELANIA,-61.17669798347107
IP,-56.36144616198347
XAI,-55.2743323338843
FTT,-44.319119771900816
LAYER,-37.57693943801653
OM,-34.504178310743804
MORPHO,-31.487974928925617
ZRO,-30.12113620165289
kFLOKI,-27.16527329256198
BANANA,-27.127657418181812
POLYX,-26.68375781157025
RDNT,-25.59335138181818
IO,-24.645162466115707
XRP,-23.8791605553719
VIRTUAL,-21.72134957355372
MANTA,-21.414854548760335
ARK,-21.308849861157025
STG,-20.587133732231408
BNB,-18.551299596694214
SEI,-17.335778647933886
IMX,-17.12858654876033
TRUMP,-16.806448770247933
COMP,-16.659696327272727
ZETA,-15.774292720661158
TURBO,-15.09789981818182
ALT,-13.615191629752067
ADA,-12.42605638016529
W,-12.09347320661157
PNUT,-11.757797970247934
SUSHI,-11.32285962644628
INJ,-11.012489206611571
STX,-10.218042634710743
ENA,-9.685422327272727
ATOM,-9.32030045950413
USTC,-9.224985867768595
FET,-8.621046852892563
TAO,-8.346032806611571
MNT,-8.153215071074381
EIGEN,-8.102778466115703
CYBER,-7.681830059504134
ARB,-7.496451808264464
PYTH,-7.457369176859504
BADGER,-7.430779319008265
DYM,-7.253321990082645
MEME,-7.2160861983471065
XLM,-7.165660452892563
DOGE,-7.037990330578513
TIA,-6.561307328925619
SUPER,-6.554284849586775
MERL,-6.25558043305785
kSHIB,-6.141775725619834
TNSR,-5.659466776859504
AVAX,-5.246673133884297
MAV,-5.242036849586776
GMT,-4.62486589090909
JTO,-4.577209319008264
PIXEL,-4.167958770247934
TST,-4.015141656198346
CELO,-3.5109862809917347
PENDLE,-3.436714512396694
BLUR,-3.1103241520661156
AI,-2.8456997553719003
SUI,-2.735342578512397
S,-2.5965161256198344
SAND,-2.4495197057851246
SOL,-2.4350085123966942
BCH,-2.3730007438016525
KAITO,-2.1456664363636353
NEO,-1.9133548561983464
UNI,-1.346588647933884
OP,-1.2266895867768597
CFX,-1.013604396694215
kNEIRO,-0.7637880198347106
ETH,-0.5009699206611571
JUP,-0.4882382380165286
RSR,-0.36124068099173556
kBONK,-0.049367305785123924
