coin,fundingRate_avg_5d
OM,-794.7911864999999
DOOD,-587.35825039
ZORA,-424.08903386
SUPER,-313.46333517000005
PROVE,-254.15703943999998
IP,-249.16096105
MERL,-242.07305525
MOODENG,-223.76553636000006
BLAST,-213.01958523
YGG,-178.45309754
REZ,-174.98507777999998
GRASS,-142.6660973
UMA,-134.33216909999996
YZY,-128.07535224
MAV,-100.46746983000001
ME,-98.07043744999999
XAI,-97.13264003
APT,-94.51528051
ZETA,-82.09134335
BSV,-81.73930304000001
HYPER,-79.02842030000001
VVV,-72.71508173000001
0G,-65.39759823000001
BERA,-64.91643771
IO,-62.407072930000005
STRK,-55.420272129999994
TIA,-52.80774959
ATOM,-52.44740188
SKY,-42.04616113
BABY,-38.52542661
INIT,-34.27857861
IOTA,-32.32618558
BIO,-32.22171747
MORPHO,-31.571750289999997
RSR,-31.373535580000002
VINE,-29.929864220000002
JTO,-29.699241889999993
TRUMP,-29.163805140000004
2Z,-28.45248365
LAYER,-27.904795310000004
JUP,-26.33081019
BANANA,-25.70943565
STX,-24.99198873
PENGU,-24.746885390000006
WLFI,-24.470893559999997
MEW,-23.25754669
NXPC,-22.90076576
DYM,-22.37001415
RESOLV,-22.07567815
WCT,-21.09953602
DOGE,-21.066065520000002
ENA,-19.649052300000005
kLUNC,-19.460160419999998
VIRTUAL,-19.29294808
S,-18.823767590000003
PYTH,-18.81054875
KAITO,-18.106830210000002
SAND,-16.91740617
SEI,-15.746536540000001
OP,-15.462286950000001
ONDO,-15.302240289999999
WLD,-14.129128099999999
SUSHI,-14.029345860000001
ALT,-13.418751230000002
NEO,-13.195355170000001
NOT,-12.816375670000001
kBONK,-12.809236999999998
AVAX,-11.927305750000002
MOVE,-11.924524450000002
TURBO,-11.782137950000001
kPEPE,-10.96552637
GMX,-10.265443229999999
CELO,-9.946815749999999
SOPH,-9.778558779999997
USUAL,-9.29498999
kFLOKI,-9.20586648
DOT,-8.89688814
GALA,-8.84253161
PNUT,-8.45546955
W,-8.12067476
BCH,-8.059846049999999
AR,-7.639173329999998
MEME,-7.591297740000001
ETC,-7.188590319999999
DYDX,-7.128804049999999
ANIME,-6.851270459999999
GOAT,-6.563193480000001
AVNT,-6.227627809999999
CAKE,-6.175517490000003
MELANIA,-5.981690810000001
FIL,-5.8732843500000005
CFX,-5.190031359999999
POLYX,-4.637224259999999
INJ,-4.15864064
ZK,-2.5022545799999993
IMX,-1.7988148999999993
PROMPT,-1.6131795499999997
BNB,-1.3184734399999998
NEAR,-0.7808758899999987
SUI,-0.4342280899999999
WIF,-0.42022084999999965
