coin,fundingRate_avg_5d
BIO,-582.21650415
YZY,-137.00758990000003
PROMPT,-96.86149905000005
BERA,-88.22016493000001
BLAST,-66.60318009000001
GRASS,-49.39767066
BSV,-47.12930661999999
PROVE,-41.44586753
OMNI,-36.49977078
IP,-29.81297807999999
OM,-29.73884877
SUPER,-25.17105043
MAV,-24.137212750000003
PYTH,-22.876212210000002
HYPER,-21.503904919999997
ZORA,-14.32359718
USUAL,-12.968596730000002
UMA,-10.878817700000003
GMX,-6.644096459999998
SOPH,-6.600089869999998
TRUMP,-6.411210399999999
VIRTUAL,-5.487447229999999
MOVE,-4.45095454
ETHFI,-4.302460859999999
DYM,-2.2075959199999993
MEW,-2.1938354199999996
GMT,-2.151085159999999
REZ,-1.933238559999999
INIT,-1.5096502199999993
WLFI,-1.2355855900000057
kFLOKI,-0.5947244299999999
PNUT,-0.3600316199999988
GAS,-0.23933341999999835
DYDX,-0.15520456999999943
