coin,fundingRate_avg_5d
OMNI,-278.41237203000003
PROVE,-116.40698114000004
SUPER,-68.54355367
GMX,-60.75995057
BLAST,-52.37670941
BERA,-50.5339799
GAS,-43.66109413999999
BIO,-13.75673466
SOPH,-12.725777560000004
IP,-12.679421829999997
MOVE,-12.668409050000001
HYPER,-11.689742579999999
REZ,-10.894595919999999
APT,-5.2860336599999975
OM,-5.122826829999999
TRUMP,-2.5087004800000003
