coin,fundingRate_avg_5d
SOPH,-590.4238819933885
HYPER,-438.52105565950416
SYRUP,-108.85299870743799
MERL,-71.55735010909092
BLAST,-67.28434735537189
BERA,-60.04608894545454
SUPER,-41.910933510743796
UMA,-37.59697667107438
GRASS,-33.48759696198347
RESOLV,-24.07782504793388
ZRO,-22.315441190082648
MOVE,-17.569074823140497
REQ,-12.97784298842975
NXPC,-10.324251480991736
GAS,-4.910514287603304
GMT,-4.7811826611570245
BABY,-1.6860147570247912
USUAL,-1.376686849586775
