coin,fundingRate_avg_5d
MAVIA,-1369.764583923967
REQ,-450.4377846446281
ZRO,-261.0188588826446
BANANA,-205.2089966181818
DYM,-197.91673099834708
OM,-174.39241849586776
MELANIA,-128.4404513752066
BLAST,-121.31968628429753
IP,-110.75827119669421
BERA,-101.00252561652893
REZ,-98.32950862809918
UMA,-81.68894747107439
MOVE,-81.3060565586777
ORBS,-72.77826171570248
MNT,-58.74984278677685
VINE,-45.93531515702479
TRX,-38.87287573884297
GRASS,-30.71879118347108
SEI,-30.663713226446283
USUAL,-30.250247742148762
ARK,-25.94375355371901
ATOM,-22.75182167603306
FXS,-22.301688714049586
VIRTUAL,-21.645031874380166
IO,-21.082079523966947
LAYER,-20.91452968264463
RDNT,-20.74322028099174
MANTA,-16.31418961983471
ALT,-16.086308717355372
TON,-15.170179229752067
IMX,-14.414124624793388
MAV,-13.721229619834714
BADGER,-12.915486267768596
ZETA,-11.715795580165286
ADA,-11.421995315702478
XLM,-10.220582310743803
FTT,-10.102530813223138
CYBER,-9.692381821487604
BNB,-8.835546674380165
HMSTR,-8.250337408264462
COMP,-8.199088512396695
VVV,-7.501086644628098
BTC,-7.179918257851241
KAITO,-6.959213315702477
XAI,-6.273961229752065
TRUMP,-6.060175963636363
SOL,-5.639172535537189
FET,-5.456671328925618
W,-4.707436492561983
JTO,-4.256879285950413
AI,-3.8665590247933874
SUI,-3.7137585619834708
XRP,-3.5551888066115693
kSHIB,-3.4000007008264466
APE,-3.394728773553718
TIA,-3.027003520661156
PYTH,-3.01322425785124
AVAX,-2.7673853553719
UNI,-2.5442645355371902
STG,-2.1591633520661158
ETH,-1.5326705950413222
ETHFI,-1.457856575206612
ARB,-1.4265819272727265
BIGTIME,-0.912209930578512
POL,-0.5319919041322312
SCR,-0.3949239669421485
ETC,-0.34770394710743774
OMNI,-0.3380961818181815
APT,-0.20560226776859483
SUPER,-0.08973932231404903
