coin,fundingRate_avg_5d
0G,-757.15160394
AXS,-749.10010325
YZY,-437.30713729000007
AVNT,-382.33597940999994
RESOLV,-304.68666853999997
LAYER,-230.11450623
BLAST,-218.49119876
MOVE,-185.09773858
ZORA,-143.5475139
KAITO,-133.01103700000002
BERA,-128.32925062
SUPER,-115.46989985
DASH,-114.37308945000001
ZETA,-102.26981647000001
BANANA,-90.25428803
MOODENG,-89.08875397
WCT,-84.46100729999999
FOGO,-52.198942
ANIME,-45.9107658
XAI,-44.023854500000006
MANTA,-41.963547029999994
DYM,-40.056294279999996
FET,-39.89578115
IO,-37.65946484
POPCAT,-34.596585590000004
SOPH,-32.39706054999999
LINEA,-30.374356839999994
REZ,-30.34131996
ACE,-29.346654810000004
MEME,-29.22528063
SKY,-28.48100475
kPEPE,-28.37358598
ATOM,-26.143495110000003
POL,-26.089015940000003
APT,-26.00549153
kFLOKI,-25.87730791
ME,-22.806500130000007
BSV,-21.796072090000003
PURR,-20.905226810000002
ICP,-19.52304262
JTO,-18.8939695
IP,-18.715455300000006
STRK,-18.155795689999998
TRUMP,-17.501193739999998
IMX,-17.435495200000002
SAND,-17.30369443
WLFI,-16.82653285
AIXBT,-15.66588322
MERL,-15.54897007
TRX,-15.212463430000001
BIGTIME,-14.618974159999999
FIL,-14.277120270000001
HEMI,-13.91536804
kLUNC,-13.691720860000002
2Z,-13.525388169999998
GMT,-13.38316446
TURBO,-13.378409239999998
HYPER,-13.28599927
STX,-12.87835413
AVAX,-11.070523000000001
SAGA,-11.010293620000002
EIGEN,-10.577664229999998
S,-10.01951864
DOT,-9.82548318
PYTH,-8.85653374
PROVE,-8.48163348
XLM,-8.10247513
POLYX,-7.980987799999998
VVV,-7.975977079999999
RSR,-7.95181262
CAKE,-7.891254739999999
ETC,-7.8368055000000005
BRETT,-7.735885189999999
SOL,-7.2447696599999984
ZEC,-7.119114759999999
OP,-6.859019409999999
NEO,-6.5939425400000005
LTC,-5.429224619999999
PNUT,-5.328417459999999
ENA,-5.2795936
PENGU,-4.85625857
SEI,-4.392972100000001
YGG,-3.945685769999999
UNI,-3.929848420000001
RENDER,-3.7716318699999993
BABY,-3.7492303599999985
SNX,-3.5263350799999995
SPX,-3.3125151599999993
SCR,-3.09269683
kSHIB,-2.84312005
MINA,-2.4123076299999986
DOGE,-2.39826681
kBONK,-2.31303712
ALT,-1.5449705399999998
ADA,-1.46556114
PAXG,-1.4099964600000001
VIRTUAL,-0.32438863999999984
