coin,fundingRate_avg_5d
BERA,-976.23131045
ME,-552.8018644399999
IP,-406.05469557000004
MOVE,-392.72084261
XAI,-376.95851981999994
BLUR,-343.44586012999997
AVNT,-324.74924321
KAITO,-311.61511752
BLAST,-112.35158002
LAYER,-111.17554783000001
IO,-65.42204812
ANIME,-54.20297085000001
MOODENG,-44.06132613
ZEC,-42.841677170000004
VVV,-41.475202579999994
GMT,-36.973077960000005
BSV,-34.14924597
ZORA,-33.60917518
0G,-33.43495995000001
ACE,-28.49164669
FOGO,-27.087961080000003
WLFI,-24.710185369999994
kLUNC,-22.3769893
ATOM,-21.42695489
STABLE,-21.081159
TRUMP,-19.43704278
USUAL,-18.19905695000001
TURBO,-18.19382212
MEME,-15.022548089999999
POLYX,-14.066722590000001
FIL,-12.218231920000001
WCT,-12.21263282
AERO,-12.020241319999998
EIGEN,-11.7938654
REZ,-11.733855750000002
DYM,-10.24577849
kFLOKI,-9.56788589
MEW,-8.368193669999998
SAND,-7.996995239999998
MELANIA,-7.990831119999998
IMX,-7.705819409999998
APT,-7.327369890000001
ADA,-7.26905895
AIXBT,-7.160192589999999
kNEIRO,-6.988303139999999
PURR,-6.961174879999995
ZRO,-6.895001109999998
kBONK,-6.856406739999999
SUPER,-6.11429969
FTT,-5.492864560000002
BRETT,-5.317226559999999
RENDER,-5.062722279999999
POPCAT,-4.72972329
TNSR,-4.35741964
XLM,-4.0291926600000005
JTO,-3.71667601
PNUT,-3.39712581
GMX,-2.5226376399999997
BCH,-2.48863716
NEO,-2.2360921999999994
LINEA,-1.9972252499999994
RESOLV,-1.380510299999998
BABY,-1.3190691199999998
NOT,-0.7576158999999995
AVAX,-0.5342212999999997
RSR,-0.2557540399999993
SKY,-0.21688518999999884
2Z,-0.1333469099999998
