coin,fundingRate_avg_5d
BIO,-277.11471381
OMNI,-139.03062576
BLAST,-65.59161909
PROVE,-43.79753625
ME,-39.848601249999994
TRX,-37.80293539000001
YZY,-35.76293067999999
MERL,-32.529648259999995
BERA,-31.39272435999999
WLFI,-19.28093739
MOVE,-11.56627695
USUAL,-6.345340309999998
UMA,-6.345178979999999
KAITO,-6.24985047
OM,-0.39933627999999965
SUPER,-0.2744851099999987
