coin,fundingRate_avg_5d
GMT,-543.35870854
ANIME,-395.62875381
AVNT,-376.45174214
HYPER,-309.9266508799999
POLYX,-276.38359399
VVV,-143.89279441000002
IP,-142.05042625
0G,-141.93546074
BLAST,-130.47913128000005
FTT,-74.13394258000001
BERA,-71.94603475999999
REZ,-58.59485378999999
TNSR,-47.267158359999996
ZETA,-37.26983026
CELO,-34.18867691999999
kLUNC,-27.50815127
FOGO,-23.57379364
MOVE,-22.75968304
MEW,-21.456602380000003
AR,-21.422831120000005
WCT,-20.415791740000003
TRUMP,-17.008534260000005
IO,-16.67950063
XAI,-16.550129300000002
FET,-15.473341340000008
ZORA,-15.392432519999998
GMX,-14.13893273
ATOM,-12.46116205
ACE,-12.031013929999999
SUPER,-11.27598953
SCR,-11.143877779999997
USTC,-9.88853766
SKY,-9.517966300000003
MEME,-8.590159660000001
PROVE,-8.46249507
2Z,-7.838983819999999
STRK,-7.649302809999999
NOT,-6.421376379999999
SAND,-6.08627937
BABY,-4.532856159999999
WLFI,-4.254664109999999
BIO,-3.60970692
EIGEN,-2.86266288
ZK,-2.848458539999999
TURBO,-2.7651239299999992
ETC,-2.23541257
BSV,-2.0309877499999986
SOPH,-1.8685934099999995
MOODENG,-1.692697719999999
IMX,-1.6501328799999988
APT,-1.52290775
MINA,-1.157532529999999
MON,-0.654707799999999
ZEN,-0.3915099499999997
STX,-0.1718879899999999
BIGTIME,-0.0834995900000016
