coin,fundingRate_avg_5d
DOOD,-498.0944008100001
0G,-239.33553116
REZ,-84.57575746
KAITO,-51.91436537
BLAST,-42.042287019999996
CELO,-36.16687763999999
APT,-32.921737830000005
BIO,-12.275700440000005
MAV,-6.534729319999999
