coin,fundingRate_avg_5d
POLYX,-231.3092819
CHIP,-173.47685617000002
STABLE,-79.91409207
WLD,-40.75446117
BSV,-39.94779584
kLUNC,-32.749430090000004
APE,-30.240685810000002
0G,-29.837061510000005
SAGA,-26.354284800000002
HYPER,-23.39413188
BIO,-21.43584337
COMP,-21.216230899999996
SKY,-17.5407101
POL,-16.354183430000003
TRUMP,-14.9056218
APT,-14.821343299999997
MON,-13.45777703
AXS,-13.24817943
BCH,-13.193195829999999
MOVE,-12.387951079999999
INJ,-11.939804809999998
W,-11.771297450000002
EIGEN,-11.453485380000002
TURBO,-10.26683826
JTO,-10.052394190000001
ATOM,-10.049941389999999
BANANA,-9.965497179999996
MINA,-9.2887828
BLUR,-9.02307156
kSHIB,-8.256713179999998
SAND,-7.943749040000002
ICP,-7.7332126599999995
PENGU,-7.43744221
CAKE,-6.92642469
ALT,-6.433747689999998
BABY,-6.0732349999999995
INIT,-6.000572989999998
DASH,-5.322651189999999
PYTH,-5.10454763
NOT,-4.156587149999999
SEI,-3.9429008199999998
2Z,-3.8255365300000004
PROVE,-3.286262169999999
AERO,-2.9478611799999985
STX,-2.6625246199999997
SOL,-2.2377551399999995
BLAST,-2.003833209999999
ANIME,-1.819597999999999
GALA,-1.6478209699999993
SUI,-1.6056671200000003
XRP,-1.28356557
BERA,-0.6578862199999996
MEGA,-0.5779979399999988
