coin,fundingRate_avg_5d
GAS,-1325.1881742644628
MOVE,-255.53727150743802
MELANIA,-203.53421638016525
BLAST,-178.80544369586778
USUAL,-172.57981232727272
ARK,-149.9950047570248
REZ,-120.86898862809917
IMX,-87.06949367603306
GMX,-73.53577221818182
SUPER,-63.965925421487604
BERA,-63.63597603966943
LAYER,-48.75871528264462
VIRTUAL,-47.99535874710744
DYM,-38.57265967933884
ZRO,-34.2688847107438
SPX,-30.94115762975206
BADGER,-28.842935642975203
OMNI,-27.716188244628103
POLYX,-22.158197018181816
BANANA,-21.499506555371898
AVAX,-18.030250452892556
TAO,-16.20719454545455
SEI,-15.315648803305784
INJ,-14.587861487603304
CELO,-14.426159127272724
FET,-14.406402069421485
NEO,-14.27269116694215
CYBER,-12.439790757024793
XRP,-12.114000565289256
ANIME,-11.733193229752066
ETHFI,-10.7677181553719
ONDO,-10.407821880991735
BCH,-10.378864651239669
PYTH,-9.56518517355372
APT,-9.19193243305785
ME,-8.852201533884296
ETH,-7.674000357024791
HMSTR,-7.2892973553719
OM,-7.202231642975207
IO,-6.124758882644627
kSHIB,-6.001970469421487
BNB,-5.992541523966942
VVV,-5.885217768595041
kFLOKI,-5.687427828099174
IP,-5.259949963636362
ZETA,-4.6243446347107415
TURBO,-4.555740803305785
EIGEN,-4.391962829752065
GMT,-4.266028780165287
MORPHO,-3.8821416892561977
XLM,-3.8038330809917356
MANTA,-3.7135565752066095
JTO,-3.5989685355371903
APE,-3.3783620528925606
SOL,-3.128548571900826
ALT,-3.0625003438016534
CATI,-3.0222666049586775
PIXEL,-2.734207398347107
XAI,-1.688332175206611
ALGO,-1.4439122479338835
ATOM,-1.3136973818181812
FXS,-0.48938210578512326
LISTA,-0.4134408694214876
SCR,-0.40632355041322327
