coin,fundingRate_avg_5d
SUPER,-1721.9755133851238
RESOLV,-1116.3380445520663
TNSR,-1012.2571948462809
TURBO,-605.2551592661158
MERL,-567.212626552066
DYM,-399.6439606413223
BANANA,-296.9505928561983
ACE,-285.8567999900825
OM,-278.74408106776855
COMP,-277.2852514809917
ALT,-132.68984629090912
ZORA,-126.0490314644628
DOOD,-120.49870198016532
ARK,-107.44710847933885
MEME,-92.00589050578512
MOODENG,-86.83961100495867
REZ,-81.67712291900827
IO,-79.18352159008263
0G,-78.32538330247934
KAITO,-77.18719505454546
BLAST,-70.95773100495869
ZETA,-60.93925130578513
IP,-60.71601537520661
ME,-55.492354254545454
ZRO,-53.02057546115702
MEW,-51.839146115702476
LAYER,-48.64805041983471
BERA,-47.42044429090909
APT,-45.7655412892562
AERO,-44.66977750413223
FET,-41.2826713785124
XAI,-37.013454247933886
BRETT,-32.576297057851235
BABY,-32.38751978181818
UMA,-30.988841712396685
ATOM,-29.58331419173554
IMX,-29.573909861157027
MINA,-29.394301626446282
HYPER,-27.112247057851242
WLFI,-26.071861676033063
ANIME,-25.867627705785125
BSV,-25.689371841322313
GRASS,-24.221678003305787
AIXBT,-23.64103914049587
MAV,-22.835735960330577
WCT,-21.618505725619837
HEMI,-21.6145666214876
SEI,-19.66126471735537
FXS,-19.626473038016528
AVAX,-19.550928535537192
TRUMP,-19.363599917355373
kNEIRO,-18.707383249586776
DOT,-18.276719930578516
2Z,-17.163236330578517
GMX,-16.985493758677688
BIGTIME,-16.862182641322317
TIA,-16.73274531570248
INIT,-16.17917992066116
VVV,-16.086753233057856
AR,-16.072297785123965
ZK,-15.897599494214878
GOAT,-14.293267031404962
SYRUP,-14.003096737190083
PROMPT,-13.656961626446279
INJ,-13.452558247933883
ENA,-12.466685404958678
kFLOKI,-11.60466520661157
ADA,-11.192444945454545
GMT,-10.92547634380165
kSHIB,-10.208281388429752
PYTH,-9.675790671074381
PROVE,-9.563423038016527
MANTA,-9.54538467768595
EIGEN,-8.14739003305785
BIO,-8.103065157024794
JUP,-7.754791447933884
MORPHO,-7.441803887603306
FIL,-7.152490046280992
ALGO,-6.558155176859504
SUSHI,-6.532836604958678
ETC,-6.5263976429752075
SAND,-6.512637927272727
GAS,-5.990316773553718
AVNT,-5.982217031404958
BCH,-5.776453319008263
CC,-5.619199011570247
WLD,-3.981803702479339
SPX,-3.555730333884297
POLYX,-3.281443150413222
ICP,-3.1796664297520656
W,-2.7407918776859495
BLUR,-2.5729995074380163
RSR,-2.5578780099173546
STX,-1.7418420198347107
kLUNC,-1.550889947107437
NXPC,-0.6075016561983468
POL,-0.27167873057851133
PENGU,-0.21586594710743798
SKY,-0.08874241983471035
