coin,fundingRate_avg_5d
MELANIA,-426.69285262809916
BLAST,-195.35704669090913
MOVE,-145.1833358479339
BANANA,-127.94579082644628
BERA,-118.97238491900823
REQ,-114.46305836033058
USUAL,-97.58476600661157
LAYER,-84.38348510082646
REZ,-79.87828225785124
SEI,-64.63370818512398
JELLY,-63.74731925950413
KAITO,-55.12838277024793
IP,-42.48303245950413
TIA,-40.90516316033058
COMP,-33.56333621157025
DYM,-31.09263033719008
ARK,-28.5315639768595
ATOM,-28.290166611570243
RDNT,-24.403165656198347
MNT,-22.54945192066116
USTC,-21.2657122909091
CELO,-21.158869249586775
MAVIA,-21.044041576859502
STG,-20.963419894214876
XRP,-20.6348808
TNSR,-20.42296988429752
XLM,-19.298678181818183
MAV,-18.578926899173553
IO,-17.64356016198347
VIRTUAL,-16.90144409256198
ADA,-16.85150847272727
EIGEN,-14.973061854545453
MERL,-14.314013028099172
ORBS,-14.287917639669422
FET,-14.008952181818186
BLUR,-13.948603745454546
MANTA,-13.8193655107438
APT,-13.75673440661157
ENA,-13.176878152066115
IMX,-13.101889656198349
APE,-12.247599252892561
TRX,-12.008840023140495
ZETA,-10.205310228099176
STRK,-9.943717804958677
ALT,-9.764016178512396
W,-9.485468449586778
UMA,-9.408317464462812
ONDO,-9.229331841322313
OMNI,-9.181126502479339
BNB,-7.922580198347108
SAND,-7.66166178842975
PIXEL,-7.6098286512396704
PNUT,-6.8681990876033066
TRUMP,-6.812605666115701
ZRO,-6.487509034710744
SPX,-6.060162932231405
ME,-6.014765137190081
DOT,-5.895198376859503
POL,-5.601380737190083
VINE,-5.461164267768594
CFX,-5.3778139537190075
PENGU,-5.368207636363635
kSHIB,-5.313357004958676
SOL,-4.539759957024794
GRASS,-4.44174134876033
RUNE,-3.4857068033057836
NOT,-3.1246181553719
kLUNC,-2.8160048033057845
ETC,-2.704034628099173
ETHFI,-2.4015532760330576
JUP,-2.0779588760330574
INJ,-1.8926675008264462
BRETT,-1.891981180165289
BSV,-1.6880266611570247
CYBER,-1.2154109057851243
kBONK,-1.164793309090909
AVAX,-1.1120631768595037
ETH,-0.8905749024793387
JTO,-0.8309895272727269
GALA,-0.701032393388429
TURBO,-0.6706576363636361
PYTH,-0.3425348231404956
BCH,-0.3362377586776856
