coin,fundingRate_avg_5d
REZ,-382.11395179834705
MOVE,-176.99273110413225
BERA,-120.60891436363636
REQ,-108.55058540826448
BLAST,-107.11432114710745
MAVIA,-99.82384010578514
VINE,-97.5377870677686
MEW,-82.21513822809916
USUAL,-77.8597849586777
MELANIA,-61.862596571900816
XAI,-56.53972446942148
IP,-54.99226178181818
FTT,-44.01544315041322
OM,-38.03043305454545
LAYER,-30.428195920661157
MORPHO,-30.09464190743802
ZRO,-28.577923923966942
kFLOKI,-26.251166568595043
RDNT,-24.85140616859504
IO,-24.109751990082643
ARK,-22.45519214876033
VIRTUAL,-22.434724155371903
POLYX,-22.203611464462814
XRP,-21.54684168595041
STG,-21.370488406611575
BANANA,-21.113338968595038
BNB,-20.517728469421485
MANTA,-20.37224152066116
IMX,-20.173098485950415
ZETA,-19.86714281652893
TRUMP,-18.47864299834711
SEI,-17.45111309752066
ALT,-16.430759880991737
TURBO,-15.516260766942148
COMP,-15.494142128925617
ADA,-14.153463223140493
INJ,-12.018789500826447
ENA,-11.674312274380165
MNT,-11.335699180165292
W,-11.015807871074378
SUSHI,-10.839303282644627
STX,-10.611289170247932
PNUT,-9.872659001652893
USTC,-9.115779798347106
EIGEN,-8.893704386776859
FET,-8.546055461157023
ATOM,-8.417390608264462
PYTH,-8.263725004958678
ARB,-7.764089355371904
DOGE,-7.5673194842975215
TAO,-7.5244157553719
MEME,-7.2160861983471065
TIA,-7.11261394710744
SUPER,-6.783965533884297
DYM,-6.158369047933885
BADGER,-5.947460102479339
XLM,-5.617505652892562
kSHIB,-5.521852244628101
CYBER,-4.982692343801653
JTO,-4.73709452231405
MAV,-4.597344287603304
PIXEL,-4.443923385123966
MERL,-4.329628552066115
AVAX,-4.142622099173554
TNSR,-4.131824856198347
GMT,-3.242417712396694
AI,-3.065462816528925
BLUR,-2.763811854545455
SOL,-2.6003886247933887
PENDLE,-2.3924074016528922
BCH,-1.8865427404958675
NEO,-1.67448413553719
TST,-1.5644491239669416
CELO,-1.4404791966942145
SAND,-1.3402821719008269
SUI,-1.109058714049587
S,-1.0095313586776857
kNEIRO,-0.7910193123966943
OP,-0.7848677652892562
KAITO,-0.71276789752066
CFX,-0.5156273553719007
kBONK,-0.4808957652892565
ETH,-0.29879491239669415
UNI,-0.2848223504132229
RSR,-0.01461327272727255
