coin,fundingRate_avg_5d
0G,-435.14114041999994
SUPER,-424.70061252999994
KAITO,-67.15529588000001
BIO,-65.81000954
ME,-61.37181832
REZ,-43.73047041999999
BSV,-38.78331735999999
BLAST,-24.02124714
PROVE,-20.780536970000007
MAV,-10.53824715
BABY,-6.753854879999998
RESOLV,-5.661072619999998
ZETA,-5.639332489999999
HYPER,-4.867179369999999
BERA,-4.039054229999999
FTT,-3.2297608999999983
GMX,-1.1038140199999997
PAXG,-1.0232344299999991
TRUMP,-0.47685497999999876
OM,-0.3210569199999982
