coin,fundingRate_avg_5d
BLAST,-104.54489296859504
SOPH,-61.74313261487602
ARK,-50.18388330247934
UMA,-31.196593438016524
BERA,-27.139456631404965
HYPER,-9.567677791735537
ZRO,-8.187798971900827
REQ,-1.459345051239667
