coin,fundingRate_avg_5d
SUPER,-420.23231903000004
0G,-407.85124162999995
KAITO,-254.12264768000003
PROVE,-81.10901374000001
ME,-64.33834121999998
BIO,-52.951628940000006
REZ,-48.13009428
BSV,-42.45340476999999
BLAST,-26.669911980000006
OM,-18.92677205
MAV,-10.970324660000003
BERA,-10.026298149999999
BABY,-9.46531505
RESOLV,-7.739257789999997
ZETA,-7.240716699999998
HYPER,-5.333042009999999
TURBO,-5.065952529999999
TRUMP,-4.127655059999999
TIA,-3.0895950599999993
kFLOKI,-2.4871567199999998
MEW,-1.6284460399999994
