coin,fundingRate_avg_5d
BLUR,-847.497075431405
STABLE,-604.3189520033058
REZ,-308.89007612231404
DOOD,-271.06963257520664
GAS,-214.111119292562
POLYX,-173.76504177520664
MINA,-143.38560937190084
BLAST,-138.95951874049587
PROVE,-128.0522755041322
0G,-105.17317537190081
HEMI,-99.9033135768595
ALT,-83.7775276661157
SOPH,-80.67584043966943
BANANA,-75.68227845619835
TURBO,-73.73462494214877
2Z,-65.03344363636364
DYM,-64.96015646280992
JTO,-62.060854195041316
MOODENG,-53.606669414876045
ZORA,-51.344491358677686
TRUMP,-50.953083699173554
FTT,-45.20485205950414
AXS,-41.68909338842975
LAYER,-37.033849844628094
kNEIRO,-36.351441500826446
FET,-34.77566953388429
BERA,-33.793732175206614
MOVE,-33.69452626115703
MEW,-32.639156935537194
MEME,-29.960091927272725
SEI,-29.322467454545453
IO,-27.983468876033054
AERO,-27.364759487603305
ANIME,-27.211429804958676
EIGEN,-26.176018799999998
APT,-25.800398687603305
AIXBT,-25.74074960330579
YGG,-24.831731642975207
HYPER,-24.602981256198348
DOT,-24.36501983801653
IOTA,-24.013614971900825
BSV,-23.670060079338846
INIT,-23.657085143801655
RESOLV,-23.464446228099177
STRK,-23.152483804958678
W,-23.080818317355373
MERL,-21.77787112066116
NEO,-21.670793514049585
IP,-21.339112403305787
kFLOKI,-19.538352505785124
IMX,-19.13352901487603
SUPER,-18.651979507438018
KAS,-17.45300265123967
BABY,-17.40147575206612
S,-16.80244450909091
AVNT,-15.388557342148761
RSR,-15.132382363636362
SAND,-12.537264942148761
OP,-12.488137993388431
ZETA,-12.399732218181816
KAITO,-12.304522601652895
XAI,-12.205592519008265
MANTA,-11.464596426446281
kLUNC,-11.291186796694213
SCR,-10.846203411570247
CELO,-10.725850423140496
USUAL,-10.089509543801652
UMA,-10.086813490909089
POL,-9.88705146446281
TIA,-8.284848912396694
ENA,-8.059344069421488
ATOM,-7.802920046280992
PENGU,-6.675794737190082
APE,-6.596835282644628
CAKE,-6.298350228099173
ACE,-5.231277252892561
BTC,-5.17816414214876
BRETT,-4.756522899173553
VIRTUAL,-4.223054826446281
SOL,-4.18434214214876
BIGTIME,-3.8182624661157014
XRP,-2.8084458644628096
ADA,-2.4369284727272724
kSHIB,-1.9156585190082638
DASH,-1.7158139603305775
TNSR,-1.6984011074380148
SKY,-1.5938762082644629
WLD,-1.4489800165289248
TRX,-1.1447191537190087
ASTER,-0.6686732429752066
PYTH,-0.5222987107438012
HBAR,-0.4736452363636362
GMT,-0.33271927933884227
ALGO,-0.32564901818181763
ETHFI,-0.08160627768595015
