coin,fundingRate_avg_5d
HYPER,-346.8171831669422
YZY,-258.9626595570248
STABLE,-233.8388984727273
SKR,-170.23003427107443
CHIP,-134.21271437355375
BLAST,-109.20867208264464
AXS,-87.28243552066115
APE,-80.92249814876031
BIO,-75.85687466776862
TRUMP,-52.424048419834705
kNEIRO,-32.65744506446281
COMP,-31.481160952066112
2Z,-31.334499004958673
REZ,-29.707370271074378
AVNT,-29.490529140495866
MORPHO,-28.55777158016529
AZTEC,-27.408257593388434
ALT,-25.649902611570244
TRX,-25.062841438016527
0G,-23.361438039669423
BANANA,-19.181193550413223
INJ,-18.466518
BABY,-18.0410035338843
MINA,-17.54795525950413
BLUR,-17.404200763636364
USTC,-15.553718092561988
kLUNC,-14.368970082644628
WLD,-13.575226482644629
JUP,-13.245783153719008
EIGEN,-12.209311537190084
STRK,-12.075733120661157
CAKE,-11.643304046280992
POL,-10.67080866446281
JTO,-10.369151910743803
XAI,-10.116976849586775
PROVE,-10.045001504132232
PNUT,-9.591882178512398
UMA,-8.977489080991734
AERO,-8.7233694446281
DYM,-8.67557387107438
S,-8.650972750413223
MOVE,-7.5751224
MET,-7.538793738842976
WLFI,-7.242617414876031
W,-6.510366842975207
TIA,-5.8663627735537185
MON,-5.308676558677685
ZK,-4.919503785123966
DOT,-4.632620300826445
KAITO,-4.400402112396693
SNX,-4.066700409917354
BERA,-3.3837831173553705
SUI,-2.896160251239669
IMX,-2.7462889586776855
ACE,-2.406314082644628
INIT,-2.003620502479338
NOT,-1.9785183966942137
MERL,-1.4589960991735533
USUAL,-1.4112924694214861
GMX,-1.1138622347107432
SOL,-1.0456848198347106
TAO,-0.8126210380165284
SAND,-0.5623080198347095
