coin,fundingRate_avg_5d
0G,-434.6589410677686
SUPER,-78.13575898512397
BIO,-65.8229578214876
REZ,-51.01046459504132
ME,-43.685309880991724
BLAST,-37.56906846942149
BSV,-23.915196009917356
KAITO,-19.54406967272727
MAV,-10.086889507438016
PAXG,-6.92221643305785
APT,-6.556952667768595
BABY,-1.6292897752066084
GMX,-0.9050984033057848
HYPER,-0.7162226677685948
ZETA,-0.7009281421487589
CELO,-0.19638399669421264
