coin,fundingRate_avg_5d
OMNI,-1057.5918040799997
SUPER,-122.03542276000002
SOPH,-118.61174174000003
BERA,-79.65958049
ZORA,-70.48498428999997
FTT,-56.73930329
MOVE,-53.47756693
BLAST,-51.015206850000006
HYPER,-44.53422013
ZRO,-25.47975137
GRASS,-20.48504684
DOOD,-15.10649006
USUAL,-9.759361239999999
OM,-7.46033793
REQ,-7.45651565
VINE,-6.96012367999999
KAITO,-5.44750528
BIO,-3.0509021399999994
ME,-2.1492024899999995
REZ,-1.4043754599999982
ENA,-0.8363040599999981
