coin,fundingRate_avg_5d
OMNI,-996.9446931272727
ZORA,-147.7962700958678
SOPH,-145.73625329256197
SUPER,-130.71151322975206
BLAST,-123.12982372561981
MOVE,-105.60128743140497
HYPER,-84.9177806677686
BERA,-72.39271529256197
FTT,-56.234204628099164
ZRO,-25.59757283305785
GRASS,-22.756743927272726
OM,-20.651495117355378
DOOD,-14.567373947107436
USUAL,-11.942411712396694
REZ,-6.60322935867769
REQ,-6.22850189752066
VINE,-4.819878694214868
KAITO,-3.4286524165289256
