coin,fundingRate_avg_5d
OMNI,-161.39619786000003
SUPER,-60.27112213
GMX,-59.40649991
BERA,-44.22969989999999
REZ,-27.61482033
SOPH,-26.4545795
HYPER,-25.911341240000002
BLAST,-22.891727630000002
IP,-16.053774559999994
PROVE,-7.493209830000002
TRUMP,-6.72460524
GAS,-0.9857810499999972
