coin,fundingRate_avg_5d
BLAST,-198.09068080999998
0G,-187.58184098
TNSR,-186.69705324
BLUR,-184.92615937999997
TRUMP,-163.35010053
STABLE,-134.80958325999998
YZY,-134.74357739
POL,-81.02928678999999
AXS,-76.62502159
REZ,-74.38839138000002
JTO,-73.05214244000001
MINA,-70.11380922000001
DYM,-68.19049574
DOT,-60.42235915000001
FET,-59.69532732999999
COMP,-58.392036430000005
BERA,-48.733008579999996
IMX,-44.12142703
TURBO,-43.330862579999994
APT,-40.21731476
GAS,-39.05430796
EIGEN,-38.2243184
WLFI,-35.61826731
NEO,-35.505690359999996
W,-34.29638622999999
SUPER,-32.05013097
2Z,-30.7297369
STX,-26.80551094
DASH,-26.498532069999996
ALT,-26.258857740000003
MOVE,-25.867040460000002
SEI,-25.483174339999998
BSV,-20.765182879999998
OP,-20.15626652
HYPER,-19.45414522
SAND,-18.852311320000002
IOTA,-18.12404799
IP,-18.08133277
HBAR,-16.85020091
STRK,-16.30818394
kNEIRO,-16.10717187
PROVE,-15.838408499999998
kLUNC,-15.759954669999999
ARK,-15.345723469999996
XAI,-14.70566604
BABY,-14.4726953
ZETA,-14.414401880000002
GMT,-14.409105
POLYX,-14.346806800000001
ICP,-13.857824330000003
APE,-13.10333575
RESOLV,-13.072902050000001
AVNT,-12.175236379999998
S,-11.41788985
KAITO,-10.93310123
IO,-10.31704912
ARB,-8.468978199999999
USTC,-8.001576719999997
ADA,-6.628243779999999
AIXBT,-5.8792440699999995
BANANA,-5.806732439999998
JUP,-5.37763333
MEW,-4.510816729999999
INJ,-4.10512726
XLM,-3.5255539799999998
kSHIB,-3.3436343299999995
TIA,-2.80387087
ANIME,-1.8266476099999995
SUSHI,-1.7618017099999994
TST,-1.7032476799999992
PENGU,-1.5580229399999999
USUAL,-1.1475439399999992
NOT,-1.122569179999999
ZEC,-0.982345669999998
ME,-0.4099679999999994
SUI,-0.31800844000000006
