coin,fundingRate_avg_5d
HYPER,-2285.93181193
SOPH,-135.75036784
BLAST,-122.59058338000001
ARK,-111.39715685
MOVE,-103.09613413000002
GMX,-87.65302063000001
RESOLV,-68.88152615000001
CELO,-49.48199149999999
IP,-24.357733340000003
ZRO,-23.31296391
IO,-16.942345160000002
OMNI,-12.08125326
BABY,-11.14277402
BSV,-10.441625079999998
GAS,-9.180013529999998
MOODENG,-6.892496480000002
MERL,-5.086955359999997
DYM,-4.458772839999998
BCH,-4.15199399
W,-3.8135579599999994
TURBO,-2.709627869999997
VVV,-1.769440430000001
