coin,fundingRate_avg_5d
TNSR,-1299.26892339
LAYER,-857.2774330400001
DYM,-601.70328913
0G,-497.58243137000005
SUPER,-288.73721025
MAV,-277.09686165999995
ZORA,-273.76081932999995
XAI,-227.22599332
2Z,-152.05209128
ME,-138.20108514999998
OM,-136.19442976
BSV,-113.87825749000001
BLAST,-106.88106295
REZ,-103.34800238000003
WCT,-102.34130902000001
MOODENG,-102.24837053
DOOD,-87.19199351
MOVE,-76.53380882
ANIME,-70.96810121
BABY,-69.59971620999998
RESOLV,-66.54338725000001
BERA,-59.142999839999995
ZRO,-56.733253780000005
MEW,-49.659698320000004
WLFI,-47.17922548
KAITO,-46.43213326
IO,-44.306957260000004
IP,-44.27173914
APT,-44.13418305
BIO,-43.840545660000004
CC,-41.42555017
NIL,-37.26152797
YZY,-37.02891566000001
AVNT,-36.108131619999995
ZETA,-35.62069820999999
MANTA,-35.492083889999996
ARK,-32.77912721999999
GMX,-30.480590819999996
ZK,-26.28014089
FXS,-25.66179001
TURBO,-25.458870450000003
ATOM,-24.87372581
USUAL,-24.53493938
AR,-21.296244010000002
STRK,-20.04431664
MERL,-19.74337341
GOAT,-19.510279299999997
IMX,-19.304828099999998
INIT,-18.570908000000003
SAGA,-17.353640300000002
STX,-17.351188959999998
SKY,-17.03125186
ZEN,-15.667673179999998
RSR,-15.50288663
HYPER,-14.51487543
WLD,-13.456403169999998
kFLOKI,-11.33897977
ACE,-10.48653176
PROMPT,-10.366378869999998
kLUNC,-9.809829790000002
BRETT,-9.70204383
SOL,-9.445130549999998
VVV,-9.141165849999998
S,-8.970160430000002
SOPH,-8.914850519999998
EIGEN,-8.87864179
DOT,-8.85024406
PROVE,-8.065582389999998
HEMI,-8.05374763
COMP,-7.01170913
SEI,-6.38527861
INJ,-6.362219369999999
kSHIB,-5.503632789999999
JUP,-5.4152108100000005
PENGU,-5.27329662
SCR,-5.14014097
RENDER,-4.719113469999999
SAND,-4.6969229299999995
XLM,-4.46501726
ALT,-3.6842530599999987
GAS,-3.6581592099999973
MELANIA,-3.5216937400000017
BANANA,-3.0617236599999993
FIL,-2.68463413
ALGO,-2.6472135999999997
PYTH,-1.87324424
MORPHO,-1.7089190499999982
AIXBT,-1.2484299399999987
ENS,-1.1265359999999998
HBAR,-0.8884413899999996
TRB,-0.8747473199999999
kNEIRO,-0.7701010899999988
TRUMP,-0.7049573499999994
AERO,-0.576473699999999
LINEA,-0.5297551599999986
TIA,-0.5148076799999999
