coin,fundingRate_avg_5d
GAS,-1385.9226411799998
MOVE,-231.72053105
ARK,-217.27027011
MELANIA,-207.93055520999997
USUAL,-177.45205438
BLAST,-176.69204262000002
REZ,-116.4234587
IMX,-79.64194296
GMX,-76.70790944
BERA,-65.0095879
SUPER,-64.33333488
LAYER,-58.19498095999999
BADGER,-54.07565666000001
VIRTUAL,-48.89592559999999
DYM,-39.8145066
SPX,-33.837648390000005
ZRO,-33.725310879999995
OMNI,-25.34271942
POLYX,-22.22862556
BANANA,-21.249789
NEO,-19.100228079999997
AVAX,-18.69302897
TAO,-16.36045632
SEI,-15.747427870000001
INJ,-15.19099632
CELO,-14.984242799999997
FET,-14.146645179999998
XRP,-13.699827510000002
CYBER,-13.565940399999997
ANIME,-11.922219839999999
ONDO,-11.575803449999999
ETHFI,-11.026255070000001
APT,-9.74164633
ETH,-9.568361119999999
kSHIB,-9.464861719999996
OM,-8.826147489999995
ME,-8.761210339999998
PYTH,-8.64873778
BCH,-8.232951680000001
kFLOKI,-8.13324755
HMSTR,-7.7055558799999995
IO,-7.021312279999999
VVV,-6.082400149999999
EIGEN,-5.69530524
GMT,-5.684323849999998
SOL,-5.505720589999999
BNB,-5.39660603
TURBO,-5.382565939999999
JTO,-5.12048718
MORPHO,-4.873715789999999
IP,-4.775700879999999
APE,-4.402704459999999
MANTA,-3.9332202900000004
ZETA,-3.7920492399999985
PIXEL,-3.725933139999999
XLM,-3.1533685899999995
ALGO,-3.066557719999999
CATI,-2.70126864
ALT,-2.1296173200000004
XAI,-1.2674676099999993
ATOM,-0.7223773399999995
DOT,-0.46006424999999884
FXS,-0.4082510399999996
TNSR,-0.38982437999999986
RDNT,-0.19661308999999963
LISTA,-0.032278409999999695
