coin,fundingRate_avg_5d
BLUR,-666.27508946
STABLE,-74.46834098000001
BANANA,-44.0584638
ZETA,-38.99536411
0G,-33.58571152
ATOM,-30.853244140000005
HMSTR,-30.177411600000003
MINA,-29.583623030000002
kNEIRO,-29.572600030000004
IOTA,-21.017668710000002
W,-20.50081265
SNX,-20.255620979999996
ME,-15.774542259999999
AIXBT,-15.537398110000003
ANIME,-15.493331659999999
HYPER,-13.772225990000003
STX,-10.8228267
INJ,-10.46688454
KAS,-7.0134406899999995
ZORA,-6.69142163
MEME,-6.439482569999998
TRUMP,-4.495995539999998
OP,-3.2793300899999993
SEI,-3.2186743900000003
CELO,-3.01254283
DYDX,-2.2809506999999987
ALT,-0.5777606899999992
VVV,-0.4945567499999989
