coin,fundingRate_avg_5d
MEME,-404.442480138843
GMT,-364.4756280892562
MOVE,-330.4127691669421
MELANIA,-257.58989660826444
WCT,-238.10783036033055
BIO,-160.8940526876033
BLAST,-119.86255874380169
ANIME,-117.90211056198345
ARK,-92.8758200429752
GMX,-91.73296076033058
REZ,-84.86380965619836
XAI,-78.46615505454545
VVV,-69.33505828760329
REQ,-67.38547033388429
MORPHO,-64.80408946115702
ME,-56.56012079008265
USUAL,-56.22678396694215
LAYER,-56.17764833057851
IP,-53.190549867768596
OM,-51.7620964859504
BERA,-47.22313072066115
DYM,-46.95367239669421
TAO,-46.17841456859504
PYTH,-30.71727881652893
FET,-29.937163170247935
GAS,-29.832323345454547
TRUMP,-28.2234610214876
XLM,-26.013539623140495
BIGTIME,-24.504818578512406
ATOM,-22.853439847933885
BABY,-22.496831831404958
VIRTUAL,-21.379622697520663
SOL,-18.6402012892562
POLYX,-16.038749880991737
RENDER,-14.553554142148759
TURBO,-14.369948161983471
SEI,-13.334361957024793
BNB,-13.093656704132231
IMX,-11.724301467768594
APT,-11.602615656198347
ADA,-11.374081011570246
OGN,-11.305476456198345
MERL,-10.855137163636362
INJ,-9.981967150413224
ETC,-9.588024882644628
TON,-9.449433719008264
OP,-8.947609517355373
NEO,-8.87999172892562
ACE,-8.738541619834711
MANTA,-8.556684743801654
SPX,-8.510856912396694
BANANA,-7.637068631404958
W,-7.319585960330581
ZRO,-7.242439319008263
OMNI,-7.16340601983471
DOT,-7.021437550413223
ONDO,-5.986178578512396
BCH,-5.5988852231404955
AVAX,-5.420596056198347
kFLOKI,-5.101162294214877
kSHIB,-4.961159395041322
IO,-4.755278399999999
STX,-4.148864142148758
XRP,-4.0443146280991735
SUI,-3.7630903933884294
COMP,-3.424649603305785
UNI,-2.9921278611570243
BRETT,-2.7405471768595033
VINE,-2.2428640661157018
ETHFI,-0.7671964561983469
TIA,-0.4730009057851233
BSV,-0.13573945785123917
