coin,fundingRate_avg_5d
ALT,-383.7468367933884
SUPER,-293.8226154942149
GMT,-190.12031941487604
CHIP,-104.98542033719009
ME,-96.86606592396696
BLAST,-88.11290885950413
SAGA,-59.966124624793395
STABLE,-57.041361887603315
COMP,-36.41848518347107
FOGO,-27.863983923966938
BCH,-24.979997900826444
PURR,-22.97324044958678
OP,-22.853662829752068
TON,-21.978157299173557
MINA,-20.571017504132232
ETC,-19.815713652892562
kSHIB,-19.743093976859505
BLUR,-16.138384383471077
TST,-14.130377365289256
TRUMP,-13.424257656198344
MEGA,-12.3215995338843
DASH,-11.171023487603307
VVV,-10.977180614876033
PROVE,-10.794603391735542
SUSHI,-9.943259533884298
POL,-9.219058750413225
AIXBT,-9.185876449586777
SNX,-8.954952714049586
SEI,-8.039956234710743
MERL,-8.034527930578514
MOVE,-6.956434730578512
ADA,-6.191114796694214
SAND,-6.1560197752066115
kLUNC,-5.8415328793388435
STRK,-5.280860300826443
STX,-4.323121537190082
AXS,-3.852459044628098
BTC,-3.626122363636363
0G,-3.5832338380165267
BOME,-3.1134401057851235
SOL,-3.097955176859504
NOT,-2.9581868429752065
ICP,-2.8704304661157014
BSV,-1.980837262809916
SUI,-1.8455560760330583
KAITO,-1.8239434909090904
MOODENG,-1.6523249553719002
SPX,-1.2848740859504122
UNI,-0.8079550710743794
JUP,-0.8049122380165284
XRP,-0.6133317619834712
ZEC,-0.5911841652892555
PNUT,-0.5629197719008264
