coin,fundingRate_avg_5d
kBONK,-162.0302087
STABLE,-59.897135829999996
POLYX,-46.20420609
0G,-40.12831681
SUPER,-36.64626791
kNEIRO,-29.890484369999996
TRB,-28.160229609999995
XAI,-27.99101707
MINA,-25.46883276
TRX,-21.973640210000006
W,-21.929493460000003
ZETA,-21.34330492
ATOM,-20.28996602
OP,-18.150501730000002
MOVE,-17.934111480000006
NEO,-17.24628431
MEME,-16.928007960000002
ACE,-15.90490055
VIRTUAL,-15.547789659999998
WCT,-15.46949935
TURBO,-15.334236189999999
UMA,-15.091915610000001
MET,-13.33223163
ME,-12.911258150000002
AERO,-12.69549278
IO,-12.352762160000001
MOODENG,-11.864053440000001
POPCAT,-11.734363100000001
BCH,-11.67104363
S,-11.54312646
STRK,-10.797914720000001
TRUMP,-9.44935433
HYPER,-9.13605366
BSV,-8.730489750000002
GMT,-8.514046939999998
CELO,-8.410768
ALT,-7.3434751500000015
RENDER,-7.00177602
AVNT,-5.376969759999999
GAS,-5.080779559999998
SEI,-4.879503959999999
SOPH,-4.556571669999999
ZK,-4.476879029999999
PYTH,-3.3750893
SPX,-3.3437664599999986
TIA,-3.24771817
SNX,-2.61182977
AIXBT,-2.6000110699999994
ZORA,-2.3477179599999984
MORPHO,-1.7771835399999996
NOT,-1.7027702599999994
KAS,-1.5081938699999995
BIO,-1.4136289399999993
kFLOKI,-1.2193014799999984
MERL,-1.0429159599999995
PENGU,-0.4474549599999999
