coin,fundingRate_avg_5d
KAITO,-96.95387179000001
LAYER,-85.33352520000003
BLAST,-41.38627471
POLYX,-22.001982459999997
IO,-9.911659679999998
XAI,-6.184078929999998
BERA,-5.7855361599999995
TRUMP,-4.175809509999999
MOVE,-0.4733509799999996
GMX,-0.2707299899999996
GAS,-0.14102723999999975
