coin,fundingRate_avg_5d
POLYX,-1221.0948658900002
AVNT,-565.2109198200001
MOVE,-560.1088235299999
0G,-559.8120887499999
ANIME,-495.34356225
BANANA,-398.89767701999995
LAYER,-310.01875351999996
SUPER,-289.13460619
RESOLV,-256.02513790999996
ACE,-173.65615001
DOOD,-147.84077092
SOPH,-135.54976311
VVV,-129.34310455
2Z,-102.34787829000001
IP,-100.40796753
MOODENG,-99.91759076
ZORA,-94.92794367
TNSR,-81.93587744
BLAST,-75.25956900000001
NIL,-69.13385211
YGG,-60.52007987000001
TURBO,-60.26326587000001
IMX,-57.99741814
USUAL,-55.59100015
WCT,-47.10585245
USTC,-47.0221251
OM,-45.68570826
XAI,-45.45922940999999
DYM,-44.16344291
REZ,-39.57598713
kLUNC,-37.95836042
MANTA,-31.54050921000001
ME,-31.072395250000003
SYRUP,-29.02952529
GOAT,-28.93137752
HYPER,-27.666722600000003
MERL,-27.64034332
GMX,-27.081843680000002
FET,-26.10356265
CELO,-24.100460899999998
GMT,-22.792312580000004
NOT,-22.59210716
HEMI,-21.485245390000003
TRUMP,-21.387751700000003
HMSTR,-19.62160357
ZETA,-18.99844272
SKY,-18.51911377
IO,-18.270577239999998
MEME,-17.84193219000001
SEI,-16.7909709
BLUR,-16.42540588
ZK,-15.605639970000007
PROVE,-15.42821712
COMP,-15.4274769
RSR,-15.037853270000001
POPCAT,-14.498413930000002
MAV,-13.63345226
S,-13.618498940000002
UMA,-13.378702699999998
BRETT,-13.050381550000003
POL,-12.50864855
KAITO,-12.28139736
ZRO,-10.769396539999999
BCH,-10.636866499999998
BIGTIME,-10.561937840000002
ETC,-10.20292165
NEO,-9.709829280000001
EIGEN,-9.620256090000002
PROMPT,-9.484916280000002
DOT,-9.16492078
JUP,-7.998293909999998
JTO,-7.9750163999999995
ADA,-7.72458479
W,-6.524360399999999
SUSHI,-6.12738202
FIL,-6.096002239999998
OP,-5.975342
MORPHO,-5.65227685
STX,-5.4462577099999985
ONDO,-5.400967049999999
STRK,-5.173085869999999
CFX,-5.169470909999999
kSHIB,-5.064174249999999
AR,-5.062760969999999
PNUT,-4.982912839999998
CAKE,-4.691090229999999
ATOM,-4.658865109999999
kFLOKI,-4.42003393
ARK,-4.26801216
IOTA,-4.084431030000002
WLFI,-3.788619699999999
ENA,-3.429238509999999
TIA,-3.2420241699999996
TAO,-2.9485196399999998
BSV,-2.856754989999999
NXPC,-2.8190059599999993
MELANIA,-2.8036285099999985
XLM,-2.5293769999999993
APEX,-2.38590791
BERA,-1.96408106
SAND,-1.5834225599999996
ALGO,-0.9500716399999986
APT,-0.7165117899999998
DOGE,-0.29032465
