coin,fundingRate_avg_5d
BLAST,-94.63646348429752
BERA,-40.70581741487603
MOVE,-34.30408325950413
LAYER,-32.298602885950416
ZRO,-30.933898413223137
BABY,-20.873417047933884
IO,-20.167951080991738
BIO,-13.431455335537189
NEIROETH,-13.307653368595039
WCT,-11.667916026446282
REZ,-7.478840588429753
SEI,-7.189299421487603
TRUMP,-5.142863514049586
SOL,-2.272972403305786
USUAL,-0.9261890082644614
