coin,fundingRate_avg_5d
AZTEC,-1724.3148821300003
SKR,-1054.6878816
OM,-700.98420528
YGG,-427.43526115
AXS,-381.61865148
BIO,-264.4193144700001
UMA,-181.45128784000002
SNX,-159.13889186000003
ZORA,-158.62830942
JTO,-147.9643935
0G,-142.66830117
BERA,-141.69779975
BLAST,-137.46305077000005
STABLE,-129.78614593
SOPH,-113.69222866999998
INJ,-93.98831103000002
FOGO,-88.38447187
ACE,-84.74955513
ICP,-68.15803264
CELO,-61.683179380000006
2Z,-59.06830259
TRUMP,-58.29428724000001
GAS,-58.075620850000014
GOAT,-57.16359024
DASH,-57.09143557999999
VVV,-54.84790395
SEI,-53.52929472999999
AVNT,-50.03805878
REZ,-45.29926816
SAND,-43.18927981
FET,-42.92557169
OP,-40.4462778
INIT,-40.334982000000004
HYPER,-39.70879895
MOVE,-37.226139759999995
BIGTIME,-36.66394048
POLYX,-34.37777319999999
SCR,-33.26380123
APT,-33.074553110000004
STX,-31.836437340000003
KAS,-29.618472500000003
STRK,-28.444048499999997
kFLOKI,-26.718954110000002
MOODENG,-26.640899590000004
kNEIRO,-26.584277869999998
APE,-26.263439950000002
MERL,-25.491471520000005
DOT,-23.68369295
S,-23.67166985
KAITO,-23.43989704
XAI,-23.219819560000005
YZY,-21.76233806000001
XLM,-21.445066190000002
MEW,-20.66314421
EIGEN,-20.02560747
ZETA,-19.95241548
ANIME,-18.582273370000003
POPCAT,-17.89689754
SKY,-17.846201960000002
DYM,-17.36648538
ZEN,-17.05623538
MON,-16.77469263
NEO,-16.675009669999998
MINA,-16.092514929999997
AERO,-15.706524510000001
ALGO,-14.701475110000002
POL,-14.20177332
ARB,-13.54730131
MEME,-13.04825287
ATOM,-12.999576470000001
NXPC,-12.990192320000002
WCT,-11.08068752
VIRTUAL,-10.954355179999999
SOL,-10.38275131
IMX,-10.265552
TURBO,-10.080481669999998
PROVE,-9.59793269
kLUNC,-9.57575529
BABY,-8.99283715
ZK,-8.804191280000001
SPX,-8.62392873
kSHIB,-8.381535149999998
ME,-8.026952249999999
ALT,-7.924772690000001
IO,-7.28218143
MANTA,-7.1245123800000005
LTC,-6.91180936
MNT,-6.848288410000001
W,-6.632460989999999
LAYER,-6.631030189999999
XRP,-6.17419911
WLFI,-6.062509840000001
BSV,-5.33362163
PNUT,-5.127125799999999
CAKE,-5.07632218
IP,-4.760374529999999
kBONK,-4.497776740000001
PENGU,-4.41225213
SUSHI,-3.9387624500000005
PYTH,-3.4354690599999995
AIXBT,-3.1712185499999994
UNI,-3.0106499399999995
BRETT,-2.588187989999999
RSR,-2.5293134900000003
CRV,-2.1135733799999996
TON,-2.00954181
RENDER,-1.9512476599999997
ONDO,-1.7531942799999998
SUPER,-1.7519364900000003
ENA,-1.0125983299999997
WIF,-0.7628770100000001
PENDLE,-0.4262732799999998
TAO,-0.0280385699999995
NOT,-0.004547899999999584
