coin,fundingRate_avg_5d
OMNI,-293.41374502809924
MERL,-161.58469687933888
KAITO,-147.1797362280992
BIO,-64.18434407603306
BLAST,-55.83347299834712
ME,-28.684135666115704
ZORA,-19.337594300826453
BERA,-19.009638000000002
MAV,-18.06005761983472
ENA,-14.869727157024794
PROVE,-11.889330456198355
kLUNC,-6.21617346446281
PYTH,-3.0624894842975205
TRX,-2.3641763107438005
