coin,fundingRate_avg_5d
BLAST,-131.91458339504132
ARK,-50.18388330247934
SOPH,-45.488023765289256
BERA,-22.89951093223141
ZRO,-14.190446350413223
HYPER,-13.480071163636365
REQ,-5.294828519008265
UMA,-1.5026201752066084
