coin,fundingRate_avg_5d
MOVE,-381.46776632
LAYER,-241.50860756999995
IP,-149.87328437000002
BLAST,-86.27767581
NXPC,-71.40281766999999
BIO,-65.81983972
IO,-65.66887864
ZRO,-63.15097066999999
RESOLV,-59.023596659999995
WCT,-52.66173353
BERA,-48.84657540999999
USUAL,-48.03231589
BANANA,-33.35942758
SPX,-31.738444329999993
VVV,-30.864102159999998
MANTA,-26.88853238
AIXBT,-26.858990009999996
SEI,-26.809371910000003
W,-23.19915618
OMNI,-21.03757727
MNT,-17.578631410000003
BCH,-16.49015615
SOPH,-16.2811389
MEME,-15.597758159999998
STG,-15.54404038
GRASS,-14.692640649999998
HYPER,-14.47523862
DYM,-14.100986599999999
ARK,-13.27293081
XLM,-13.161683919999998
ANIME,-12.409984669999998
kSHIB,-11.44808776
KAITO,-11.422507099999999
MAV,-10.976110640000002
JUP,-10.288418519999999
GMX,-9.229844059999998
DOOD,-8.94405344
TRUMP,-8.674371729999997
ATOM,-8.571479689999999
ALT,-8.36448381
BABY,-6.91236416
kFLOKI,-6.78871749
PNUT,-6.541803749999999
TNSR,-6.139369349999998
WLD,-5.86597267
GOAT,-5.0639676599999985
VIRTUAL,-5.020874299999999
INIT,-4.83005741
BRETT,-4.28993844
ONDO,-3.82313556
BLUR,-3.6121144599999995
ZETA,-3.600151949999999
MEW,-3.489892749999999
APT,-3.47413643
ALGO,-3.0291174799999996
MERL,-3.0059728299999997
XAI,-2.5144594499999995
SAGA,-2.3605017199999994
TURBO,-2.3212890400000004
GMT,-2.0018527199999996
MORPHO,-1.632951599999999
WIF,-1.618111429999999
POLYX,-1.4836330199999987
STRK,-1.3674812599999988
DOT,-0.97276442
ETH,-0.60662781
IMX,-0.5956340099999992
kNEIRO,-0.5431309499999996
SCR,-0.46114392
FET,-0.34931010999999934
NIL,-0.23411464999999965
