coin,fundingRate_avg_5d
OMNI,-663.8945225256199
KAITO,-393.3340399735537
BIO,-94.05067576859504
ME,-85.0371744
BLAST,-80.98585756363636
PROVE,-68.80238875041323
ZORA,-33.79764376859503
BERA,-21.61736547768595
MAV,-16.681910528925624
PYTH,-1.6098099966942143
UMA,-0.47934864793388404
