coin,fundingRate_avg_5d
BLAST,-129.64707509
HYPER,-40.29168789
BERA,-24.48409561
USUAL,-17.485169510000002
SOPH,-10.123753879999999
ZRO,-6.884871629999999
REQ,-4.628511709999998
REZ,-4.357498479999999
BANANA,-2.477494440000001
GRASS,-0.931138359999998
BSV,-0.7562829199999987
VVV,-0.4117309499999977
