coin,fundingRate_avg_5d
TNSR,-1205.53722634
LAYER,-917.7807302100001
0G,-558.5128902299999
DYM,-553.63626612
SUPER,-317.97702153
RESOLV,-311.61214934000003
MAV,-279.6617955
XAI,-224.8835226
ZORA,-200.44811726
2Z,-167.32964151000002
ME,-144.49298727000001
USUAL,-142.89004159
OM,-135.62656641
BLAST,-131.1697507
REZ,-109.96634517000001
MOODENG,-103.52406305000001
HEMI,-100.2764646
DOOD,-94.47679345000002
BSV,-91.58430569000001
WCT,-83.38465296
MOVE,-77.58188223
ANIME,-76.19947101
BABY,-68.88055452
WLFI,-67.71027473000001
ZRO,-54.87515777
KAITO,-51.71385481
BERA,-48.11548114000001
APT,-44.60329419
IO,-43.035091400000006
GMX,-41.14995108
BIO,-40.22131151000001
ZETA,-39.81088507
ARK,-37.634508329999996
IP,-35.07498671
MEW,-32.33500179
AR,-29.05401533
FXS,-28.426827069999998
TURBO,-28.3165248
CC,-28.266305909999993
NIL,-27.782768509999997
ZK,-26.170281
STRK,-25.927958960000005
INIT,-25.87790943
ATOM,-24.931515530000002
AVNT,-23.15673223
STX,-22.74400337
IMX,-21.86061066
MERL,-21.280280370000003
ZEN,-19.437174179999996
BRETT,-18.91638999
HYPER,-15.693868499999999
SKY,-14.25808698
WLD,-13.850536009999999
DOT,-12.47771626
RSR,-12.353300170000002
kFLOKI,-11.881280709999999
SOL,-11.620664869999999
PROMPT,-11.61390361
ACE,-11.596702619999999
MANTA,-11.552779249999999
S,-10.193510489999998
kLUNC,-10.114404770000002
JUP,-9.69144861
SOPH,-8.87321278
VVV,-8.67437465
SEI,-8.59723628
PENGU,-8.53304519
TRUMP,-8.197620409999999
kSHIB,-8.047773309999998
EIGEN,-7.71654749
SAND,-7.351160589999998
CELO,-6.293998679999999
PYTH,-5.4558462599999995
RENDER,-5.397044759999999
ZEC,-5.203759009999999
GOAT,-5.105446259999999
ALGO,-4.6180172299999995
SCR,-4.158044229999999
MELANIA,-3.886950700000004
FIL,-3.7956839099999997
HBAR,-3.62689331
INJ,-3.5980334899999997
XLM,-3.5829100800000004
PROVE,-3.4463380299999993
COMP,-3.0208378199999992
FET,-2.9624166499999993
BANANA,-2.9519404199999997
kBONK,-2.878963049999999
ENS,-2.6609967299999995
ICP,-2.40950151
ALT,-2.3494152099999983
ADA,-2.18379281
SUSHI,-1.20730612
kNEIRO,-1.0158585099999995
W,-0.68328438
SNX,-0.6786262499999975
SAGA,-0.4460818299999996
TIA,-0.2230135399999999
LINEA,-0.18985036999999885
TRB,-0.10286064999999962
