coin,fundingRate_avg_5d
SOPH,-186.55526096
ACE,-169.70777346000003
BLAST,-159.89528865999998
LAYER,-149.76950100000002
VVV,-128.02235351
STABLE,-116.55756553999998
AXS,-110.98457107
ZETA,-105.46533233999999
ZORA,-79.58066456999998
IP,-76.03445743
GOAT,-69.05018024000002
UMA,-67.72992779
ATOM,-64.63658491
USUAL,-55.59396395000001
AZTEC,-55.086269390000005
0G,-53.10548593
MEME,-47.67023808
SKR,-44.648009609999995
BABY,-38.05513944
INIT,-37.22807718
NIL,-37.21544088
ICP,-34.335387940000004
2Z,-34.116163830000005
TRUMP,-31.1174253
AIXBT,-30.022309229999994
ALT,-28.42368369
FTT,-28.3420018
AVNT,-28.26682494
NXPC,-27.708896889999995
ANIME,-27.5877074
DYM,-26.618924399999997
POLYX,-25.805772290000004
YZY,-25.614200580000002
HYPER,-25.41954097
PAXG,-25.31258721
MERL,-25.081626160000003
BSV,-22.65760787
JTO,-21.80817549
SCR,-21.520333570000002
EIGEN,-21.172738959999997
PROVE,-19.66544372
APE,-18.80101787
YGG,-18.611874139999998
SEI,-18.519583160000003
MOVE,-16.784777579999997
kFLOKI,-16.496750970000008
VIRTUAL,-15.895687219999996
BLUR,-15.81582668
APT,-15.80226547
BIO,-15.169652580000001
POL,-15.113510470000001
KAS,-14.882119450000005
FET,-14.07310133
ZEN,-14.006209969999999
MINA,-13.999911529999999
BERA,-13.48008218
kLUNC,-13.356217969999998
CC,-13.202088690000005
TON,-12.82701031
REZ,-12.58862005
SKY,-12.584454670000001
DOGE,-10.09938064
XLM,-9.69785874
IO,-9.298394709999998
kNEIRO,-9.1776111
MOODENG,-8.978940870000002
PYTH,-8.895804819999999
IMX,-8.74514669
ZRO,-8.07992689
ARK,-7.609777689999997
NEO,-7.508189429999999
kSHIB,-7.433155649999999
WIF,-6.704574769999998
BIGTIME,-5.927183899999999
KAITO,-5.84317039
XAI,-5.808528969999999
MEW,-5.501239119999999
BANANA,-5.008601539999998
SOL,-4.94229856
MANTA,-4.8960034199999996
CELO,-4.74331078
BCH,-4.543455759999999
DOT,-4.01489415
RENDER,-3.3876869099999993
XRP,-2.69326127
BTC,-2.5483482399999997
SUSHI,-2.2654601
kPEPE,-2.2165836799999994
LTC,-2.13209713
JUP,-1.5113503899999998
GAS,-1.3700676499999995
PENGU,-1.2771773399999997
W,-1.0695740999999996
OP,-0.4000538699999994
BRETT,-0.3731248999999987
WLFI,-0.34576814999999983
TRX,-0.14140903000000016
S,-0.12237208999999986
