coin,fundingRate_avg_5d
0G,-296.72243424000004
REZ,-52.04179782
BIO,-49.93897369
SUPER,-48.70670011
BLAST,-41.83117613
CELO,-38.60381912
KAITO,-30.683265830000003
APT,-20.12359318
ME,-14.56284592
BSV,-8.707313709999994
MAV,-7.388984809999999
GMX,-3.9929072799999994
PAXG,-2.386013029999999
