coin,fundingRate_avg_5d
ALT,-306.21388986
ANIME,-177.29562706000002
IP,-166.16887215999998
SOPH,-113.0278126
NXPC,-84.48738001
AIXBT,-68.52961359
MOVE,-65.27615981
ZRO,-49.601646530000004
SEI,-43.53435738
USUAL,-42.41270581
IO,-41.892788859999996
BERA,-39.90093495
BIO,-35.04884614
BLAST,-31.86403061
LAYER,-31.119234969999994
RESOLV,-25.78722664
MERL,-17.32580248
DYM,-17.150563059999996
BSV,-16.876764150000003
WCT,-16.28939228
MANTA,-16.15356702
OMNI,-14.423661930000002
kSHIB,-13.51409799
GAS,-12.269731230000001
GMX,-11.838634110000001
HYPER,-11.01570219
CELO,-9.60401359
W,-8.80670467
INIT,-7.581469749999999
STRK,-7.251584939999999
DYDX,-6.8362054500000005
SAGA,-5.39851717
FET,-5.16717506
BABY,-4.98300409
XLM,-4.73003792
TRUMP,-4.55515839
AVAX,-3.9523433699999995
VVV,-3.6603046799999985
kFLOKI,-3.00402227
SUSHI,-2.8319109
TNSR,-2.620043
BANANA,-2.4570529799999994
JUP,-2.1100810599999997
XAI,-2.02278474
ARK,-1.9431161900000002
SCR,-1.9392844200000003
DOT,-1.8451005499999997
POLYX,-1.8407293099999993
ME,-1.7009949000000002
GMT,-1.53013402
KAITO,-1.3788021000000001
MAV,-0.22372455999999943
