coin,fundingRate_avg_5d
BLAST,-85.98569697999999
BERA,-38.34637513
MOVE,-30.118561920000005
ZRO,-28.411822649999998
LAYER,-26.791881839999995
IO,-19.91709954
BABY,-16.26816607
NEIROETH,-13.936634399999997
REZ,-8.845192459999998
BIO,-8.47503355
WCT,-8.323733019999999
SEI,-4.333334749999999
TRUMP,-2.93456131
SOL,-2.4936413099999997
