coin,fundingRate_avg_5d
ACE,-159.59087136
kBONK,-140.80859186
STABLE,-51.66313879
POLYX,-49.38457957
SUPER,-34.0847731
TRB,-27.301549590000008
kNEIRO,-26.89665728
ATOM,-25.49441707
TRX,-24.039327049999997
W,-22.466291660000003
OP,-21.189177100000006
NEO,-20.484774550000004
TURBO,-19.85595255
WCT,-19.50180838
XAI,-18.726454210000004
MINA,-18.25716641
S,-17.22053137
0G,-17.031110240000007
UMA,-16.619735530000007
AERO,-16.359429210000002
MEME,-16.17926448
GMT,-13.4167722
MET,-13.33223163
ZETA,-12.927301360000001
HYPER,-12.907754879999999
VIRTUAL,-12.276153769999999
STRK,-12.21809176
ME,-11.285513109999998
POPCAT,-10.6009651
MOODENG,-10.546217290000001
BSV,-10.067026310000005
BCH,-8.99570605
SEI,-8.365174389999998
IO,-8.26939839
TRUMP,-7.8544043399999985
GAS,-7.661492349999999
AIXBT,-7.347179169999999
ZK,-6.577105819999999
TIA,-6.295543359999999
ZORA,-5.848049709999998
MOVE,-5.6345707
SOPH,-4.279798009999999
RENDER,-4.20564826
ALT,-4.1775549399999985
PYTH,-3.95466258
KAS,-3.5630467799999996
SPX,-3.3437664599999986
CELO,-3.222166709999999
YGG,-3.1470351099999982
AVNT,-2.5685268999999997
REZ,-2.321775949999998
NOT,-1.9779576299999992
kFLOKI,-1.9378806299999993
BIO,-1.4931660899999986
MORPHO,-1.0830528199999996
MERL,-0.6748835399999997
BIGTIME,-0.5502885999999994
PENGU,-0.41724391
