coin,fundingRate_avg_5d
MAVIA,-714.15338995
REQ,-426.96547914
OM,-239.87168988
DYM,-237.45127632999998
ZETA,-232.08288845
BLAST,-138.56420612999997
BANANA,-114.53085559
MELANIA,-109.32626438
UMA,-106.51750177999999
ZRO,-87.50042581000001
ARK,-70.88865458
BERA,-62.363609460000006
MOVE,-59.37853288
ORBS,-54.42958986000002
LAYER,-50.88383313
BNB,-30.936094030000003
VINE,-26.84438344
SEI,-23.58507798
CYBER,-23.212148720000002
IMX,-19.193173139999995
USUAL,-18.098927230000005
RDNT,-17.20795274
XAI,-16.72530959
REZ,-16.26954869
VIRTUAL,-15.68638089
XRP,-15.523412769999998
GRASS,-14.686828389999999
ALT,-14.286805180000004
MANTA,-13.300015270000001
ATOM,-12.78291466
FET,-10.640854489999999
SUSHI,-9.81313669
IO,-9.60598386
ONDO,-9.25474874
XLM,-8.09637306
IP,-8.06134766
TRUMP,-7.6149716399999985
VVV,-7.488564109999998
CELO,-7.391144880000001
APE,-6.995397279999999
SUPER,-6.12512413
PNUT,-6.1114884599999995
MNT,-4.971614629999998
JTO,-4.92562755
ENA,-4.92512677
BADGER,-4.656957619999999
PYTH,-4.47409116
UNI,-4.44670229
ME,-4.28153833
W,-4.1365669
BIGTIME,-3.1424193199999997
ETHFI,-3.11801761
TIA,-3.0527490399999997
COMP,-2.7301759099999994
kPEPE,-2.4084451999999987
kBONK,-2.2429016400000004
NEO,-1.5028364
AI,-1.4763162299999992
EIGEN,-0.8272075300000002
kSHIB,-0.22506338000000017
TON,-0.09709072999999993
