coin,fundingRate_avg_5d
SKR,-449.9725591800001
LAYER,-373.42283854999994
SOPH,-352.6912276400001
BLAST,-220.44740166
STABLE,-159.53130117
ACE,-154.82039217
ATOM,-131.96662746
AXS,-114.78627601999999
GOAT,-94.95608006
AZTEC,-90.53090693
ZORA,-81.02997518
VVV,-76.99977584999999
UMA,-68.00777966
AVNT,-66.30127472
ANIME,-54.80671077999999
JTO,-53.77940076
2Z,-51.06246121
MERL,-51.037544849999996
INIT,-48.32002932999999
DYM,-46.194623379999996
MOVE,-43.64851331999999
BIO,-42.63978034
ICP,-40.395793919999996
NXPC,-39.096047170000006
TRUMP,-36.568225070000004
XAI,-35.63907303999999
HYPER,-35.538495829999995
GAS,-33.57162617
0G,-32.94689655
ZETA,-31.899378669999997
ALT,-28.53928503
BABY,-28.511313620000006
DOT,-26.415893150000002
CC,-25.027913489999996
BSV,-23.41790944
kFLOKI,-20.57501642
SCR,-19.756353539999996
POLYX,-18.86682518
VIRTUAL,-18.80049373
EIGEN,-17.968483529999997
XLM,-16.461112370000002
TON,-16.460444419999998
SEI,-15.802891809999997
JUP,-15.41592684
YGG,-15.38914168
WCT,-14.98098335
BERA,-14.92236508
IP,-14.341101850000003
BLUR,-12.62716624
ZEN,-12.534647499999998
SKY,-12.17764611
RUNE,-11.77948367
KAS,-11.18120049
FOGO,-11.06745335
AIXBT,-10.52215722
OP,-10.45060992
ZEC,-10.075745429999998
kLUNC,-9.9752018
IO,-9.740282689999999
MANTA,-9.270629159999999
KAITO,-9.25029793
PAXG,-8.95471801
CELO,-8.472548629999999
kSHIB,-8.27915995
POPCAT,-7.869902239999998
MINA,-7.678527629999999
PENGU,-7.1347426
LTC,-7.044033529999999
APT,-6.830907839999999
SAND,-6.623861590000001
SOL,-6.60217256
XRP,-6.47010607
MON,-6.168735789999999
APE,-5.789801549999997
NIL,-5.519830029999999
STRK,-5.445083139999999
PNUT,-5.1732837
WIF,-4.87575249
BIGTIME,-4.6797452999999996
PROVE,-4.31663089
PYTH,-3.835230199999999
DOGE,-3.2251655500000003
POL,-3.2049116999999994
GMT,-2.9662783499999996
HYPE,-2.7038586799999997
TIA,-2.59538068
MEME,-2.25186385
FET,-1.8911467599999996
SUPER,-1.7378080699999996
TRX,-1.7187572599999996
kNEIRO,-1.6752237099999998
BCH,-1.62784087
kPEPE,-1.3669834
RENDER,-1.36312754
SUI,-1.04530306
MOODENG,-0.24160590999999904
ENA,-0.17684760999999996
AR,-0.14872581999999993
