coin,fundingRate_avg_5d
OMNI,-281.19648034000005
SUPER,-73.29791811
GMX,-60.31922986000001
BLAST,-56.56141835
GAS,-55.188327040000004
BERA,-54.31862986
BIO,-15.863105860000001
MOVE,-15.826252540000004
IP,-13.92118103
SOPH,-13.864925770000005
HYPER,-12.580257169999998
REZ,-7.424790579999998
OM,-6.5329787800000005
APT,-6.524283749999997
TRUMP,-1.9234259
ME,-1.221917799999997
SYRUP,-0.34007341999999785
