coin,fundingRate_avg_5d
HYPER,-163.1066086016529
BLAST,-129.21447773553717
ARK,-45.645162238016525
SOPH,-34.388672280991734
RESOLV,-32.188759001652876
USUAL,-23.616147709090914
BERA,-12.918039699173553
REZ,-5.413752396694213
MOVE,-4.577826862809915
BANANA,-2.895646958677685
GRASS,-2.8620961586776854
ZRO,-1.9480104297520664
GAS,-1.9006600958677664
BCH,-1.1540576033057846
BSV,-0.9575237454545436
