coin,fundingRate_avg_5d
MOVE,-473.55945048
IP,-92.24048371
W,-68.26372934
IO,-62.55846179
ZRO,-53.489287080000004
BLAST,-48.913432459999996
USUAL,-48.68123406
GRASS,-45.07005545999999
SPX,-44.083874370000004
BERA,-42.74239935999999
NXPC,-38.299364589999996
SEI,-37.521794140000004
BIO,-37.28455946999999
PENGU,-35.630814550000004
VVV,-34.31446321999999
LAYER,-33.3344061
SOPH,-27.489920250000004
DYM,-26.27049175
XLM,-25.284488050000004
KAITO,-23.404811050000003
WCT,-22.173033140000005
APT,-19.349329630000003
kFLOKI,-19.22562164
OGN,-16.642714469999998
OMNI,-16.575354450000003
BABY,-14.537063779999999
kSHIB,-14.519844540000001
ZETA,-13.931049170000003
ARK,-13.866525930000002
HYPER,-13.812426359999998
MERL,-13.7917586
ETHFI,-13.496643689999999
MEW,-12.318697440000001
TNSR,-12.29183271
BCH,-12.1887516
ACE,-12.10202103
BANANA,-11.894075420000002
GMX,-11.105430870000001
INJ,-9.31486716
STG,-9.05636248
MEME,-8.920545979999996
INIT,-8.784117739999997
BLUR,-8.524934159999999
DOOD,-7.527038759999999
FET,-7.220603009999998
RESOLV,-7.143839129999999
GMT,-6.6372753399999995
VIRTUAL,-6.394602899999998
OP,-6.00529682
PNUT,-5.6386207399999995
AIXBT,-5.464271189999999
SAGA,-5.437767809999999
ATOM,-5.0600752999999985
BNB,-5.003560159999999
XAI,-4.582049399999998
BRETT,-4.564698759999999
HMSTR,-4.153350329999999
MNT,-3.434960249999999
ANIME,-3.3105441599999987
ETC,-2.80080341
TURBO,-2.7408339099999997
MAV,-2.5649666899999994
IMX,-2.39770544
DYDX,-2.1891532
SCR,-1.8851447
CELO,-1.6953089299999995
ONDO,-1.4723618200000004
WLD,-1.24691665
APE,-0.9838436299999996
YGG,-0.5529348499999994
PROMPT,-0.5049636299999998
ME,-0.2879981399999999
