coin,fundingRate_avg_5d
ANIME,-635.33470887
MOVE,-457.15314286
MELANIA,-434.90114050999995
MEME,-312.35914009
GMT,-279.94015179999997
ARK,-214.94923876
BIO,-168.13053911
BLAST,-125.95382624
GMX,-111.06782538
IP,-105.27540824
OM,-97.61991576
DYM,-94.20043735
ME,-93.59666311
REZ,-93.08646245999999
GAS,-76.92613490999999
BERA,-75.95796145999999
MORPHO,-68.44145879
REQ,-62.157007779999994
LAYER,-53.54245735999999
BABY,-40.343995310000004
XLM,-38.484481640000006
VIRTUAL,-37.631672280000004
PYTH,-32.81364016
VVV,-30.948883629999994
OMNI,-30.7778439
TRUMP,-30.742398019999992
USUAL,-26.13113037
BIGTIME,-24.800275400000004
TAO,-22.705796630000002
FET,-22.59757924
ONDO,-22.415124499999997
ADA,-21.76558218
kFLOKI,-19.634607059999997
APT,-18.529057100000003
SPX,-18.488480780000003
RENDER,-17.04339979
SEI,-16.454450389999998
OP,-16.276225999999998
kSHIB,-16.166073380000004
UNI,-15.165941259999997
ZRO,-14.661806910000001
BANANA,-13.628662000000002
SOL,-13.488295410000003
DOT,-12.631711949999998
NEO,-12.49559469
ETC,-12.27547852
INJ,-12.00008383
STRK,-11.59312708
BNB,-11.10033985
BSV,-9.910980780000001
POLYX,-9.75384317
ETHFI,-9.06342304
POL,-9.028705699999998
ATOM,-8.91199768
AVAX,-8.4167321
EIGEN,-7.7777338999999985
ARB,-7.651286950000001
SCR,-7.21765819
IO,-7.170524279999999
BCH,-6.845839259999999
TON,-6.712094499999999
XRP,-6.55517224
XAI,-6.087469269999998
W,-5.928188380000001
TIA,-5.60563423
ACE,-5.298505709999999
S,-5.170254199999999
TURBO,-5.06024612
CFX,-4.856051979999999
ZETA,-4.80612801
MANTA,-4.371191090000001
CELO,-3.57903743
ETH,-3.5483650199999994
KAITO,-2.9344415899999996
VINE,-2.837092439999999
MERL,-2.33720888
BRETT,-1.7974819199999996
SAND,-1.6615697899999993
kBONK,-1.5422169799999994
IMX,-1.2165282099999992
SUI,-1.07338616
WIF,-0.46948562999999993
BLUR,-0.31449860000000024
AIXBT,-0.2373463599999998
DYDX,-0.19883667000000024
TNSR,-0.15850416999999994
NOT,-0.12850700999999967
COMP,-0.045875389999999926
