coin,fundingRate_avg_5d
LAYER,-375.02288527933894
SOPH,-339.0338695933884
SKR,-306.42804481983467
BLAST,-234.06420277685953
ACE,-200.8406076
STABLE,-153.97239081322314
ATOM,-139.61250144793388
AXS,-109.39769550743803
GOAT,-96.18016154380165
AZTEC,-87.05046275702479
ZORA,-82.49429553719008
VVV,-81.30680658842975
UMA,-64.46354916694214
AVNT,-63.18765806280992
ANIME,-59.376027133884314
MERL,-51.65556837024794
2Z,-49.72263455206611
INIT,-47.81006302809917
JTO,-47.389401312396686
DYM,-45.84982190082644
NXPC,-42.412825041322314
MOVE,-40.78184480330578
BIO,-40.56444549421488
ICP,-39.73301507107438
0G,-37.890506171900824
TRUMP,-37.79392970578512
XAI,-33.9783118909091
HYPER,-33.93764377190083
BABY,-31.30408732561984
ZETA,-31.25085838016529
ALT,-27.783436085950413
CC,-25.584783233057852
DOT,-24.465342109090916
GAS,-23.999153008264464
BSV,-22.912111576859505
IP,-22.08311730247934
VIRTUAL,-20.062541494214877
kFLOKI,-19.70660314710744
EIGEN,-18.780364185123965
TON,-18.47720230413223
POLYX,-18.377234776859503
PAXG,-18.25048771239669
SCR,-18.061312254545456
SKY,-16.219917540495867
WCT,-15.398991153719013
XLM,-14.649306733884302
JUP,-14.642217649586778
BLUR,-13.989276932231405
RUNE,-13.54564157355372
SEI,-12.74960444628099
KAS,-11.626569550413224
IO,-11.543107745454547
NIL,-11.487010442975206
ZEN,-11.165407676033055
AIXBT,-10.738164376859503
kLUNC,-10.044355725619834
BERA,-9.226100776859504
kSHIB,-9.208005223140496
YGG,-9.057025537190082
MINA,-9.055961305785125
OP,-8.73836352396694
MANTA,-8.262761404958678
PENGU,-8.120927593388432
PROVE,-8.079682472727272
ZEC,-7.711657497520661
MON,-7.309144909090909
APE,-6.857850704132231
XRP,-6.305738310743801
LTC,-6.25502732231405
SOL,-5.576414737190082
PYTH,-5.04844157355372
PNUT,-4.613907203305785
POPCAT,-4.463314115702478
SAND,-4.421462310743801
DOGE,-4.3820220396694225
CELO,-4.235540360330577
APT,-4.127049570247934
BIGTIME,-4.039780423140496
WIF,-3.8775010611570244
kPEPE,-3.745188138842975
KAITO,-3.5487925586776856
kNEIRO,-3.46470814214876
GMT,-2.7276207471074376
TRX,-2.6440409355371903
MOODENG,-2.4910008396694208
TIA,-2.1767412694214876
IMX,-2.0889964760330573
FET,-2.023003269421487
MEME,-1.887829953719008
HYPE,-1.796723057851239
BCH,-1.5019128595041322
STRK,-1.2361648661157019
POL,-1.2163810214876032
SUPER,-0.6403263173553714
RENDER,-0.18179171900826432
GMX,-0.04940205619834637
AR,-0.035155110743801316
SUI,-0.028953609917355547
