coin,fundingRate_avg_5d
BLAST,-88.61769081
REZ,-24.40169029
IO,-19.20557511
BABY,-18.87280753
BERA,-18.77463786
ZRO,-18.39787756
MOVE,-14.04281071
NEIROETH,-5.701802239999998
LAYER,-3.5844452700000007
BANANA,-3.1998827299999992
IP,-1.5598720299999995
CELO,-1.3300322599999996
BNB,-0.72111225
