coin,fundingRate_avg_5d
DOOD,-456.3013116999999
0G,-288.52593584
REZ,-65.8820985
BLAST,-51.19700605000001
CELO,-38.92955607
BIO,-37.018572289999994
KAITO,-32.60514559
APT,-23.47685621
2Z,-15.93726948
SUPER,-10.50707834
MAV,-8.3478201
ME,-5.1924746699999975
GMX,-3.9604171699999986
PAXG,-2.001970249999998
