coin,fundingRate_avg_5d
AZTEC,-1463.63473205
OM,-974.08521484
AXS,-877.33197917
YZY,-859.7019338600002
JTO,-596.1817757199999
INJ,-338.34931767999996
INIT,-330.61797674
ACE,-262.1041494
BERA,-236.51411839000002
BIO,-233.52691605
SNX,-191.96863728
0G,-188.98411404
ZORA,-149.77559212
STABLE,-145.37378629
UMA,-132.76533287
YGG,-130.36044787999998
MOVE,-113.59447583000002
BLAST,-106.51855662999999
MOODENG,-87.65728529
SOPH,-86.72894356
VVV,-85.68644808000002
SUPER,-81.77509202000002
OP,-66.82568628000001
AVNT,-63.78584510000001
ICP,-61.8407017
IO,-61.608358759999994
SKR,-55.41948007999999
FET,-49.104410679999994
RESOLV,-49.04604645
ME,-43.742946849999996
2Z,-38.68457902
IP,-37.82258772
NXPC,-36.215110929999994
POLYX,-34.50402378
TRUMP,-32.946257800000005
SEI,-31.139085129999998
XAI,-30.6787464
APT,-29.294657639999993
S,-28.00936343
MERL,-27.855739310000004
ANIME,-26.550062770000004
REZ,-26.27322487
SAND,-24.551036610000004
SCR,-24.003153360000002
APE,-22.3202464
kFLOKI,-21.736309180000003
SKY,-21.58404067
BABY,-21.318231610000005
MINA,-20.410555450000004
SPX,-19.740477500000004
GAS,-19.380297690000003
KAS,-18.44259809
STX,-18.0259338
DASH,-17.946170350000003
CELO,-15.66893681
EIGEN,-14.767753999999998
IOTA,-13.898302829999999
DYM,-13.878670210000001
USTC,-13.028181519999999
BIGTIME,-12.934126129999997
POL,-12.623114009999998
CAKE,-11.426695840000002
ATOM,-11.335875810000001
ARK,-10.451723170000003
TNSR,-10.405536799999997
XLM,-10.12742651
DOT,-9.57904467
kLUNC,-9.038107369999999
SOL,-8.81435142
MANTA,-8.725487059999999
ZK,-8.478260149999999
MEME,-8.34021642
XRP,-7.0352567399999995
RSR,-6.686681010000001
ALT,-6.65364924
ZETA,-5.79537583
WCT,-5.54168915
JUP,-5.407391779999999
UNI,-5.2183801800000005
NEO,-4.797599419999998
VIRTUAL,-4.644124219999999
LTC,-4.2738273399999995
HYPER,-4.201245629999999
W,-3.8912248499999995
kNEIRO,-3.2239340399999996
COMP,-3.114548649999999
ZEN,-3.0676235199999997
ARB,-3.0161950199999996
BLUR,-2.6536157
kSHIB,-2.6090652599999995
ADA,-2.2165844099999994
TIA,-2.02475574
BANANA,-1.7597109899999999
TAO,-1.3881475600000013
POPCAT,-1.3412771799999994
AERO,-1.1654471899999985
PNUT,-0.8810567099999997
SUI,-0.5470583499999998
WLFI,-0.48372427999999934
AIXBT,-0.37836264999999997
BNB,-0.3513190699999999
PENGU,-0.33861123000000004
STRK,-0.3306680999999997
PAXG,-0.09298374999999993
MNT,-0.014045199999999534
