coin,fundingRate_avg_5d
BLAST,-150.97944848925619
NXPC,-87.76693591735537
ZRO,-21.103265692561987
BERA,-18.545562882644628
OMNI,-13.55110607603306
IO,-12.753301021487605
KAITO,-9.200098056198348
BIO,-8.06066820495868
BABY,-7.677839553719008
REZ,-5.0559773454545445
XAI,-3.3464713090909073
STG,-2.8656168099173533
PROMPT,-2.080493484297522
