coin,fundingRate_avg_5d
BIO,-267.0225733099999
OMNI,-150.59285778
KAITO,-138.22467656
BLAST,-74.68527289
ME,-62.72691221
PROVE,-37.064432350000004
TRX,-34.63752472000001
BERA,-28.458023620000002
MERL,-14.263094780000005
WLFI,-9.820621380000002
MOVE,-5.6653380099999975
UMA,-4.73938046
YZY,-2.667124349999998
