coin,fundingRate_avg_5d
OMNI,-668.8531282600001
KAITO,-395.09499241000003
BIO,-96.53330419
ME,-85.56046322
BLAST,-83.98050085999999
PROVE,-68.88886703000001
ZORA,-33.94884052999999
BERA,-22.10200633
MAV,-16.912176450000004
PYTH,-1.557741889999999
UMA,-0.9267912099999995
