coin,fundingRate_avg_5d
YZY,-240.55233297520664
BIO,-128.70728821487603
PROMPT,-108.3696877884298
OMNI,-105.88681202975206
BLAST,-78.23512489586777
PROVE,-55.39486920991735
BSV,-49.65801543471074
BERA,-44.71705616528925
GRASS,-35.19382125619835
SUPER,-22.096278297520662
GAS,-19.65035743140496
MAV,-14.34189227107438
UMA,-9.457687666115705
REZ,-7.394294280991736
TRUMP,-6.449935150413223
GMX,-6.0160291834710735
MOVE,-4.790238039669422
SOPH,-4.334779576859503
MAVIA,-3.055654512396693
HYPER,-2.0811566380165285
ME,-2.033710016528925
GMT,-0.6400548297520648
PNUT,-0.3528839305785105
