coin,fundingRate_avg_5d
BIO,-528.0079363899999
AVNT,-494.45029629000004
DOOD,-429.75404702000003
ME,-414.79400153000006
BLAST,-273.68403720000003
MERL,-266.81660307999994
KAITO,-259.51459266
0G,-216.08995574000002
REZ,-165.136877
OM,-121.72024891
BSV,-119.05993546
ZORA,-98.55949073000001
JUP,-75.25654241999999
APT,-72.47469711
SUPER,-72.07853487000001
IO,-68.20688351
NXPC,-67.58796542
MOODENG,-55.22537161999999
VVV,-54.06824059
kLUNC,-48.64081031
ZETA,-47.612385579999994
BERA,-47.10137243999999
MAV,-45.99507276999999
HYPER,-44.660690439999996
IP,-42.26055848000001
ATOM,-41.59260118
DYM,-33.619855810000004
IOTA,-32.17873653
MEW,-29.544888499999995
YGG,-27.688218909999996
kFLOKI,-26.66558819
INIT,-25.519093990000002
ALT,-25.134934410000007
AIXBT,-24.493054169999997
RSR,-24.45566576
TURBO,-23.8278424
MOVE,-23.521744639999998
MEME,-22.468702850000003
LAYER,-21.38825686
BANANA,-19.76748239
SKY,-19.21069095
XAI,-18.55518307
SAND,-17.962982250000003
PROVE,-15.551211900000002
MORPHO,-15.538510630000005
SEI,-13.82921052
UMA,-13.674333720000009
GRASS,-13.331957150000001
RESOLV,-13.18914652
TRX,-12.85205515
ACE,-12.57220965
GMX,-12.385755240000002
WCT,-11.89581501
SUSHI,-10.77404153
OP,-10.202947929999999
WLFI,-9.225254549999999
CELO,-8.193781340000001
BABY,-8.169700099999998
DYDX,-7.407950939999999
ARK,-7.310150649999998
CFX,-7.02278177
BCH,-6.8827393
PYTH,-5.6135145799999995
GALA,-4.05674213
2Z,-3.3996516099999994
GMT,-3.2898048600000003
TRUMP,-3.072886819999998
ETHFI,-2.934501450000001
ZK,-2.6788131099999997
kPEPE,-2.12319259
GOAT,-2.112733149999999
PROMPT,-2.1036336999999987
COMP,-1.9507994400000002
NEO,-1.7439167099999995
SOPH,-0.8980817699999977
TIA,-0.8806822199999995
BIGTIME,-0.716042399999999
YZY,-0.6667579099999991
INJ,-0.63083461
TNSR,-0.5461049699999997
LINEA,-0.2670690399999999
