coin,fundingRate_avg_5d
LAYER,-517.8295142700001
KAITO,-152.45505201
MOVE,-100.60776780000002
REQ,-31.37273987999999
ZORA,-18.774872189999993
GMX,-15.257340910000003
BLAST,-14.881060950000004
IO,-11.124679509999998
PYTH,-5.216048559999999
CELO,-4.673110329999998
TRUMP,-4.225723989999999
XAI,-3.8909182499999995
