coin,fundingRate_avg_5d
ALT,-309.20370195
IO,-120.31238696999999
CHIP,-82.53204800000002
ZORA,-60.74569221
ME,-49.78904629000001
TRUMP,-44.24166168
0G,-42.85735903
COMP,-32.60430171
JUP,-29.221875910000005
BCH,-28.371139749999998
TRX,-25.709540769999997
MOVE,-25.58433774
TON,-21.383499450000002
ETC,-20.07914713
STABLE,-17.52773362
HYPER,-17.52298424
2Z,-17.107587230000004
MEGA,-16.729549430000002
kLUNC,-16.45651045
HEMI,-16.370363880000003
ADA,-15.752749569999997
STRK,-15.095859800000001
MINA,-14.62251393
MON,-14.608027810000001
STX,-14.051169210000003
S,-13.823330369999999
BSV,-13.63091186
SNX,-13.010320609999999
OP,-12.42488835
kNEIRO,-12.057913700000002
DASH,-11.3482661
INJ,-11.08568072
GMT,-10.327948020000001
SEI,-9.565039619999999
SUPER,-9.08311406
CRV,-8.931494519999998
SUSHI,-8.641082269999998
FOGO,-7.922001609999999
PENGU,-7.80605352
VVV,-7.481028320000001
BABY,-7.26820923
TURBO,-6.8678699299999995
APT,-6.78103351
SAGA,-6.68399972
PROVE,-5.1231538699999986
JTO,-5.018061609999999
SAND,-4.8216573
ZETA,-4.69894065
PENDLE,-4.57464574
XRP,-4.4618432199999996
POLYX,-4.42388395
BLUR,-3.9826383699999997
AXS,-3.6290708999999994
KAITO,-2.96632288
MERL,-2.805010399999999
AIXBT,-2.7214662799999996
ZEC,-2.3169156099999992
kSHIB,-1.9389493499999988
ATOM,-1.6728490199999997
ZK,-1.5067112399999996
VIRTUAL,-1.4359589099999996
ONDO,-1.03441876
DOT,-0.8679721899999998
SPX,-0.7313921099999988
INIT,-0.3190136499999997
XLM,-0.2827852099999992
kBONK,-0.2575615199999996
NOT,-0.1507785799999997
