coin,fundingRate_avg_5d
BLAST,-228.50751396694216
CHIP,-198.68830745454545
0G,-127.77132854876034
YZY,-117.20748093223139
HYPER,-88.6402688231405
STABLE,-77.19245395041324
TRUMP,-76.99392628760332
APE,-59.94195716033058
BERA,-57.10641538512397
kLUNC,-55.628313798347094
kNEIRO,-51.97235168925619
WLD,-41.950645993388434
REZ,-29.882498598347105
COMP,-28.492603695867768
AXS,-26.679530568595037
INJ,-24.533145957024797
BIO,-23.864482125619833
MINA,-20.46733747438017
BANANA,-19.9141405785124
2Z,-18.064289206611573
TST,-16.73737725619835
STX,-16.09659121983471
MERL,-15.672504416528925
KAITO,-15.605079927272728
MON,-15.356485606611573
AVNT,-15.336978317355367
ALT,-13.871909583471078
CAKE,-13.6396240661157
MOVE,-12.337431242975207
WLFI,-11.903972687603305
TRX,-11.83815178512397
SUI,-10.176498515702479
SEI,-10.005449742148759
XAI,-9.376959560330581
DYM,-8.272963547107437
JTO,-8.191958885950413
POL,-8.184129907438017
IMX,-7.575287464462807
STRK,-6.586038763636363
FET,-4.781842195041321
TIA,-4.372737163636363
EIGEN,-4.288996631404957
ZK,-4.158637695867766
PROVE,-2.3860451801652895
ADA,-2.2082475867768596
MANTA,-2.010718274380165
PYTH,-1.8378219371900826
XRP,-1.6031545685950412
BLUR,-1.573912095867768
ARB,-0.9566788760330578
AZTEC,-0.7441265256198349
S,-0.6204903471074373
PNUT,-0.5236829355371899
NOT,-0.5228416859504134
BABY,-0.45128768925619783
BTC,-0.3112999933884296
W,-0.19220236363636337
ETC,-0.18273577190082574
