coin,fundingRate_avg_5d
POLYX,-1182.95275863
ANIME,-851.6476796100001
AVNT,-538.9349318999999
MOVE,-512.52616647
0G,-367.72276495
BANANA,-357.22783819000006
SUPER,-310.38606397
RESOLV,-254.63810214000003
SOPH,-223.34326785999997
ACE,-183.10701616999998
LAYER,-152.44957262999998
DOOD,-149.40551935
VVV,-147.62227315999996
ZORA,-103.78340066000001
MOODENG,-97.4916022
IP,-97.45592855999999
NIL,-85.15462190999999
BLAST,-81.86190143
2Z,-78.2922299
TURBO,-78.08098250000002
IMX,-63.26005311000001
YGG,-60.822163360000005
USUAL,-57.34931392
WCT,-53.28281607000001
REZ,-49.07011309
XAI,-47.70807033
USTC,-46.15981040999999
TNSR,-44.47081671
kLUNC,-40.742829349999994
OM,-39.51967347
DYM,-36.57357889
ME,-34.97496138
GMT,-34.62466138999999
HYPER,-33.38232403
HEMI,-32.00978533
SYRUP,-31.220180830000004
MANTA,-30.93231409
GOAT,-29.050760260000004
FET,-26.651221060000005
GMX,-26.60022618
CELO,-23.25560854
MEME,-23.190673580000002
NOT,-21.13617545
SEI,-20.849315379999997
HMSTR,-19.62686541
TRUMP,-19.48824279
COMP,-19.296530920000002
BLUR,-19.27814003
POPCAT,-18.246565350000008
RSR,-17.93159444
ZRO,-17.918305519999997
ZK,-17.650155350000002
BIGTIME,-17.427776180000002
IO,-17.251233709999998
BRETT,-17.142173900000003
ZETA,-16.80850258
SKY,-16.12146381
UMA,-14.64161
POL,-14.320104130000002
KAITO,-14.024880450000003
PROVE,-13.923901010000002
MAV,-13.82215288
S,-12.875702039999998
PROMPT,-12.80102085
ATOM,-11.591421069999999
EIGEN,-11.094653150000001
NEO,-10.636188330000001
JTO,-10.1059813
JUP,-9.83672737
BCH,-9.70990374
DOT,-9.395596399999999
PNUT,-9.23570815
APEX,-9.114897529999999
AR,-8.91046468
FIL,-8.545213559999997
MORPHO,-8.50924865
kSHIB,-7.784496620000001
NXPC,-7.263604390000001
W,-7.254453840000001
ETC,-6.64098009
MERL,-6.403222009999998
kFLOKI,-6.388708879999999
OP,-6.327585979999999
ONDO,-5.88092234
ADA,-5.745903729999999
CAKE,-5.563628569999999
STX,-5.2771116
WLFI,-5.229539689999999
ALGO,-4.817854729999998
MEW,-4.791099499999998
CFX,-4.7900088799999985
SUSHI,-4.32029987
STRK,-4.069420769999999
ENA,-3.9309507199999985
IOTA,-3.5772080499999994
TAO,-2.98554962
XLM,-2.6269086499999994
BSV,-2.4702754699999985
TIA,-2.3516935399999994
APT,-2.1775936499999995
ARK,-2.076580629999999
FXS,-2.0560603299999993
BERA,-1.6743133999999995
SAND,-1.4089839499999994
MELANIA,-1.2737105699999984
PENGU,-0.8819567999999997
kNEIRO,-0.7966095799999994
