coin,fundingRate_avg_5d
HYPER,-2108.3220739000003
ARK,-113.52816409000002
BLAST,-93.42550439
SOPH,-91.40536444000001
RESOLV,-74.66507087
MOVE,-63.02351267
GMX,-19.03793937000001
OMNI,-15.666195660000001
GAS,-12.118444570000001
USUAL,-11.293128469999997
ZRO,-3.0722239799999995
BCH,-0.5466247299999997
