coin,fundingRate_avg_5d
SOPH,-616.41894084
HYPER,-495.33809163
ZORA,-171.98894535
BLAST,-128.39037424999998
SYRUP,-116.41265835
SUPER,-103.74849863000001
MOVE,-93.16166779000001
MERL,-74.85747624000003
BERA,-66.23244083000002
GRASS,-45.92172383
ZRO,-30.587620500000003
OM,-22.088640759999997
REQ,-19.610201700000005
NXPC,-18.444188030000003
GMT,-14.315262039999999
USUAL,-11.4643653
OMNI,-11.37930716
REZ,-5.60913531
BABY,-4.440747679999999
