coin,fundingRate_avg_5d
YZY,-321.3918556799999
BLUR,-212.41095430000001
SUPER,-191.2574596
MOVE,-145.28399994000003
BLAST,-137.00661097
COMP,-133.66058151
FTT,-122.97287635
STABLE,-100.34649715
WLD,-97.10961875
FET,-81.59532733000002
UMA,-75.98146892
ZETA,-72.04395185000003
BIO,-68.12422122999999
ACE,-64.19014757000001
IP,-63.81884986000001
ALT,-49.34036201
kNEIRO,-48.81012723999999
MEME,-48.05522329
AXS,-40.6713003
JTO,-32.426448889999996
BOME,-31.934289460000002
0G,-29.047497890000002
AERO,-26.25241038
USTC,-25.239285719999998
KAITO,-25.23630294000001
2Z,-24.140939400000004
W,-23.509799649999998
XAI,-22.28161918
AVNT,-19.75949327
MET,-17.417850369999993
SAND,-16.94804427
DYM,-16.64051863
EIGEN,-14.99786606
TRUMP,-14.509466860000007
kLUNC,-14.214157770000003
TAO,-13.725279690000002
JUP,-13.213674519999998
ARB,-13.203757470000001
PNUT,-12.767528449999999
PROVE,-11.901078309999999
PYTH,-11.361297330000001
USUAL,-10.762375400000005
TIA,-10.446655509999998
S,-10.42669877
BERA,-9.430425430000001
IMX,-9.19740797
DASH,-9.13408193
OP,-8.98204483
INIT,-8.95802272
IO,-8.14091985
ETH,-8.05702898
GAS,-6.653264529999999
TON,-6.254272809999999
STRK,-5.245802629999999
MERL,-5.066691289999998
MORPHO,-4.7298094299999995
YGG,-4.593162189999999
BTC,-4.33454436
BANANA,-4.254577240000001
DOT,-4.1496441200000005
MANTA,-3.4299904099999985
ANIME,-3.3326923599999994
TURBO,-3.10186782
LAYER,-2.6637444499999994
ENA,-2.3597286499999997
ARK,-1.972654909999998
REZ,-1.3490852599999994
APE,-1.0598782400000013
SOL,-0.9857357900000001
APT,-0.9112575399999999
IOTA,-0.42092602999999856
SCR,-0.41963757999999907
TNSR,-0.17449482000000033
SUI,-0.10459148000000022
