coin,fundingRate_avg_5d
BLAST,-127.61633301818182
HYPER,-46.0321993090909
BERA,-23.39536095867769
USUAL,-17.669547679338844
SOPH,-9.024281960330576
ZRO,-5.516801851239669
REZ,-4.230990228099173
BANANA,-2.6511162644628112
REQ,-2.608864105785121
GRASS,-0.8329471338842961
BSV,-0.6595367801652876
VVV,-0.2545916628099147
