coin,fundingRate_avg_5d
ACE,-257.29044472
kBONK,-69.94258918000001
POLYX,-49.4355562
GMT,-26.604736120000002
STABLE,-26.303186989999997
kNEIRO,-25.44110663
OP,-24.87978116
SUPER,-24.394823910000003
W,-24.164967350000005
TURBO,-23.66110529
NEO,-21.335040590000006
AERO,-20.95380247
TRB,-20.586
UMA,-19.73082471
ATOM,-17.764027319999997
ZETA,-17.731579549999996
S,-15.546445730000002
ME,-15.49470844
TRX,-15.476842420000006
ZORA,-15.017821340000003
HYPER,-13.87992508
WCT,-13.520740260000002
MET,-13.332231630000006
VIRTUAL,-10.907236600000001
XAI,-10.688900170000004
YGG,-10.38297761
MOODENG,-9.77971218
TIA,-9.72151804
ZK,-8.931190109999998
GAS,-8.02264744
SEI,-7.85999249
MINA,-7.59590988
MEME,-7.301328599999997
AIXBT,-7.243997319999999
BSV,-6.913669400000001
POPCAT,-6.110114599999998
SOPH,-5.5249064500000005
IO,-4.84432307
PYTH,-4.3986055099999986
KAS,-2.9780627399999995
RENDER,-2.962719599999999
ALT,-2.8002048099999994
REZ,-2.4728947099999994
TRUMP,-2.4727728
MOVE,-2.0528621999999994
kFLOKI,-1.8240276399999993
AVNT,-1.3517373499999994
STRK,-1.2751793299999983
BCH,-0.9099712800000004
MERL,-0.7599445999999999
ANIME,-0.1429522499999996
