coin,fundingRate_avg_5d
BERA,-376.2875693752066
MOVE,-368.64877335867766
IP,-333.0278101586777
XAI,-308.8938139636364
AVNT,-303.50495082644625
BLUR,-281.64217141487603
KAITO,-223.95803475371903
ANIME,-152.71449825123966
ME,-127.0656374280992
BLAST,-126.9556777090909
VVV,-115.42582797024794
GMT,-107.0253977355372
LAYER,-63.605451421487594
IO,-43.218847844628094
POLYX,-39.14053500495868
ZORA,-34.30852479669421
0G,-33.68171204628099
REZ,-33.250716426446274
HYPER,-31.5573005553719
FTT,-25.305898135537195
MEME,-23.516258370247936
BSV,-21.67857109090909
ZEC,-21.350811709090905
ACE,-18.275742575206607
USUAL,-17.813411494214876
kLUNC,-15.650461071074384
ATOM,-12.479579980165289
TRUMP,-9.554579057851239
WLFI,-9.347782968595041
IMX,-9.341657484297519
MEW,-8.727291173553718
MELANIA,-7.714939963636363
ZEREBRO,-7.148124525619836
ZETA,-4.586186509090908
WCT,-4.518294337190083
FOGO,-3.974823937190081
ADA,-3.918820750413223
APT,-3.889675289256198
FIL,-3.6821422016528924
TURBO,-3.6245158809917353
BCH,-3.4844644760330583
SCR,-3.3194043570247924
NEO,-3.296393791735537
GMX,-1.9428861917355364
STABLE,-1.231547404958675
TRX,-1.1654832495867762
USTC,-1.1057378776859492
TNSR,-0.9944728462809902
STX,-0.842266760330578
SOPH,-0.40496176859504024
2Z,-0.15367284297520645
