coin,fundingRate_avg_5d
0G,-430.6197547499999
SUPER,-425.54506996
KAITO,-81.36573283999999
BIO,-64.70468149999999
ME,-61.77554555
REZ,-45.93885547
BSV,-40.31419598
BLAST,-23.60514787
PROVE,-22.854994030000004
MAV,-10.6966973
BABY,-7.084036069999998
ZETA,-6.033451459999999
RESOLV,-5.661072619999999
HYPER,-5.192442549999999
BERA,-5.117735079999997
OM,-3.608439639999998
GMX,-1.6502701199999996
TRUMP,-1.466045859999999
PAXG,-1.0232344299999991
FTT,-0.735842919999998
TIA,-0.4612570699999998
