coin,fundingRate_avg_5d
OMNI,-284.12608130000007
MERL,-163.02248602000003
KAITO,-152.85486644
BIO,-65.92529916999999
BLAST,-53.263616340000006
ME,-32.12834025
BERA,-17.08305266
ZORA,-16.660891470000003
ENA,-15.823357360000001
MAV,-8.186844879999999
kLUNC,-6.521222859999999
PYTH,-4.740343330000001
TRX,-2.395354839999998
PROVE,-1.5256970799999976
