coin,fundingRate_avg_5d
TNSR,-1487.8016645599998
RESOLV,-1435.43208725
MERL,-912.2110535899999
SUPER,-613.6956408000001
LAYER,-502.7801043699999
0G,-412.70065864000003
DYM,-383.59600248000004
USUAL,-370.60345007
OM,-341.47734505000005
ACE,-302.42686083
HEMI,-209.79504675
KAITO,-203.18562967
MAV,-187.50591513999998
XAI,-122.80021456
ME,-122.66419146999998
BLAST,-121.49394525999998
2Z,-117.38145157000001
ZORA,-107.11392200000002
DOOD,-100.65238686000004
REZ,-88.10775369
WLFI,-80.56288832999999
IP,-66.60660671000001
MOODENG,-60.131570220000015
GMX,-46.31585302
TURBO,-44.679655839999995
MOVE,-44.49574694
WCT,-44.13412319
ZETA,-43.68475271
ARK,-41.4921342
ZRO,-39.3971802
AR,-34.041536660000006
BRETT,-32.90703781999999
BABY,-32.39729268999999
APT,-32.14834882
STRK,-31.50095927
BERA,-31.015880109999998
IO,-30.73216853
MEW,-29.25090874
INIT,-28.552511899999995
BIO,-22.86654847
ATOM,-21.88478096
ANIME,-21.360594239999998
BSV,-20.60566985
IMX,-19.61522556
ZK,-18.048712719999997
SKY,-17.928231330000003
FXS,-15.403088330000003
HYPER,-15.2560948
TRUMP,-14.86322194
ZEN,-14.69060541
GRASS,-14.650266340000002
ZEC,-14.149841850000001
JUP,-12.495692509999998
STX,-12.405489329999998
FET,-11.959239599999998
MANTA,-11.446133549999999
RSR,-10.14464721
ALT,-9.511918979999999
PROMPT,-8.98214922
W,-8.285464959999999
PYTH,-7.75578937
DOT,-7.40480318
CC,-7.1258570400000005
SOL,-7.03970098
CELO,-6.496829180000001
kFLOKI,-6.157183539999999
NIL,-6.047200279999998
ENS,-5.90451156
PENGU,-5.894086429999999
ICP,-5.575194690000001
UMA,-5.26493228
INJ,-4.6103974899999995
kBONK,-4.395031429999999
SUSHI,-4.353373250000001
kSHIB,-4.209319429999999
AVNT,-4.1399307400000005
VVV,-4.017067359999999
SEI,-3.8989767200000003
PROVE,-3.612560489999999
HBAR,-3.1434055499999998
ADA,-2.90897554
ALGO,-2.6890002599999994
SCR,-2.5331693499999988
BANANA,-2.256697909999999
BIGTIME,-2.24679911
FIL,-2.0247725299999995
MINA,-1.9868285899999978
S,-1.9585381699999989
SNX,-1.3652394299999993
COMP,-0.5181737099999987
kLUNC,-0.5057220999999993
WLD,-0.3499685699999997
RENDER,-0.029236499999999502
