coin,fundingRate_avg_5d
KAITO,-107.34016725000001
BLAST,-70.23928454
LAYER,-35.468610739999995
POLYX,-25.315335659999995
BERA,-19.93672705
IO,-13.24494772
ZRO,-9.624768219999998
BCH,-6.31837411
TRUMP,-5.439454109999999
GMX,-3.9785452599999993
MOVE,-0.07529584999999987
