coin,fundingRate_avg_5d
ZETA,-323.52485436
BANANA,-267.26041242
TURBO,-258.19862822999994
STABLE,-230.85801049999998
XAI,-182.18464218999998
RESOLV,-181.93067008
0G,-164.80210484
ANIME,-162.22739703
BLAST,-150.77865008
AXS,-114.19167058000001
JTO,-100.46753917999999
REZ,-82.40722165
IP,-69.81540638999998
IMX,-59.72027799999999
POLYX,-55.92078276000001
AERO,-55.02799568
2Z,-47.816154860000005
TRUMP,-43.531467310000004
MEME,-38.82212781
ZORA,-38.498091030000005
kNEIRO,-36.95786329999999
POL,-36.80558749
MOVE,-31.479149060000005
kFLOKI,-31.07621679999999
TST,-31.004648329999995
kLUNC,-30.77679051000001
BSV,-29.840528280000008
ALT,-27.932428000000005
EIGEN,-27.35441035
INIT,-27.130460949999996
SOPH,-27.097837250000005
FTT,-26.07843459000001
kPEPE,-25.75778136
S,-25.399750670000003
USTC,-24.813700829999995
STRK,-24.688593430000005
PYTH,-24.56475769
OP,-24.17725471
LAYER,-23.81201892
MEW,-21.20599995
MANTA,-20.306126029999998
SAND,-20.28166957
ADA,-19.562544380000002
MINA,-18.749820050000004
USUAL,-18.47425746
MON,-18.137785860000005
ACE,-18.110971499999998
BIGTIME,-18.003821369999997
kBONK,-17.945545470000003
BABY,-17.2687194
W,-16.86012234
MOODENG,-16.389176709999994
DYM,-16.08660485
SEI,-14.188496810000004
KAITO,-13.824645829999998
GOAT,-13.31472769
APT,-13.284534890000002
SCR,-12.50332247
SPX,-12.22134537
DOT,-11.744014429999998
SOL,-11.116151649999999
ENA,-11.03681744
BRETT,-10.154172250000002
YGG,-10.05416371
FET,-10.023794979999998
VIRTUAL,-9.37630907
PNUT,-9.26808073
LIT,-9.123780899999998
MERL,-9.121973419999998
GRASS,-8.68828626
MET,-8.21354755
AVNT,-7.902841299999999
BLUR,-7.322711760000001
APE,-7.271124119999999
ETC,-7.244765279999999
ZRO,-7.17238286
TIA,-6.92838839
XRP,-6.774744560000001
UMA,-6.65925272
BERA,-6.20965448
ASTER,-6.151677879999999
NEO,-5.77532784
BNB,-5.24442001
ONDO,-4.233845969999999
MORPHO,-3.738677479999999
ARB,-3.71880323
PENGU,-3.637008190000001
PUMP,-3.5623627700000005
SKY,-3.3981266399999988
SNX,-3.374622099999999
TON,-3.332860989999999
INJ,-3.2902085499999996
PROVE,-2.9549480199999985
SUI,-2.7463322699999995
kSHIB,-2.6563524699999994
AIXBT,-2.4407221499999987
COMP,-2.3276604799999987
DOGE,-1.3431963500000001
TAO,-1.2554904999999994
ETH,-0.8316335199999999
BTC,-0.80474981
FIL,-0.5669669099999992
