coin,fundingRate_avg_5d
LAYER,-209.38053523000002
JTO,-128.26319146
IO,-72.93587753000001
kLUNC,-67.59904243999999
BLAST,-58.17302986
ACE,-51.22320647999998
WIF,-50.66233945000001
STABLE,-48.81998151
HYPER,-47.19836535000001
MEGA,-32.72053742000001
NIL,-30.91365164
COMP,-30.06137517999999
STX,-29.793110400000007
BLUR,-26.58411581
BANANA,-22.880428690000002
CHIP,-19.53590230000001
ATOM,-14.37686528
XAI,-13.758783769999999
BABY,-12.116642930000003
KAITO,-11.50865002
EIGEN,-8.242569429999998
FTT,-7.949048840000004
DYM,-7.7272500200000005
S,-5.728254519999999
NOT,-3.237673369999999
2Z,-3.054653609999998
GRIFFAIN,-2.3207356999999993
MERL,-1.754956499999999
ORDI,-0.8878916999999997
