coin,fundingRate_avg_5d
GAS,-1087.94231693
ARK,-722.5916074099999
USUAL,-267.36172766000004
MELANIA,-250.47504353999997
BADGER,-196.88220887999998
BLAST,-130.16336320999997
MOVE,-120.59150539000001
LAYER,-107.03889843999998
REZ,-106.49102979000001
GMX,-77.45879400999999
BERA,-53.08556569
DYM,-45.85216140000001
kSHIB,-43.27989105999998
SPX,-38.59178068999999
XLM,-35.65472861999999
SAGA,-35.12574871999999
AVAX,-34.142603699999995
XRP,-33.34132358000001
VIRTUAL,-32.841615950000005
kFLOKI,-32.535524030000005
ONDO,-32.48692719999999
PIXEL,-31.703181679999997
SUPER,-31.586004270000007
IMX,-29.81379568
NEO,-28.238648400000002
ZRO,-27.312839769999997
MNT,-25.35472865
DOT,-25.122636829999998
SEI,-23.980412400000002
INJ,-23.67539942
OMNI,-23.28369967
ETC,-23.249064090000005
STRK,-22.732067140000005
kBONK,-19.963439940000004
STG,-16.42301513
ADA,-15.683281310000003
IO,-15.450858799999999
TRUMP,-15.02163632
JTO,-14.964434980000002
GRASS,-14.702589090000005
SOL,-13.80921874
ETH,-12.12132223
FET,-12.084890119999999
GMT,-11.813393630000002
HBAR,-10.928535810000001
MANTA,-10.84542458
TURBO,-10.474669259999999
PYTH,-10.18887499
SUI,-9.83196996
UNI,-9.767727039999999
TON,-9.73484638
TNSR,-9.27080144
EIGEN,-9.22446834
ENA,-8.88479788
ATOM,-8.293786229999997
IP,-8.143116419999998
WIF,-7.7432078199999985
APT,-7.683541269999999
S,-7.653430229999999
ARB,-7.61217866
ETHFI,-7.539160409999999
APE,-7.325262380000001
OP,-7.2900946300000005
DOGE,-6.718656469999999
SAND,-6.400887470000001
BCH,-5.988874739999999
MAVIA,-5.737191909999998
CYBER,-5.482252549999999
RDNT,-5.38239001
ALGO,-5.0419275
LISTA,-4.4163992599999995
AI,-4.300545339999999
KAITO,-4.206000119999999
POLYX,-4.102627739999999
PNUT,-3.606807359999999
CFX,-3.5889325799999994
RUNE,-2.753136599999999
CELO,-2.4221129899999996
PENDLE,-2.3397083999999997
BSV,-2.30364713
CAKE,-2.018752949999998
MAV,-1.8818436399999994
STX,-1.56006329
BANANA,-1.50320505
FXS,-1.1377955199999994
HMSTR,-1.1026934699999997
