coin,fundingRate_avg_5d
OMNI,-442.1594774975207
KAITO,-261.54060882644626
BIO,-233.73774943140498
BLAST,-83.10332114380165
ME,-66.31168473719009
PROVE,-40.22951883966941
TRX,-30.79596533553719
BERA,-26.947361414876028
MERL,-8.516264221487605
UMA,-6.551695219834711
WLFI,-3.0125162181818177
LINEA,-1.9839785553718974
