coin,fundingRate_avg_5d
HYPER,-2321.0204642400004
ARK,-110.76044209
SOPH,-103.37641836000002
BLAST,-102.37254572
RESOLV,-74.65935862
MOVE,-68.9617276
GMX,-39.38003396
OMNI,-14.55132944
GAS,-12.11844457
BABY,-7.255023240000003
ZRO,-6.651534429999999
USUAL,-6.447907499999998
BCH,-0.5466247299999999
