coin,fundingRate_avg_5d
SOPH,-315.38300668
HYPER,-104.12968491999999
BLAST,-76.32097148
MERL,-61.2159604
ARK,-51.764237949999995
BERA,-37.31915417
UMA,-34.85256885
ZRO,-13.0137684
ZORA,-8.249907389999994
RESOLV,-6.201449280000004
GAS,-4.0530483299999975
SUPER,-3.977556839999998
