coin,fundingRate_avg_5d
LAYER,-1298.2274864100002
MOVE,-645.92596132
KAITO,-338.49358539
BIO,-66.46455236
BLAST,-60.95740973
TRUMP,-56.16942514
REQ,-50.81625265
USUAL,-44.10144692999999
BERA,-43.70216539999999
VIRTUAL,-43.4459938
REZ,-43.37098046
TURBO,-41.63563103
GMX,-36.47317834
MELANIA,-35.08200493
IO,-33.289316920000005
SEI,-31.09272648
PENGU,-28.0030701
BSV,-26.49207449
SNX,-25.949756029999996
MERL,-25.83751269
BCH,-23.43558201
CELO,-23.43506152
XLM,-22.473669040000004
ZRO,-22.344232010000002
BABY,-20.8327035
PYTH,-20.216609780000002
BRETT,-19.38680418
WCT,-19.37298893
SCR,-18.523113440000003
JTO,-18.176571490000004
ZORA,-17.964790460000003
MOODENG,-17.75788802
IP,-17.717724150000002
BANANA,-16.63026067
VVV,-15.73769551
BLUR,-15.219750290000002
ACE,-14.999848010000001
ONDO,-13.08802108
SUI,-11.92553696
AIXBT,-11.735206250000001
ALGO,-10.621960629999998
FET,-10.21242844
APT,-9.87257694
CFX,-9.56820563
kSHIB,-7.968094539999998
DOT,-7.68322372
GAS,-7.640804149999999
COMP,-7.46590053
TON,-7.112624329999998
ATOM,-6.96645935
ETC,-6.68291202
GMT,-6.370023799999998
OP,-6.275992499999998
BNB,-5.905727009999998
DYM,-5.198110269999999
ANIME,-4.980028609999999
INJ,-4.570232889999999
SAGA,-4.075092869999999
ME,-3.9732564100000003
MEW,-3.206703849999999
W,-3.1480089299999996
SAND,-3.0670037499999996
POL,-2.7186638099999993
TNSR,-2.6075023300000004
S,-1.9938176099999996
XAI,-1.966994489999999
ARB,-1.5520873099999994
OMNI,-1.3461126999999997
RENDER,-0.8465087299999998
NOT,-0.5904699899999987
WLD,-0.5849446199999998
XRP,-0.5818384700000001
MEME,-0.5162545399999992
POLYX,-0.4657034999999992
