coin,fundingRate_avg_5d
ALT,-309.59239264
SUPER,-220.25706949000008
CHIP,-101.20345656
BLAST,-62.78848843999999
SAGA,-60.28696386
GMT,-52.51749502
ME,-50.624261919999995
FOGO,-32.237466489999996
BCH,-30.18694029
TRUMP,-28.415158020000003
TON,-27.644015949999996
COMP,-27.0543548
ETC,-25.11524412
MEGA,-24.29748863
MINA,-22.87955707
0G,-22.702988319999996
STABLE,-19.86216412
OP,-18.97682669
kSHIB,-16.395340830000006
SUSHI,-16.009285440000003
TST,-15.33428729
VVV,-14.93346692
BLUR,-13.828171730000001
JUP,-13.36340628
DASH,-12.87618968
SEI,-12.358560550000002
STX,-12.304032470000001
AIXBT,-12.255862689999999
HYPER,-12.029963460000001
SAND,-11.5926701
ZORA,-11.315436539999999
BSV,-10.999309310000001
ADA,-10.380759140000002
STRK,-9.87680729
kLUNC,-8.163406039999998
PURR,-7.447921359999999
CRV,-7.289986589999999
SNX,-6.913078829999999
kNEIRO,-6.69427812
MOODENG,-6.20643664
MOVE,-6.130613729999999
AXS,-5.062583579999997
MON,-4.760119029999998
PROVE,-4.592971659999998
PENDLE,-4.578735199999999
TURBO,-4.527375319999999
POL,-4.212119709999999
S,-3.7942516499999983
PENGU,-3.72699018
SPX,-3.7010999999999985
INJ,-3.6449396399999987
W,-3.53514545
IO,-2.9225622999999996
NOT,-2.87394941
2Z,-2.7030366999999993
INIT,-2.172126679999999
MERL,-2.080970849999999
APT,-1.7797312400000005
BTC,-1.30043295
TRX,-0.7881474199999989
SOL,-0.6931233199999998
ZETA,-0.6534171599999994
KAITO,-0.4744459799999997
PNUT,-0.41557148000000005
XRP,-0.3759689800000001
