coin,fundingRate_avg_5d
GMT,-530.6458892100001
ANIME,-400.7406905
AVNT,-388.0140676
HYPER,-310.74439687999995
POLYX,-284.35687006999996
0G,-154.20475616
BLAST,-145.28656151
IP,-139.98944426
VVV,-120.36841228
FTT,-78.70225995000003
BERA,-72.16300317
REZ,-61.06199172
TNSR,-58.56221549
CELO,-41.77575452999999
ZETA,-39.54891654000001
kLUNC,-29.842153260000003
WCT,-24.990573259999998
FOGO,-23.53817548
MOVE,-22.08439435
AR,-21.793689370000003
ZORA,-21.568546419999997
MEW,-21.07287569
TRUMP,-18.465026610000002
XAI,-18.203687340000002
FET,-17.545718630000007
GMX,-16.33765331
ACE,-16.20101264
IO,-16.016785459999998
USTC,-14.9664308
ATOM,-14.06195715
SUPER,-12.619063970000001
STRK,-12.272572389999999
SKY,-12.160716680000002
SCR,-10.98592476
PROVE,-8.80752957
2Z,-8.05050789
BABY,-7.6983675699999985
SAND,-7.59466085
MEME,-7.187521599999998
NOT,-6.421376379999999
WLFI,-6.405052849999999
MINA,-4.541610319999998
BIO,-4.0257375699999995
ZK,-3.251728059999999
MOODENG,-3.1873143199999987
EIGEN,-2.86266288
TURBO,-2.85327289
APT,-2.6780086499999998
ETC,-2.2545393
SOPH,-1.8685934099999995
IMX,-1.5227245199999986
MON,-1.1598991899999986
BSV,-0.5363142099999988
ZEN,-0.5083333099999992
BIGTIME,-0.08349959000000082
