coin,fundingRate_avg_5d
PROVE,-134.8506363966942
OMNI,-62.38233316363636
BLAST,-45.37131957024794
SOPH,-33.6725227338843
REZ,-27.829090889256204
HYPER,-25.772339176859507
SUPER,-20.18957669752066
GRASS,-19.37033860165289
BERA,-12.872261821487607
ME,-11.958510565289256
GAS,-10.064775937190083
VVV,-8.095255001652895
MAVIA,-5.659597814876031
MEW,-3.6979362644628084
ZRO,-2.3453662016528924
