coin,fundingRate_avg_5d
ME,-370.26894947000005
OMNI,-301.20768418
KAITO,-116.53831398
BIO,-74.18952551000001
BLAST,-68.60163028
BERA,-27.432190390000002
ENA,-27.351996240000005
kLUNC,-10.06557361
YZY,-9.707807910000005
MERL,-5.086366979999998
RESOLV,-4.15304957
PYTH,-3.4421463699999997
MAV,-0.770283589999999
