coin,fundingRate_avg_5d
OMNI,-248.67365101
MERL,-146.92391647
BIO,-84.05299789
BLAST,-58.787054760000004
KAITO,-48.734717509999996
ME,-39.1282409
PROVE,-36.861731060000004
BERA,-34.1520718
MAV,-25.52050143
ZORA,-19.073139239999996
ARK,-14.797424119999999
PYTH,-8.234053979999997
