coin,fundingRate_avg_5d
BIO,-273.38963185
MERL,-133.35275803000002
YZY,-101.89175385000001
OMNI,-100.40565124
PROVE,-80.66626728000001
BLAST,-56.77991026999999
TRX,-32.54303646
BERA,-27.63162274
WLFI,-15.237677629999997
MOVE,-12.053545380000001
UMA,-8.55144411
USUAL,-6.122210699999999
SUPER,-2.0944269399999986
IP,-2.073451119999998
ME,-1.5153661199999997
MAV,-1.3936138
OM,-0.3565604699999997
