coin,fundingRate_avg_5d
OM,-1316.7275288033059
INIT,-899.8169580396694
ME,-891.6298178776862
YZY,-758.9489241619834
MOVE,-678.3429856264463
VVV,-594.5885937719007
AXS,-582.7323905950414
BERA,-562.4435891603306
0G,-550.0985584363636
MOODENG,-370.6830241785124
COMP,-274.9875317157025
TNSR,-227.73992874049588
ACE,-208.07775472066118
BLAST,-182.01224295867772
RESOLV,-124.7849062710744
STABLE,-122.39058397685949
SOPH,-122.10904988429749
AVNT,-118.90803439338843
SUPER,-118.80095171900825
DYM,-105.69751422148761
UMA,-87.90349852561984
ARK,-80.10083983140495
ZORA,-77.52492563305785
SKR,-49.67418016859503
NXPC,-48.632697976859504
LINEA,-44.2013556892562
REZ,-39.9907603338843
WLFI,-37.134812102479344
2Z,-31.793547619834705
XAI,-31.793493322314045
MINA,-31.76046957024793
PYTH,-30.448873864462808
JTO,-30.196784955371907
ANIME,-28.984777418181817
ICP,-24.915868909090907
BIGTIME,-23.717783980165297
APT,-23.27372292892562
CELO,-23.14193922644628
SCR,-22.60540587768595
MEW,-22.530592581818183
LAYER,-21.94813004628099
BSV,-20.70710663801653
SAND,-19.75419456198347
TAO,-19.23378033719008
YGG,-18.990189352066114
IP,-17.645304922314043
MERL,-17.569400608264463
SAGA,-16.413976879338843
TRUMP,-15.348351838016526
BABY,-15.229560446280992
XRP,-14.341415900826448
SOL,-14.266111031404959
HYPER,-13.132548208264467
POLYX,-12.582271795041322
SKY,-12.087864634710744
MANTA,-11.403218509090907
FET,-11.106745358677685
SEI,-11.081305160330578
XLM,-10.641699401652893
BLUR,-10.385045880991735
AIXBT,-10.107791157024794
MEME,-9.854317299173552
DASH,-9.458974879338841
NEO,-8.755060373553718
KAS,-8.3638590446281
NIL,-8.302466647933882
kLUNC,-7.738136588429752
ZETA,-7.606356505785125
kFLOKI,-7.2444570148760326
DOT,-6.505801507438015
CAKE,-5.881967157024794
SPX,-5.574978386776859
KAITO,-5.443427801652893
IO,-5.166011633057852
ENS,-5.118796680991736
AERO,-4.7009222380165285
WCT,-4.347245563636364
RSR,-4.342731629752065
VIRTUAL,-3.805483001652892
UNI,-3.7353067140495866
EIGEN,-2.580205150413222
STX,-1.943526902479339
IOTA,-1.842944727272727
TIA,-1.3246669289256192
PENGU,-0.8395555041322312
kSHIB,-0.7298477256198346
GAS,-0.6293784892561982
PNUT,-0.6268489487603304
GOAT,-0.6071490842975196
DOOD,-0.4337104958677669
