coin,fundingRate_avg_5d
DOOD,-479.00086610000005
0G,-245.40973779
REZ,-71.68951787
BLAST,-53.40566996
CELO,-36.68671428999999
APT,-28.901735139999996
KAITO,-28.78341747
BIO,-17.418938070000003
MAV,-8.1200455
2Z,-2.6466821600000014
ME,-1.2506856399999993
SUPER,-0.5224675699999989
