coin,fundingRate_avg_5d
OMNI,-673.7930842499999
KAITO,-357.77113704
BIO,-98.46577771
BLAST,-78.83592806
PROVE,-67.79568838
ME,-54.71034713000001
ZORA,-35.46253202999999
BERA,-25.64627751
MAV,-16.22649986
PYTH,-3.1123075499999997
