coin,fundingRate_avg_5d
MAVIA,-1498.001594796694
REQ,-526.4728268528926
OM,-256.74570120000004
DYM,-228.18502506446276
ZRO,-171.41081421818183
BANANA,-148.83046049256197
MELANIA,-142.6022691768595
BLAST,-127.67345039008265
BERA,-92.44467021818183
UMA,-91.98845520991736
MOVE,-80.10888527603305
ORBS,-65.03630330578514
MNT,-44.38052158016529
REZ,-44.256907120661154
ARK,-39.25155388760331
VINE,-36.68692922975207
LAYER,-33.32167315041322
IP,-31.7164972661157
SEI,-23.90164045289256
RDNT,-23.612943431404958
VIRTUAL,-21.81137486280992
GRASS,-19.72537995371901
VVV,-19.015365302479342
MANTA,-18.21756893553719
TRX,-18.17163974876034
IMX,-15.373462631404957
ALT,-14.669862327272728
FTT,-14.419469672727274
IO,-13.982645395041324
ATOM,-13.947630009917354
BNB,-12.183902469421488
TON,-11.853545494214876
CYBER,-11.80470089256198
BADGER,-11.706152340495866
XRP,-11.574661844628096
ADA,-11.48892461157025
USUAL,-11.42866305123967
FXS,-10.161382085950414
CELO,-8.287668039669422
XAI,-6.793815104132233
SUI,-6.277705586776859
XLM,-6.179302552066116
COMP,-5.606116204958678
SUPER,-5.397795441322314
ZETA,-5.179522304132232
FET,-5.146435566942149
TIA,-4.577268684297521
TRUMP,-4.533087153719007
ONDO,-4.334254700826446
UNI,-4.296778552066115
JTO,-4.182417114049586
APE,-4.021071669421487
W,-3.6622989917355366
SOL,-3.4744071272727277
AI,-3.264789014876033
kSHIB,-2.758676757024793
SUSHI,-2.6268525123966944
PYTH,-2.45870612231405
BIGTIME,-2.1039587008264466
kBONK,-1.3816728099173556
CATI,-0.9678612694214872
BTC,-0.7253301719008258
NEO,-0.6814490876033057
ETHFI,-0.6376744264462808
ETH,-0.11000967272727238
