coin,fundingRate_avg_5d
OMNI,-498.276246
KAITO,-146.60555442644625
BIO,-100.77463240661157
BLAST,-72.45369647603306
PROVE,-61.87636425123968
ME,-34.72278809256198
MAV,-32.06177158016529
BERA,-30.953239914049593
ZORA,-27.949708125619832
ARK,-14.577329940495868
PYTH,-5.681242254545454
