coin,fundingRate_avg_5d
REZ,-748.98656051
KAITO,-528.5030494
BERA,-97.66589408000002
REQ,-81.94595144000002
BLAST,-81.73643122
MELANIA,-77.2017851
USUAL,-56.84631982999999
MOVE,-52.147687239999996
IP,-48.478507220000004
ADA,-41.414167279999994
ENA,-40.001022329999984
ANIME,-38.68703108999999
MNT,-38.376840949999995
LAYER,-31.415535399999996
ARK,-29.40284729
DYM,-25.915176659999997
SUI,-23.60160226
PNUT,-18.31928211
SEI,-15.904971360000001
TNSR,-14.845633320000001
TURBO,-14.33619844
IMX,-14.126421989999999
BIGTIME,-14.097827159999998
RDNT,-13.94964957
NEAR,-13.5841247
OMNI,-13.40562802
CYBER,-11.83126038
kBONK,-11.72932829
FET,-10.936783350000002
ARB,-10.60078771
ALT,-10.088214560000003
USTC,-9.796226969999998
BNB,-9.69912164
ATOM,-9.511942340000001
HBAR,-9.30020876
S,-8.804199309999998
ORBS,-8.491065809999998
SOL,-7.76586556
ME,-7.36950622
APE,-7.31895445
APT,-7.284563419999998
W,-7.220717620000001
XLM,-7.196959040000001
VIRTUAL,-7.111215429999999
COMP,-6.786676410000001
JUP,-6.562777379999998
EIGEN,-6.384769799999999
STG,-4.731965849999999
SAND,-4.55290853
CAKE,-4.468581119999999
XRP,-4.3515453299999995
TIA,-4.275253760000001
YGG,-4.07821727
ETHFI,-3.4023693999999995
STRK,-3.2833326799999996
TON,-2.9372820199999996
IO,-2.6052940799999997
PENGU,-2.3453520299999995
POL,-2.11849431
ALGO,-2.081446809999999
ACE,-1.7878897199999992
PIXEL,-1.6297812099999995
GALA,-1.3081388299999992
kSHIB,-1.0766463399999997
MAVIA,-0.8556534399999989
CELO,-0.6568525399999984
BRETT,-0.3144686699999995
