coin,fundingRate_avg_5d
kBONK,-139.16484575
STABLE,-58.951680710000005
MOVE,-53.51501228000001
0G,-42.04374264
POLYX,-37.434700760000005
MINA,-35.7303902
kNEIRO,-32.6369349
SUPER,-32.16049456
XAI,-31.90622607
TRUMP,-26.91547814
ZETA,-24.74989299
SNX,-23.91412986
ALT,-21.762804529999997
BIGTIME,-19.72560959000001
IO,-19.59669816
ATOM,-19.43502433
TRX,-18.867819439999998
PENGU,-14.99178881
BLUR,-13.554283029999999
ME,-12.770127250000002
AVNT,-12.73895406
SAND,-11.6323602
W,-11.56519801
STX,-11.528151240000001
CELO,-11.276526810000002
TRB,-10.24156347
MEME,-9.70423383
RENDER,-9.46030798
PROVE,-9.07372918
OP,-8.51861017
BCH,-7.88891071
S,-7.519032119999999
HYPER,-7.304487310000001
STRK,-7.284667809999999
WCT,-7.24533906
KAS,-7.240103499999998
LIT,-6.979178869999999
ANIME,-6.325198149999998
BSV,-5.548240169999999
SEI,-4.797492109999999
NXPC,-4.6469814399999985
POPCAT,-4.323495079999999
CRV,-3.9586783100000003
MORPHO,-2.9273839500000003
SOPH,-2.325954469999999
SUSHI,-2.2776956299999993
MOODENG,-2.10688804
YGG,-1.4259914899999993
WLFI,-1.3481785999999998
SPX,-1.3012140499999991
NOT,-0.43797882999999854
