coin,fundingRate_avg_5d
OMNI,-1011.0482049299998
ZORA,-149.51225557
SOPH,-147.10847944999998
SUPER,-129.84682644999998
BLAST,-117.72719855000001
MOVE,-98.97362922
HYPER,-77.32779405000001
BERA,-73.7477025
FTT,-56.739303289999995
ZRO,-24.75025361
GRASS,-22.109634830000005
OM,-15.905618140000003
DOOD,-14.233537810000001
USUAL,-12.23677465
REQ,-6.684557439999999
REZ,-5.878179000000004
VINE,-5.339922989999994
KAITO,-3.8512442100000004
