coin,fundingRate_avg_5d
YZY,-420.69952194999996
ZORA,-235.59758879000003
0G,-174.43921152000001
BERA,-173.73157142000002
STABLE,-149.99052675000001
PROVE,-146.37916564999998
ARK,-144.54937465999998
ANIME,-142.09361524000002
GAS,-138.71890919000003
MOVE,-137.29662902
ZK,-128.65119814
SKR,-106.71791233
SOPH,-101.80780458
WCT,-101.52693416000001
BLAST,-92.62102979000002
WLFI,-88.79654811
AVNT,-64.04422349
TRUMP,-63.57280701000001
HYPER,-59.94347623000001
POL,-52.941215490000005
RESOLV,-52.673204020000014
BSV,-51.26247026
POLYX,-49.04425137999999
AXS,-45.82081812
INIT,-42.30084061
DYM,-38.77884319
BABY,-36.935649399999996
ZETA,-36.44197668
FET,-35.36087515
SOL,-34.86357652
JTO,-33.632241719999996
CELO,-33.20420038
XAI,-33.119061210000005
MERL,-30.549814529999995
IO,-29.31310912
MANTA,-29.25102992
GOAT,-29.0294136
STRK,-28.574968889999994
SAND,-28.376984130000004
LINEA,-27.972805760000004
2Z,-27.48414668
REZ,-26.40063396
ICP,-26.36668312
W,-24.27393883
IMX,-22.58598611
USTC,-22.525261790000002
PYTH,-22.500587059999997
LAYER,-22.327695320000004
kLUNC,-21.75886764
TRX,-21.269094579999997
YGG,-19.728541999999997
S,-18.30995636
SKY,-16.980051120000002
BIO,-16.90078699
OM,-16.76954686
SCR,-15.747189889999998
RSR,-15.644741690000002
SUSHI,-15.42412839
ZEN,-15.151014949999999
MOODENG,-13.701816029999998
XRP,-13.437932709999998
TAO,-12.666881159999999
APT,-12.605149439999998
NEO,-12.17721395
MON,-11.91210058
AR,-10.38185998
MEME,-10.230276209999998
ENS,-9.43520547
DASH,-8.587680579999999
JUP,-8.37972621
MNT,-8.3790057
STX,-8.3223796
IP,-7.884711019999998
RENDER,-7.56719314
KAS,-7.482430649999999
PENGU,-7.139075880000001
kSHIB,-7.125855579999999
VIRTUAL,-7.096187649999999
BANANA,-6.7778018
kFLOKI,-6.61447379
PNUT,-6.484376839999999
SEI,-5.93720607
SNX,-5.91290802
SPX,-5.371667039999999
ALGO,-4.99754788
TIA,-4.920570839999999
TON,-4.82299174
MELANIA,-4.794045049999999
ME,-4.56588793
HBAR,-3.9967843099999993
NXPC,-3.6866722799999994
FOGO,-3.52454804
ARB,-3.46094168
IOTA,-3.4573062799999996
EIGEN,-3.31901289
USUAL,-2.5851022799999996
AIXBT,-2.5116803399999994
BLUR,-2.4317081099999984
ONDO,-2.20843615
CAKE,-2.054585729999999
BTC,-1.6931561599999998
XLM,-1.5061082600000002
FIL,-1.1585917599999995
SAGA,-1.1041249999999991
DOOD,-1.0912237099999973
GMX,-1.0047683499999998
ETH,-0.9633722399999995
AERO,-0.9065512299999984
BRETT,-0.7299678799999982
DOGE,-0.68380414
SUI,-0.49444068
ADA,-0.27780588
OP,-0.08909722999999922
