coin,fundingRate_avg_5d
kBONK,-88.54856465454547
STABLE,-59.37010363636363
MOVE,-54.54561834049587
0G,-39.354928403305784
POLYX,-36.821844813223144
kNEIRO,-31.14496156363636
TRUMP,-28.212753550413222
SNX,-28.201770971900824
MINA,-27.82289228429752
XAI,-26.69708604297521
SUPER,-26.46712445950413
ALT,-20.247981282644627
BIGTIME,-18.274062971900833
SAND,-17.71734252892562
BLUR,-17.037754036363634
ZETA,-17.011817920661155
ATOM,-16.72048421157025
IO,-15.740127996694216
ME,-15.185497646280993
PENGU,-15.091366740495868
TRX,-13.477279547107436
CELO,-13.124462221487606
STX,-12.763679087603306
AVNT,-11.727970532231407
OP,-9.724655543801653
ANIME,-9.370952082644628
PROVE,-8.88400105785124
MEME,-8.615754654545453
W,-8.15740611570248
KAS,-8.10300434380165
S,-8.091810366942148
RENDER,-6.469140545454544
LIT,-6.118812218181817
HYPER,-5.49610146446281
NXPC,-5.1403115305785105
WCT,-4.597834413223139
TRB,-4.4503543834710735
CRV,-4.391520485950414
POPCAT,-4.026044598347108
STRK,-3.991386128925619
SEI,-3.9235482545454543
BCH,-3.6851437685950406
SUSHI,-2.591931242975207
TNSR,-1.9846750115702456
YGG,-1.7667052165289248
NEO,-0.6578224264462805
MORPHO,-0.5712598710743793
MOODENG,-0.5199002082644623
WLFI,-0.24566080661157003
NOT,-0.2352957719008254
