coin,fundingRate_avg_5d
ACE,-168.00817972561987
SOPH,-167.4809848264463
BLAST,-159.60936176528926
VVV,-131.88155674710748
LAYER,-125.91958472727276
STABLE,-115.17733934876034
AXS,-109.47458369256196
ZETA,-105.23932857520661
ZORA,-78.17850778512395
IP,-76.27790053884297
UMA,-67.82972034049587
GOAT,-67.55721628760332
ATOM,-63.65991183471075
USUAL,-55.04401383471075
AZTEC,-54.0764899338843
0G,-53.516864211570244
MEME,-48.572974323966946
SKR,-45.008014135537195
BABY,-37.965884161983475
NIL,-37.824829338842974
INIT,-37.33871015206611
ICP,-34.21860955041323
2Z,-33.94017041652893
TRUMP,-30.48389721322314
AIXBT,-28.83379990413223
FTT,-28.49254288264462
ALT,-27.836623041322316
AVNT,-27.824204836363638
NXPC,-27.389401874380162
ANIME,-27.35604726942149
DYM,-26.33768930578512
YZY,-26.010705292561987
POLYX,-25.41768007933884
HYPER,-25.372700013223138
PAXG,-24.52457636033058
MERL,-24.433601950413223
BSV,-22.433845983471077
JTO,-21.396271041322315
SCR,-21.1340719338843
EIGEN,-20.84089934876033
PROVE,-19.70766593057851
YGG,-19.031516280991738
APE,-18.38367446280992
SEI,-17.509479312396692
MOVE,-16.25240410909091
VIRTUAL,-15.913198085950409
APT,-15.434055044628101
kFLOKI,-15.371422492561987
BLUR,-15.130846105785123
POL,-14.876490456198347
BIO,-14.819354985123967
KAS,-14.053863471074381
FET,-13.99434614876033
BERA,-13.750241871074381
REZ,-13.686117223140496
MINA,-13.663250727272729
kLUNC,-13.472869864462808
ZEN,-13.239721378512396
SKY,-12.399844433057853
TON,-12.19992458181818
CC,-11.781637477685955
DOGE,-10.067143309090907
ZRO,-9.184284446280992
PYTH,-9.180375024793388
IO,-9.168891461157026
IMX,-9.126647990082645
XLM,-9.079647332231405
kNEIRO,-8.948977814876033
MOODENG,-8.546764224793389
NEO,-7.605437791735539
kSHIB,-7.5554391867768596
ARK,-7.456391097520659
BIGTIME,-6.329325153719007
WIF,-6.272560353719008
XAI,-5.988610383471074
KAITO,-5.8224425950413226
MEW,-5.2780114909090905
MANTA,-5.128262548760329
SOL,-4.691150856198346
BANANA,-4.620763894214875
CELO,-4.343132707438016
BCH,-4.233614608264461
DOT,-3.9913318314049575
XRP,-2.697146082644628
RENDER,-2.5723971669421486
SUSHI,-2.485908456198347
kPEPE,-2.3912751173553715
BTC,-2.353232826446281
LTC,-1.8697908694214875
W,-1.473077256198347
JUP,-1.3609412925619835
PENGU,-1.1984331570247932
GAS,-0.5284929719008261
S,-0.5275489190082642
WLFI,-0.23244406611570229
OP,-0.04602330247933827
