coin,fundingRate_avg_5d
0G,-431.65545684999995
SUPER,-424.59442673
BIO,-67.47990424999999
ME,-59.35542765
KAITO,-53.78914918
REZ,-38.47071164999999
BSV,-33.25629901999999
BLAST,-27.02631623
PROVE,-18.59873341000001
MAV,-10.627179400000003
BABY,-6.586381199999998
HYPER,-5.785089399999999
ZETA,-5.41688762
RESOLV,-5.237579179999997
FTT,-4.241343799999997
BERA,-4.039054229999998
PAXG,-1.0232344299999994
GMX,-0.12062300999999949
