coin,fundingRate_avg_5d
PROVE,-118.36877219000002
VVV,-85.6006687
UMA,-79.71637449
BIO,-72.67510547
REZ,-54.30728128
BLAST,-50.71247804
SOPH,-32.10033306999999
GAS,-31.022114309999996
OMNI,-23.837658710000003
ME,-17.56507239
HYPER,-16.5542246
SUPER,-12.14005768
MEW,-10.262499870000001
ZORA,-10.202358089999999
GRASS,-7.753181079999998
NEO,-7.694437249999999
SEI,-7.213012469999999
USUAL,-6.2770838499999995
ETHFI,-1.4807706899999995
WLD,-1.3835930899999997
RESOLV,-1.1106774799999997
MAVIA,-0.7198763599999981
BERA,-0.7107447899999987
MEME,-0.19095412999999928
