coin,fundingRate_avg_5d
TNSR,-478.93156939000005
MOODENG,-434.73231414
ACE,-375.81591578999996
HEMI,-248.61007312
SUPER,-243.64606873999998
DYM,-232.99064272
0G,-215.64224600999998
DOOD,-197.70003153
MERL,-184.33434838
ANIME,-172.47211994
MOVE,-156.94557839000004
KAITO,-147.37461774000002
TURBO,-146.04427522999998
ME,-137.26618363999998
BLAST,-130.35562842000004
RESOLV,-127.53037511999999
LAYER,-120.01276796
kLUNC,-94.68407768000003
2Z,-66.80161745000001
WLFI,-66.53843128
OM,-60.39526447
ARK,-56.430499420000004
AVNT,-51.9704301
INIT,-50.88798245
NIL,-48.82157948
ATOM,-45.51312531
XAI,-43.65461028
REZ,-43.205170450000004
BERA,-43.19605786
TST,-42.312537400000004
MELANIA,-37.25076412000001
HYPER,-35.29156895
APT,-34.43265168
CC,-30.48569206
HMSTR,-29.09480554000001
FET,-27.20415153
BSV,-25.118075060000002
MEW,-24.953496559999998
ZORA,-22.578243730000004
IO,-22.489639250000003
AERO,-21.91239394
IP,-21.784579700000005
IMX,-21.18683088
GMX,-19.64037698
WCT,-19.161457560000002
BIGTIME,-18.114376950000004
DOT,-17.552168180000002
MANTA,-17.459261809999997
NXPC,-17.052515300000003
MORPHO,-16.9114063
ZK,-15.931767469999999
PYTH,-15.283494619999997
INJ,-14.71628243
ZETA,-14.540961250000004
ENA,-14.0278041
TRUMP,-13.953768230000001
AR,-13.61071787
SOPH,-12.603924500000002
MAV,-11.822793109999997
ZRO,-11.732347570000002
BANANA,-11.534036500000001
EIGEN,-11.468340150000001
ADA,-11.08404844
W,-10.986283189999998
kSHIB,-10.219952550000002
RSR,-9.89733197
PROVE,-9.510413719999999
NEO,-9.132835089999999
MINA,-9.06583715
BABY,-8.970113709999998
AVAX,-8.03273385
SAGA,-7.570111679999999
JUP,-7.420747110000001
kNEIRO,-6.97073788
WLD,-6.242050419999998
COMP,-6.1659055799999996
OP,-5.9085331299999995
ALT,-5.83890427
UMA,-5.1618701499999995
GOAT,-4.966574709999997
VVV,-4.8487658499999995
PENGU,-4.7162526
kFLOKI,-4.659816299999998
APEX,-4.62453686
VIRTUAL,-4.4016101899999995
GMT,-3.70461714
BRETT,-3.542148339999999
RENDER,-3.3944036399999993
SUSHI,-2.7831812099999995
BCH,-2.70762767
SEI,-2.59867663
SOL,-2.4828906
SYRUP,-2.397855819999998
NOT,-2.211356149999999
BLUR,-2.1824160299999993
ETC,-1.9951520499999995
LINEA,-1.9799709699999994
POLYX,-1.8982175399999994
MEME,-1.7882664000000008
GAS,-1.651351249999999
ETHFI,-1.00842492
XLM,-0.8107212099999999
PROMPT,-0.5685926199999993
SAND,-0.20259762999999978
ZEC,-0.08757226000000004
