coin,fundingRate_avg_5d
BLAST,-127.77526041322317
HYPER,-44.780764532231395
BERA,-23.791446168595044
USUAL,-17.669547679338848
SOPH,-9.180406879338843
ZRO,-5.954436247933884
REZ,-4.230990228099173
REQ,-3.652194585123964
BANANA,-2.6511162644628112
GRASS,-0.8329471338842962
BSV,-0.6595367801652878
VVV,-0.25459166280991513
