coin,fundingRate_avg_5d
ME,-585.6283577099999
DOOD,-509.87142949
BIO,-438.11290107
AVNT,-352.79095148000005
MERL,-217.54668096
BLAST,-182.69950024000002
KAITO,-171.99142662
OM,-171.09245060000003
BSV,-146.00695763000002
0G,-125.79099754999997
REZ,-122.51857107
IP,-110.10104915
MOODENG,-94.13476947000001
IO,-90.20872872999999
BANANA,-79.80230205999999
SUPER,-75.63380350000001
NXPC,-72.15230064
JUP,-65.82425986999999
ATOM,-62.083196750000006
APT,-57.878228119999996
MAV,-54.086810329999985
ZETA,-53.25018945
RESOLV,-47.81914056
MEW,-47.36299057
TURBO,-45.22446141
IOTA,-45.069253190000005
ARK,-44.23203298
YGG,-42.68631492
ZORA,-41.96334190000001
DYM,-41.809117719999996
HYPER,-40.38357445
SKY,-34.40035794
MEME,-32.75339983
kLUNC,-31.330428349999995
YZY,-30.9133538
WLFI,-30.691491470000003
ALT,-27.657660379999996
MOVE,-27.501281970000004
SEI,-27.222015359999997
VVV,-26.617920650000002
BRETT,-26.409495429999996
INIT,-26.094080679999998
LAYER,-25.68538361
SAND,-25.535475189999996
GRASS,-24.985047160000004
XAI,-24.27715667
kFLOKI,-21.74194186
CFX,-20.85924338
SUSHI,-20.20498307
COMP,-18.74739937
GMX,-18.605228949999997
BABY,-17.19164016
ENA,-16.700972849999996
PROVE,-16.344232069999997
BERA,-15.813998030000002
RSR,-15.681916939999999
WCT,-15.294980440000002
CELO,-14.832362649999999
STRK,-14.720182090000002
GALA,-14.471237489999998
AIXBT,-14.340357980000002
MORPHO,-13.620858299999998
ALGO,-12.75020701
GMT,-12.408949530000001
2Z,-11.97708518
OP,-11.069814899999999
kPEPE,-10.73320971
PYTH,-10.653701029999999
GAS,-7.25471007
GOAT,-7.101837119999999
S,-7.0115697
PNUT,-6.82371077
ACE,-6.554282369999998
kSHIB,-6.41575757
BCH,-5.915952849999999
STX,-5.707458279999999
INJ,-5.3941298699999995
POLYX,-5.36720455
JTO,-5.231109190000001
ZK,-5.11392229
MANTA,-5.06524589
BLUR,-5.010222139999999
TIA,-4.86593253
ETHFI,-4.84283971
RENDER,-4.586781989999999
BIGTIME,-4.55606651
TRX,-4.495353139999999
MELANIA,-4.27041313
W,-3.19029564
CAKE,-3.04933921
ANIME,-2.98215001
SAGA,-2.9479268799999994
ASTER,-2.5070550600000003
USUAL,-1.8005004699999985
ADA,-1.70083941
DYDX,-1.4905687499999989
LINEA,-1.0547543700000002
NEO,-0.8947128199999999
NOT,-0.38269373999999984
TNSR,-0.05471787999999968
