coin,fundingRate_avg_5d
ME,-497.9362645599999
OMNI,-343.42847809999995
BIO,-113.14699021
OM,-84.85881788
YZY,-73.16746565000001
BERA,-71.16811609999999
ZORA,-56.27511380999999
MAV,-50.24467797999999
RESOLV,-49.57184939
REZ,-38.48406919
kLUNC,-37.959567840000005
ENA,-37.87249854999998
SUPER,-34.551813960000004
MEW,-27.151307559999996
KAITO,-16.649284469999998
MERL,-16.180463869999997
MEME,-14.85261504
PROVE,-14.378173440000001
kFLOKI,-11.785565299999998
TURBO,-11.25102134
ZETA,-8.989668220000002
HYPER,-8.706609260000002
USUAL,-8.22163011
kSHIB,-6.390287870000001
RUNE,-6.32480687
TRUMP,-5.518692689999997
STRK,-5.19899868
BSV,-3.4326045399999994
BLAST,-3.3575298799999986
ATOM,-3.16548878
UMA,-2.1050703399999997
ADA,-0.04608051999999978
