coin,fundingRate_avg_5d
MOVE,-476.2912312859504
IP,-92.32339272396693
BLAST,-74.35906525289258
LAYER,-64.02281329586778
IO,-63.985243755371904
W,-61.8058571107438
NXPC,-60.830463689256206
USUAL,-56.635897685950404
SPX,-55.12245130909089
GRASS,-54.805429080991736
ZRO,-51.683669147107445
BERA,-49.85206463801652
RESOLV,-46.58703526611569
BIO,-46.30742764958677
SEI,-45.16942256528925
VVV,-41.39006680661157
WCT,-33.80041511404958
BANANA,-25.281296290909093
DYM,-23.209601900826446
SOPH,-22.970722492561983
PENGU,-21.985547553719005
APT,-21.76806354049587
BCH,-21.447283923966946
XLM,-21.02002686942149
AIXBT,-20.14543860495868
DOOD,-19.35064380495868
OMNI,-17.804384350413226
BABY,-16.768819864462813
kFLOKI,-16.057785143801656
kSHIB,-15.768446687603305
MEW,-15.555315163636365
KAITO,-15.13248009917355
ANIME,-13.494906694214874
VIRTUAL,-12.906804456198346
MEME,-11.874195927272728
INIT,-11.650857193388433
STG,-11.232848816528925
ARK,-11.216352505785125
GMX,-10.99947734876033
TNSR,-10.989156476033058
HYPER,-10.972624690909091
MERL,-10.270274677685952
INJ,-9.501898879338846
BLUR,-8.304382988429754
ZETA,-8.020417090909092
ATOM,-7.821704816528925
ETHFI,-7.690923808264463
MAV,-6.891737424793386
BRETT,-6.208300323966942
FET,-5.917189596694214
XAI,-5.8853531504132235
SAGA,-5.334037844628099
ACE,-5.116931018181817
BNB,-4.8823403900826445
HMSTR,-4.695662618181816
OP,-4.204685613223139
PNUT,-4.004324866115703
MANTA,-3.535905223140496
WLD,-3.5322260231404967
TURBO,-2.9432680561983475
GMT,-2.8744644099173553
JUP,-2.064653811570248
ME,-1.2214437223140493
ONDO,-1.1254927636363636
SCR,-0.5046932826446276
ALT,-0.3818896661157021
MELANIA,-0.24873187438016447
