coin,fundingRate_avg_5d
BLAST,-87.83780699
BERA,-25.774939279999998
ZRO,-22.715557460000003
REZ,-22.714771250000002
MOVE,-22.280110269999998
LAYER,-19.96055571
IO,-18.681757040000004
BABY,-15.368689270000003
NEIROETH,-8.770112690000001
BANANA,-2.684347969999999
SOL,-2.59300745
BIO,-1.6919531199999993
BNB,-1.1989636799999999
