coin,fundingRate_avg_5d
POLYX,-285.87064513388424
AVNT,-230.03162944462812
IP,-135.15543227107437
kLUNC,-99.87990844958675
0G,-94.78945579834712
KAITO,-92.19719877024794
REZ,-89.06303728264466
BLAST,-77.40379944793388
RESOLV,-68.42349485950416
ANIME,-64.39162667107438
SOPH,-57.7157153752066
USTC,-41.72140258512396
GAS,-32.229716707437994
ZORA,-30.623890700826436
ZETA,-29.09702849256198
MANTA,-25.129173461157027
SUPER,-24.110116145454544
MINA,-24.06228726942149
TNSR,-21.44768427768595
PROVE,-16.890338439669424
DOOD,-16.8016249785124
UMA,-16.50827212561984
TRUMP,-15.27803220495868
MEME,-14.455807021487603
LAYER,-14.424707573553722
CELO,-14.409919824793391
ACE,-14.326796836363638
ZEC,-14.31124747438017
WCT,-12.467693166942148
MELANIA,-11.875014009917358
XAI,-11.631547547107436
HYPER,-10.76564905785124
SCR,-9.549901507438017
USUAL,-9.33521707438017
ATOM,-9.10373298842975
IMX,-8.191360889256199
kNEIRO,-7.773024555371904
MERL,-7.44260097520661
TURBO,-7.256964991735536
BSV,-6.160233262809918
NEO,-4.0848690842975195
BERA,-3.764773616528924
ZRO,-3.206858628099173
FTT,-2.4474462644628074
VVV,-0.8077205057851232
ADA,-0.7166983140495868
DOT,-0.7062449553719008
XLM,-0.655337771900825
