coin,fundingRate_avg_5d
MOVE,-612.5664205899999
TNSR,-395.25886135
DYM,-263.19702437
SUPER,-243.337762
ACE,-221.53069903
TURBO,-191.19448031000002
0G,-165.27296287000004
LAYER,-160.62448639000002
kLUNC,-143.46414278999998
IP,-139.08244262
YZY,-122.37624662
HEMI,-115.06655879000002
XAI,-98.92127508
PROMPT,-96.25450916
VVV,-81.57129062
USUAL,-75.52423634
ME,-74.94681145
MERL,-74.18451552
HYPER,-73.54789054999999
KAITO,-68.12087418
SAGA,-65.61357602999999
IO,-65.21893073
ANIME,-64.26612962
BERA,-63.828795379999995
ZETA,-61.66793478999999
OM,-61.508110779999996
2Z,-61.24513923
AVNT,-53.14556803999999
WLFI,-50.41681928
MOODENG,-50.22982248
BIO,-50.021890739999996
MEW,-49.516233609999986
IMX,-45.01688153
INIT,-42.644140629999995
NIL,-42.19882749
SEI,-39.656382029999996
MELANIA,-38.91677596
BLAST,-37.70351158
SYRUP,-37.399856400000004
MAVIA,-36.258432049999996
ATOM,-34.12710726
ARK,-33.83664683000001
FET,-33.30919993
GOAT,-32.94708124
STRK,-32.839847889999994
ZRO,-31.826934929999997
COMP,-29.32519646
BIGTIME,-28.73415707
CELO,-27.38758228
USTC,-27.0521575
DOT,-26.330617469999996
SOPH,-26.19919703
GMT,-23.69376403
FIL,-23.450190040000003
kFLOKI,-22.973629250000002
GRASS,-22.20449249
ZK,-20.32299633
WCT,-19.73385348
BRETT,-19.199364270000004
GMX,-19.160780850000005
AERO,-19.108166100000005
TRUMP,-18.44370696
REZ,-17.471687140000004
MANTA,-17.368782689999996
PROVE,-16.832297660000002
MORPHO,-15.24544994
BABY,-15.05869477
PNUT,-14.844882879999997
ZEC,-14.812261370000003
SKY,-14.525609350000002
NEO,-14.25123447
AR,-13.972008739999998
APT,-12.89368997
ALGO,-12.78328258
UMA,-12.74774399
APEX,-12.170081849999997
BANANA,-12.15400287
LINEA,-12.009837359999999
JUP,-11.94608792
PYTH,-11.564643939999998
BSV,-11.400915159999998
OP,-10.93737246
kSHIB,-10.61715066
SUSHI,-9.68932358
XLM,-9.29400011
INJ,-8.501695340000001
TIA,-8.20094629
FXS,-7.782918359999999
POL,-7.709977489999999
CAKE,-7.6862714699999986
kBONK,-7.45758802
ETC,-7.023397889999999
ADA,-5.95857244
STX,-5.753136569999999
RESOLV,-5.32092693
EIGEN,-5.2629036099999995
TRX,-4.681892229999998
BLUR,-4.57921627
WLD,-4.56803997
ONDO,-4.538700539999999
POLYX,-4.186634679999999
ALT,-4.0451329399999985
SAND,-3.409989869999999
BCH,-3.1787236800000005
S,-2.72028295
STABLE,-2.21291689
AIXBT,-1.2514251299999997
JTO,-0.9667616299999998
AVAX,-0.9325822999999995
ZEN,-0.6946592399999998
FOGO,-0.5963063399999984
MEME,-0.5800966899999995
NXPC,-0.5517661199999992
PENDLE,-0.4007590499999998
MINA,-0.15803185999999964
