coin,fundingRate_avg_5d
VVV,-103.50913445950412
STABLE,-73.5281676694215
CHIP,-56.53632110082644
TRUMP,-54.598918234710744
kNEIRO,-39.02430428429753
0G,-34.41591805289256
BLUR,-33.05985122975207
LAYER,-29.706070026446273
IO,-29.6665421553719
HYPER,-28.685918796694217
ADA,-28.186572009917352
ME,-26.12482564958677
GAS,-25.85976614876033
KAITO,-25.722860380165287
XAI,-25.411536495867768
ANIME,-23.360152274380166
MINA,-22.486641272727272
ATOM,-22.041924307438016
TRX,-21.206205104132234
kSHIB,-20.712462545454546
BABY,-19.407797375206616
AXS,-19.397887715702478
kLUNC,-17.100283061157025
DOT,-12.880231973553718
USUAL,-12.172397910743799
BRETT,-11.981707190082645
ACE,-11.968053897520658
IP,-11.12756592396694
ICP,-10.370629527272726
MOVE,-10.114141071074375
AVAX,-9.996264049586776
UMA,-9.829416456198347
STRK,-9.090760948760328
INIT,-8.755785064462811
EIGEN,-8.604444842975207
RESOLV,-7.756450780165289
OP,-6.9205368297520655
AVNT,-6.915257662809916
SUSHI,-6.9100863669421475
BCH,-6.26018920661157
ARK,-6.234767831404958
XLM,-5.222343500826446
REZ,-5.042085867768593
IOTA,-4.990118072727273
S,-4.810387487603306
YGG,-4.195356575206611
POLYX,-4.035559695867766
AIXBT,-3.78244347768595
MORPHO,-3.59761399338843
ARB,-2.9639344165289256
APT,-2.848214816528926
SAGA,-2.3473426314049584
ALT,-2.321350046280991
MEME,-2.1723540297520656
BERA,-1.7190537123966927
ZORA,-1.672801636363635
SEI,-0.6381384892561975
PROVE,-0.39382064132231276
MON,-0.18407366280991685
