coin,fundingRate_avg_5d
BERA,-1142.189668968595
ME,-529.4261356066116
AVNT,-381.40896437355366
XAI,-377.9281371074379
IP,-338.9482011371901
RESOLV,-330.8926781652892
KAITO,-264.4781054181818
MEME,-167.20219239669422
MOVE,-149.23759343801655
MOODENG,-136.81382986115705
LAYER,-127.99128346115705
BLUR,-115.11350645950415
IO,-73.55877409586776
FOGO,-66.57587837355372
BLAST,-60.94036404297522
0G,-57.230188393388424
ANIME,-56.71217991074381
ACE,-43.74344949421487
WLFI,-41.71709860165289
ZEC,-40.63203721983471
GMT,-40.62013447933884
EIGEN,-36.48722512066116
TURBO,-35.463221662809914
DYM,-31.82889820165289
BSV,-30.712763434710737
ZORA,-30.629649133884303
kLUNC,-27.171198961983478
TRUMP,-24.311154525619834
BABY,-24.24103832727273
STABLE,-24.132207272727275
POLYX,-20.45279008264463
WCT,-20.422455867768594
REZ,-20.375149695867766
SUPER,-18.829764069421486
AERO,-18.49151513057851
ATOM,-18.455168370247936
MEW,-17.609473626446277
IMX,-17.411382515702478
kFLOKI,-16.703699761983476
SKY,-16.252254247933884
APT,-15.577546740495869
TNSR,-14.538365315702475
FIL,-14.285450360330577
USUAL,-13.933999884297524
FET,-13.221803920661154
ZRO,-12.930490482644629
SAND,-12.423371186776858
LINEA,-11.441774092561984
ADA,-11.125262985123966
POPCAT,-10.621513755371899
kNEIRO,-9.32887150413223
STRK,-9.023975722314049
BCH,-8.824692238016532
XLM,-8.611725054545456
AIXBT,-8.474553590082646
BRETT,-8.417777930578515
PURR,-8.071753586776858
PNUT,-7.128397874380165
RENDER,-6.721325018181817
DOOD,-6.619445494214874
RSR,-6.613855745454545
NOT,-6.6100947371900824
JTO,-6.434285157024793
kBONK,-6.361637246280992
ETC,-6.280167074380166
MELANIA,-6.271420105785122
AVAX,-5.362677252892561
PENGU,-4.8460052132231395
2Z,-4.4104109553719
GOAT,-4.063201477685949
VVV,-3.162292671074379
NEO,-3.069013874380165
SYRUP,-2.3013439438016525
GMX,-1.6840506347107433
SNX,-1.5098019272727266
SEI,-1.4313709685950413
PYTH,-1.176580938842975
ENS,-1.063398119008264
MANTA,-0.6249145090909092
SPX,-0.24997854545454443
BIGTIME,-0.22056159669421377
