coin,fundingRate_avg_5d
AZTEC,-1506.41085741
OM,-965.00648443
AXS,-876.5474839399998
YZY,-827.15542114
JTO,-595.42676884
INJ,-341.4913793
INIT,-288.2619693
ACE,-248.32057556
BIO,-238.654082
BERA,-236.10839022999997
SNX,-193.53414418
0G,-188.62207200000003
YGG,-152.99972545
ZORA,-147.47876975999998
STABLE,-142.46893014
UMA,-133.24332227000002
MOVE,-111.00280647000002
BLAST,-105.37183905
SOPH,-87.47102287
MOODENG,-83.86978176000001
VVV,-77.26941887000002
SUPER,-75.17645850000001
OP,-66.82568628000001
AVNT,-62.92284202000001
ICP,-62.67093434999999
IO,-61.502237199999996
SKR,-58.002099630000004
FET,-49.02008619000001
RESOLV,-44.668606559999986
ME,-43.958016529999995
2Z,-37.260781179999995
IP,-36.156735020000006
NXPC,-35.65213273999999
POLYX,-34.99666428
TRUMP,-33.66754525
SEI,-31.20491288
XAI,-30.64244642
APT,-28.84074072
S,-28.61995441
MERL,-27.9115208
REZ,-26.753844460000003
ANIME,-26.189940630000002
SCR,-23.94019013
SAND,-23.89071949
APE,-22.664643610000002
SKY,-22.17755111
kFLOKI,-21.96376258
MINA,-20.527306540000005
SPX,-19.938941870000004
GAS,-19.380297690000003
DASH,-18.965372260000002
BABY,-18.903131730000002
KAS,-18.23884925
CELO,-17.38054737
STX,-17.34248955
EIGEN,-14.61520809
DYM,-14.613341479999999
IOTA,-13.33163011
USTC,-12.96391962
POL,-12.598041429999999
BIGTIME,-12.41642765
ATOM,-11.651151130000002
CAKE,-10.98541814
XLM,-10.22039566
ARK,-9.053127120000001
DOT,-8.853072079999999
MANTA,-8.728298289999998
kLUNC,-8.71721835
TNSR,-8.58394663
MEME,-8.573390830000001
SOL,-8.51800354
ZK,-8.478260149999999
XRP,-6.75451772
ALT,-6.30428073
RSR,-6.208922290000001
WCT,-6.11524212
ZETA,-6.005721680000001
JUP,-5.356059639999999
UNI,-5.2052358000000005
HYPER,-4.307807380000001
W,-4.21529302
VIRTUAL,-4.19815992
LTC,-4.106346360000001
NEO,-3.9563715099999994
kNEIRO,-3.5430608400000003
COMP,-2.9889616399999985
ZEN,-2.9827121099999996
ARB,-2.90199528
kSHIB,-2.8813676699999995
BLUR,-2.5680728399999997
TIA,-1.9487196699999996
ADA,-1.8810377199999995
BANANA,-1.7597109899999992
POPCAT,-1.4466826099999996
AERO,-0.8849658599999989
TAO,-0.846021820000001
PNUT,-0.6825806599999996
SUI,-0.5470583499999998
AIXBT,-0.39946913999999983
TON,-0.2648593299999993
STRK,-0.23359780999999977
WLFI,-0.13510766999999912
PENGU,-0.03141992999999999
