coin,fundingRate_avg_5d
BLUR,-429.07754360999996
TNSR,-210.02953004999998
BLAST,-207.48600054
TRUMP,-117.51424003000001
REZ,-111.21750385000001
SUPER,-105.6302043
ALT,-89.4100861
0G,-81.25801987999999
POL,-78.10267153
AXS,-78.09661033999998
MINA,-69.76201784
DYM,-69.39109462
STABLE,-55.40608165999999
BERA,-50.15148107
COMP,-46.886620310000005
JTO,-44.14721574
TURBO,-43.886345129999995
W,-38.93242643
SOPH,-38.80580866
APT,-38.62217789
GAS,-37.49492868
DASH,-36.37505758
EIGEN,-34.469685309999996
IMX,-34.316053159999996
WLFI,-31.089632009999995
NEO,-29.543067880000002
MOVE,-23.63834243
ZEC,-22.603084900000002
BSV,-22.124225340000002
STRK,-21.860954489999997
2Z,-19.45527307
HYPER,-19.31090973
OP,-19.22223882
SEI,-18.11242128
ICP,-17.49806642
STX,-16.672097700000002
DOT,-15.61123907
ARK,-15.609156380000003
FET,-14.595066659999995
ZETA,-14.10641999
GMT,-13.742268249999999
POLYX,-13.442983580000002
ANIME,-11.625025890000002
AIXBT,-11.32233358
SAND,-11.06928346
IOTA,-10.853118779999999
HBAR,-10.81152265
BANANA,-10.637821339999999
kNEIRO,-10.44672194
kLUNC,-9.58792293
IP,-9.453933619999999
TIA,-9.23063538
BABY,-8.94934667
RESOLV,-8.488074999999998
APE,-7.75427462
PROVE,-7.68226304
S,-7.410940289999999
ARB,-7.277478769999999
KAITO,-7.184770959999999
MERL,-7.0531534199999975
USTC,-7.0099899799999985
JUP,-6.58427515
IO,-6.206798719999999
XAI,-5.821615679999999
INJ,-4.71030091
KAS,-3.563555589999999
ADA,-3.3988821899999997
kSHIB,-2.39973703
USUAL,-1.3820754199999976
FTT,-1.291767849999999
PENGU,-0.4532183099999998
SUSHI,-0.28235450999999934
YZY,-0.1556352699999991
