coin,fundingRate_avg_5d
BLAST,-177.72726219000003
JTO,-115.82167590000002
IO,-67.77293647
kLUNC,-67.33567595999999
STABLE,-60.241130809999994
WIF,-53.53629178000001
HYPER,-53.03585926
CHIP,-52.980882959999995
COMP,-52.035047510000005
NIL,-30.76793196
STX,-29.793110400000007
MEGA,-24.3451277
BLUR,-23.727654279999996
XAI,-20.80199751
BABY,-17.807693000000004
KAITO,-17.55577584
2Z,-17.537573290000005
BANANA,-14.586519820000001
ATOM,-9.7803429
APE,-9.516017929999999
FTT,-8.63660737
DYM,-8.516586609999997
kNEIRO,-5.276680169999999
MINA,-5.126678309999998
APT,-4.8961384699999995
BERA,-3.991690369999999
EIGEN,-3.254615209999999
BIO,-3.2017427699999987
ARB,-3.13678007
ORDI,-2.99546667
S,-2.59654941
USTC,-2.5502915
YZY,-1.9570299899999999
MERL,-1.5254678599999998
SUI,-0.79129518
0G,-0.41256168999999815
SCR,-0.23286489000000002
