coin,fundingRate_avg_5d
UMA,-122.96278283305783
SOPH,-104.09984225454545
ME,-99.92207735206611
WCT,-79.94377592727274
BLAST,-74.57961381818181
KAITO,-53.343381461157016
IO,-47.512171626446275
ZRO,-43.73032542148759
USUAL,-41.73920276033057
BABY,-37.476259527272724
BERA,-29.75899273388429
TRUMP,-27.43922745123967
MOVE,-27.06699767603307
AIXBT,-23.317281847933888
MORPHO,-21.37621064132232
BANANA,-18.64165284297521
LAYER,-17.57409915371901
DYM,-17.148561520661158
ALT,-16.07171716363636
CELO,-13.880462528925623
ANIME,-11.162890442975206
HYPER,-10.165109791735537
IP,-8.692065114049587
kSHIB,-7.908913874380164
BNB,-7.904910337190084
MANTA,-7.791173682644626
BIO,-5.805595160330578
SEI,-5.5510556231404955
XAI,-4.8237396099173555
kFLOKI,-3.9928883603305776
WIF,-3.9696627768595025
MOODENG,-3.9173018677685945
DYDX,-3.7928990082644622
W,-3.401720122314049
OMNI,-2.9939920760330576
XLM,-2.3568244264462814
VVV,-2.0009729553719
TNSR,-1.876206664462809
kBONK,-0.006313715702478661
