coin,fundingRate_avg_5d
STABLE,-217.38302490247932
HYPER,-185.6252072231405
YZY,-175.87826652892565
SKR,-170.2300342710744
BIO,-115.86307938842975
BLAST,-99.6531605553719
AXS,-76.22660675702481
APE,-65.88567869752066
UMA,-63.477269454545464
WLD,-48.71673750743801
SUPER,-47.65919990082646
COMP,-41.49543874710744
kNEIRO,-41.22877638347107
MORPHO,-32.49680476363637
REZ,-30.856790866115702
2Z,-28.953183500826448
ALT,-26.183623348760328
IP,-24.32435171900826
USTC,-21.6116070446281
BLUR,-19.981580271074378
MET,-19.50361295206612
AZTEC,-19.216012740495866
AERO,-18.199230852892565
JUP,-15.181528859504132
BANANA,-14.822195107438015
BABY,-14.499311642975206
JTO,-14.137324552066117
MOVE,-13.912798512396696
DYM,-12.801649705785126
PNUT,-12.421611947107438
AVNT,-12.185783335537188
TRX,-11.852292307438015
W,-10.77195263801653
EIGEN,-9.90367519338843
IMX,-9.397141586776858
DOT,-9.27925877355372
MERL,-9.148042661157023
CAKE,-8.888701051239666
INIT,-8.848164694214876
STRK,-8.2514957553719
KAITO,-7.8268037157024795
PROVE,-7.639617719008263
SAND,-6.406149629752064
XAI,-5.969056036363635
kLUNC,-5.429125110743802
S,-5.394378317355371
ARB,-3.5987397619834716
TRUMP,-2.978845963636363
WLFI,-2.9227023272727264
GMX,-2.4936078446280985
SAGA,-1.405084452892562
ACE,-1.0507634479338837
SUI,-0.972554023140496
PYTH,-0.8480411206611571
MEME,-0.7313188264462803
TAO,-0.49363179173553673
ETH,-0.4861980991735538
POL,-0.33296542809917334
TIA,-0.23711148099173535
SOL,-0.11857492561983456
ICP,-0.03604486611570191
