coin,fundingRate_avg_5d
AXS,-1018.6480499504132
YZY,-225.7386234842975
GAS,-197.92070992066115
0G,-179.52154763305788
RESOLV,-140.59104195371904
ZETA,-134.2663805950413
BLAST,-126.52537564958678
BERA,-108.19090270413221
JTO,-103.02707745123968
AVNT,-101.79442382479338
MOVE,-88.6110154909091
SKR,-73.27567406280993
FOGO,-73.05401782809918
LAYER,-66.50513956363636
2Z,-62.18223304462811
POLYX,-56.34301034380165
MANTA,-53.589273213223144
ZORA,-52.13185029421488
MELANIA,-40.78624797024794
INIT,-40.08806004297521
TRUMP,-39.895206833057856
IO,-34.13190075371901
DYM,-33.77351684628099
MERL,-33.1561207338843
FET,-32.05680082314049
XAI,-28.98726352066116
DOT,-27.980521606611575
ANIME,-26.22367030413223
VVV,-25.706345246280993
ATOM,-24.800086323966948
BANANA,-24.729755831404958
DASH,-23.888493937190084
CC,-22.511824462809916
POPCAT,-21.13070765950413
EIGEN,-21.018877209917356
APT,-20.48468734214876
kFLOKI,-20.415557910743804
POL,-20.286371077685953
MOODENG,-18.797614145454546
STRK,-17.801403054545453
USUAL,-16.961882300826446
TRX,-16.82833429090909
XLM,-15.534233970247934
IMX,-15.422856000000001
BRETT,-14.825464542148758
SEI,-14.652647841322311
YGG,-14.554440277685954
OP,-14.507745133884296
S,-13.507310419834711
MEME,-12.160174452892562
SOPH,-11.561151897520661
HEMI,-11.465368899173555
RSR,-11.434199226446278
AVAX,-11.313303986776859
SAND,-11.223636337190081
ME,-10.424511490909094
NEO,-10.366380565289255
GMT,-9.739786452892565
BABY,-9.71161979504132
REZ,-9.23856241983471
GOAT,-8.814969361983472
ENS,-8.41918532231405
NIL,-8.258054171900827
BSV,-8.061416062809919
DOGE,-8.002575649586777
SKY,-7.983206638016529
SCR,-7.97156307768595
WLD,-7.845345957024792
CELO,-7.82714108429752
RENDER,-7.734336485950412
PYTH,-7.65335933553719
STABLE,-6.931041590082643
PNUT,-6.898236476033057
CAKE,-6.763358538842975
HYPER,-6.757094776859502
SUSHI,-5.73213640661157
BLUR,-5.063439996694215
PENGU,-5.03483389090909
ADA,-4.662572261157025
AIXBT,-4.534638614876032
PROVE,-4.53048014876033
FIL,-4.362292492561983
WCT,-4.009221778512396
W,-3.274456869421487
MINA,-3.261559398347108
IOTA,-3.017506522314048
MON,-2.620168125619835
ETC,-2.4820366809917354
kBONK,-2.17591305123967
AAVE,-2.137148965289256
SPX,-1.805243424793388
SAGA,-1.7737841652892559
kLUNC,-1.35839654876033
LINEA,-1.1150857388429742
PAXG,-1.0234286280991731
KAS,-0.8047493454545447
TURBO,-0.643097662809917
XRP,-0.6219216297520649
TIA,-0.5212735735537187
WLFI,-0.232277553719008
JUP,-0.09376675041322238
GMX,-0.06274693884297476
