coin,fundingRate_avg_5d
HYPER,-1979.0252285752063
ARK,-113.44385118347105
BLAST,-91.6143286413223
SOPH,-89.02036305123968
RESOLV,-74.64260545785125
MOVE,-59.72261472396694
OMNI,-15.554142337190083
USUAL,-13.119337259504132
GAS,-11.927796267768597
GMX,-11.35883643966943
ZRO,-1.8015511933884298
BCH,-0.6165222842975204
