coin,fundingRate_avg_5d
BIO,-602.6878356595041
IP,-307.5449078975206
PYTH,-142.51642334876036
BERA,-71.54881091900828
BLAST,-51.668869090909084
GRASS,-43.44984180495867
OM,-42.31963818842975
YZY,-35.63801986115703
PROVE,-32.39285831404958
MAV,-28.020846565289254
UMA,-18.97235659834711
HYPER,-17.91827882975207
W,-16.337147335537193
BSV,-15.672397993388426
SUPER,-15.201016601652896
ETHFI,-11.445359176859503
REZ,-10.366513775206613
SOPH,-10.007547074380165
OMNI,-9.864330485950415
USUAL,-9.63632940495868
ZORA,-7.472920710743805
MEW,-7.227002171900827
kPEPE,-5.816994019834709
TRUMP,-5.744569814876031
MOVE,-5.195335914049586
VIRTUAL,-3.9664606710743784
GMX,-3.3062325024793386
DYDX,-2.221930561983471
VVV,-2.12388806280992
kFLOKI,-1.8375070115702479
