coin,fundingRate_avg_5d
TNSR,-1107.96770102
RESOLV,-825.1239917400001
WCT,-626.91964117
DYM,-387.73519300000004
ZORA,-379.16114006
KAITO,-330.29948577
XAI,-179.45038631
0G,-176.24973927
BSV,-151.04978814
AVNT,-145.81716201
LAYER,-127.4431153
YZY,-98.46347529000002
BIO,-97.76756117999999
REZ,-90.74234340000001
BLAST,-83.30487710000001
MOVE,-65.86243157000003
ME,-65.67533257
IP,-62.02441130999999
MEW,-59.01928528
IO,-56.92548541
2Z,-56.68364517000001
OM,-50.09137871
BERA,-47.62910404
MANTA,-47.1849078
MORPHO,-46.52024864
WLFI,-41.95449065
ZK,-41.669214679999996
TURBO,-39.50331563
GAS,-38.99718692
GOAT,-35.17058751
MOODENG,-34.23903159
PROVE,-26.16632075
AIXBT,-25.82564435
ZEN,-24.77281499
APT,-24.136811249999997
ZETA,-22.575579960000002
ZRO,-20.807234530000002
USUAL,-20.196776410000005
HYPER,-19.92197959
SAGA,-19.23465758
SKY,-18.85615988
BABY,-18.654739739999997
CAKE,-14.63425671
POPCAT,-13.74230767
SOPH,-13.65603846
STX,-13.38337032
GMX,-11.04490657
MAV,-10.55545909
GRASS,-10.259679879999998
kLUNC,-10.053907480000001
CC,-8.94582077
SAND,-8.790062860000003
MET,-8.782557730000004
ANIME,-7.627467779999999
FXS,-7.52246385
YGG,-7.463176899999999
COMP,-6.718526529999999
INIT,-6.6257895200000005
ZEC,-6.288622229999999
ALGO,-6.09524669
kFLOKI,-5.842273949999999
VVV,-5.7338229599999995
RSR,-5.678204259999999
ALT,-5.464450039999999
TST,-5.3150635699999995
INJ,-5.08836499
PROMPT,-4.9713511
ATOM,-4.741431759999999
DOOD,-4.7374131099999985
SEI,-4.04962536
GMT,-3.8164764999999994
BRETT,-3.792280649999998
NIL,-3.6808862999999983
W,-3.6656475499999983
HEMI,-3.626626129999999
OP,-2.629042439999999
kNEIRO,-1.9768728499999992
AR,-1.3055524399999998
ACE,-1.261972169999999
BLUR,-0.572752159999999
SOL,-0.45356578999999986
NEO,-0.3941773699999997
MERL,-0.2792235399999998
EIGEN,-0.1618570599999994
