coin,fundingRate_avg_5d
MOVE,-48.56261928
STABLE,-35.712638059999996
kNEIRO,-31.889282769999998
kBONK,-31.48638701
POLYX,-29.103931999999997
TRUMP,-27.48069086
SNX,-27.375208779999994
IOTA,-27.091860009999998
XAI,-22.04757826
ALT,-21.98439019
SAND,-21.023883929999997
BLUR,-18.09327046
BIGTIME,-17.79112127
SUPER,-16.50005057
MINA,-15.182748049999999
PENGU,-14.448965920000001
ATOM,-13.901326490000002
ANIME,-12.870540940000001
STX,-12.635025419999998
ZETA,-12.57186582
AVNT,-11.35067072
ME,-11.094927629999999
TRX,-10.884329929999998
IO,-10.82111339
PROVE,-10.30859864
KAS,-8.864177569999999
OP,-8.20130034
NXPC,-7.554097669999998
CELO,-7.5211374399999995
S,-6.79230252
W,-6.779193909999999
0G,-4.824755419999999
UMA,-4.685056049999999
RENDER,-4.44213614
YGG,-2.5420315499999995
NEO,-2.28521317
TNSR,-1.9777057799999995
HYPER,-1.8766854599999994
SEI,-1.1893663699999995
LIT,-1.1206821299999987
ADA,-0.9747908999999999
SUSHI,-0.4316752799999998
CRV,-0.12435330999999916
