coin,fundingRate_avg_5d
OMNI,-291.6654705619835
MERL,-161.58469687933888
KAITO,-124.85227067107436
BLAST,-54.118259206611576
BIO,-52.80773497190082
ZORA,-28.48738461818183
MAV,-26.032122406611563
BERA,-20.350657894214876
ME,-19.915972938842977
PROVE,-12.654783600000007
ENA,-11.247805973553719
kLUNC,-2.914443312396694
PYTH,-2.838752568595041
TRX,-2.364176310743801
