coin,fundingRate_avg_5d
KAITO,-388.4634213322314
0G,-325.4471624429752
SUPER,-297.6257977289257
PROVE,-85.4757412661157
BERA,-60.854093246280996
ME,-59.051152036363625
BIO,-49.47928537190083
OM,-34.84781573553718
REZ,-28.871892872727276
BLAST,-26.927028803305788
YZY,-20.866262082644635
MEW,-19.264500426446283
RESOLV,-19.068413980165293
ZORA,-15.840208462809931
MAV,-15.636943884297523
TURBO,-13.506899206611568
kFLOKI,-11.016681699173553
IP,-8.581660879338843
MEME,-7.924896892561982
kLUNC,-6.149463530578512
BSV,-5.60342521983471
ENA,-5.492323080991735
STRK,-5.197729348760329
kSHIB,-4.953849500826446
USUAL,-4.486871999999998
TIA,-4.175351196694215
RUNE,-3.006051917355372
HYPER,-2.2141616727272724
TRUMP,-1.2262906809917355
BABY,-0.7990133553719001
UMA,-0.44830639338842837
