coin,fundingRate_avg_5d
TNSR,-349.55440304
ACE,-154.28118204999998
VVV,-113.18749791
STABLE,-76.91628137000001
CHIP,-64.58358253
TRUMP,-53.63458628
AXS,-50.33900785
0G,-41.37086951999999
KAITO,-41.00652579
BLUR,-40.525258689999994
kNEIRO,-37.37233685999999
XAI,-33.77811689
RESOLV,-33.30977225
ATOM,-31.7865579
kLUNC,-30.664689519999996
ANIME,-30.405902329999993
MINA,-30.362156350000003
ME,-29.63877088
GAS,-28.884350920000003
ADA,-26.63687291
IO,-22.70525205
HYPER,-22.35041511
S,-20.32266929
LAYER,-19.898637839999996
AVNT,-19.30299142
BABY,-19.17267036
kSHIB,-18.511145090000003
STRK,-17.03589977
INIT,-15.394220289999996
RSR,-15.28614598
AIXBT,-13.3179667
USUAL,-12.384125150000001
YGG,-11.82014248
ICP,-11.806500969999998
DOT,-10.5306734
PROVE,-9.297477100000002
XLM,-9.27884458
AVAX,-9.10940136
IOTA,-9.03327112
IP,-8.698241270000004
ARK,-8.36635261
TRX,-7.776352009999998
UMA,-7.381348279999999
BCH,-6.8891195000000005
MEME,-6.887050680000001
ALT,-6.47717466
SAGA,-6.288000999999999
REZ,-5.962342889999999
SUSHI,-5.623785679999999
MORPHO,-5.11994917
BERA,-4.2280855399999995
OP,-4.14969887
SUI,-3.5440259
BRETT,-3.0083730699999993
BIGTIME,-2.6809760999999996
ZORA,-1.777991649999999
ARB,-1.7434203099999994
APT,-1.6991991
WIF,-0.9945330199999993
PENGU,-0.5724886299999997
TIA,-0.21775023999999996
MON,-0.02170070999999886
POPCAT,-0.011885129999999893
