coin,fundingRate_avg_5d
0G,-435.45927733999997
SUPER,-72.92407854000001
BIO,-63.893136119999994
REZ,-48.27691407
ME,-40.93964319
BLAST,-38.413803769999994
BSV,-22.112171580000002
KAITO,-18.377586479999998
APT,-8.00299511
MAV,-7.696675429999998
PAXG,-6.402085399999999
CELO,-1.315940339999998
GMX,-0.41686284999999995
