coin,fundingRate_avg_5d
OMNI,-1078.8756649190082
SUPER,-121.55542801983474
SOPH,-96.11795178842975
BERA,-91.28614863471073
MOVE,-67.39973827438016
FTT,-56.17988756033058
BLAST,-53.78144589421486
HYPER,-47.02086449256199
ENA,-34.18430365289257
ZRO,-32.24124443305786
OM,-27.700170476033062
GRASS,-27.28992954049587
VINE,-15.355729785123946
DOOD,-15.097262727272724
SEI,-9.931088925619834
BIO,-8.478010532231403
KAITO,-7.545275414876033
REZ,-7.508738975206612
REQ,-6.6144146479338835
USUAL,-6.552548052892561
ME,-5.242348879338843
BABY,-4.460533358677686
WCT,-3.5657717553718995
TIA,-3.0425456429752065
kPEPE,-2.6166858446281
FET,-0.2743226578512387
MOODENG,-0.09164263140495675
