coin,fundingRate_avg_5d
OMNI,-284.0202725057851
MERL,-161.5846968793389
KAITO,-151.32676004628098
BIO,-67.68590358347106
BLAST,-53.15423496198348
ME,-32.225853619834716
BERA,-17.5531779570248
ENA,-16.80661600661157
ZORA,-16.432702284297523
MAV,-9.24870302479339
kLUNC,-6.451216571900826
PYTH,-4.606546631404959
PROVE,-3.4659410578512357
TRX,-2.3423183008264448
