coin,fundingRate_avg_5d
LAYER,-488.0406904300001
KAITO,-134.59082197
MOVE,-81.35909130000002
REQ,-27.570103449999998
BLAST,-17.75103113
GMX,-14.654990900000005
ZORA,-14.335056719999999
IO,-11.792106099999996
TRUMP,-5.137718829999999
XAI,-4.580330249999999
PYTH,-4.15262617
CELO,-3.486707759999999
