coin,fundingRate_avg_5d
OMNI,-91.66916161999998
HYPER,-46.97688481
SUPER,-44.831990049999995
SOPH,-42.916732120000006
REZ,-42.57802526
BLAST,-24.665246569999994
BERA,-23.58657813
PROVE,-12.74680083
GRASS,-3.20595633
