coin,fundingRate_avg_5d
MAVIA,-1434.9003631834712
REQ,-521.3918038710743
OM,-256.92296812561983
DYM,-232.390936353719
BANANA,-139.92580827768595
MELANIA,-129.15054493884296
ZRO,-125.07971936528926
BLAST,-121.46185167272728
UMA,-96.60983881983472
BERA,-88.60981225785125
MOVE,-77.5901898049587
ORBS,-60.43025838347109
LAYER,-51.12863192727272
ARK,-48.35148387768594
VINE,-39.32060875041322
MNT,-34.624650753719
REZ,-33.042516565289255
SEI,-24.583962644628098
IP,-22.273558254545453
RDNT,-22.080910651239673
VIRTUAL,-19.9931369553719
BNB,-19.09205656859504
MANTA,-18.688676667768593
GRASS,-18.593464879338846
IMX,-16.741561785123967
VVV,-16.610396350413225
ATOM,-15.616455619834712
USUAL,-15.228260201652894
FTT,-15.088309428099176
XRP,-15.06283882314049
ALT,-14.4854071338843
IO,-12.082331355371899
CYBER,-11.795746869421484
CELO,-11.371032386776859
XAI,-10.359112661157024
BADGER,-10.04241404628099
TRUMP,-8.399696132231407
ADA,-7.801888393388428
ZETA,-7.617916085950412
TON,-7.494632479338843
XLM,-6.900909361983471
ONDO,-6.849247804958678
SUSHI,-6.592941788429752
FET,-6.496714274380165
JTO,-6.257032710743801
TIA,-5.947932128925619
APE,-5.592719920661158
SUPER,-5.114385550413222
UNI,-5.032487514049587
kSHIB,-4.616294846280991
SUI,-4.420810016528924
BIGTIME,-3.7190152859504138
COMP,-3.6194061223140492
SOL,-3.432520571900827
ETHFI,-3.229339973553719
W,-3.07518786446281
AI,-2.8043583471074367
PNUT,-2.7446889917355373
PYTH,-2.440917530578512
kBONK,-2.135820485950413
NEO,-1.1806974148760327
FXS,-0.69346187107438
TRX,-0.30114780495867527
PIXEL,-0.09096934214875994
