coin,fundingRate_avg_5d
TNSR,-121.73082004
IP,-109.32713235000001
GAS,-75.07853994999999
STABLE,-74.08276447
TRUMP,-73.19305652999999
ZORA,-66.08310765
BSV,-65.58972328
MANTA,-64.23137066999999
LAYER,-62.02219868000001
CELO,-58.57652057
0G,-58.27099148
S,-49.75363253
FOGO,-49.29288791999998
AVNT,-45.54019663
ME,-43.46078433
POLYX,-37.33337384000001
PROVE,-37.17691878
kNEIRO,-31.262489439999996
AIXBT,-29.193889900000002
IOTA,-27.83049372
USUAL,-27.244565789999996
TRX,-24.984488709999997
SNX,-24.19776625
STRK,-20.823801880000005
kSHIB,-20.48091212
XAI,-19.869207160000002
MON,-19.625644850000004
MINA,-17.385823810000005
APT,-16.99086607
ADA,-16.83745511
ZETA,-16.723716
INJ,-15.80051785
AXS,-14.240320969999999
ANIME,-14.2215388
KAITO,-13.497032780000001
BIO,-13.425941000000002
POPCAT,-13.24600184
NOT,-13.232834830000002
OP,-12.68123223
GMT,-12.638722870000002
YGG,-11.62932121
FIL,-10.21814653
SOPH,-9.784262270000001
kPEPE,-9.584990519999998
XRP,-8.68065703
MERL,-8.438750360000002
WLFI,-8.393554599999998
W,-7.632600409999998
DOT,-6.641845870000001
ALGO,-5.721493989999999
SUSHI,-5.677239199999999
ETH,-5.53074864
ATOM,-4.322930789999999
PYTH,-4.1907402000000005
HYPER,-3.317199569999999
STX,-3.2563080799999993
ZK,-3.2016485999999995
KAS,-3.1840570599999984
kFLOKI,-3.091935439999999
DOGE,-2.61910276
ALT,-2.5200110999999996
MOODENG,-2.488832799999998
ARB,-1.9479889400000001
