coin,fundingRate_avg_5d
POLYX,-551.4576088599999
ANIME,-463.35781217
ZETA,-326.85111031
STABLE,-238.18311593000004
BANANA,-189.12317539
BLAST,-188.05906972
XAI,-176.33422509
TURBO,-128.15357247
0G,-113.78705932
REZ,-113.17469955
AXS,-84.6028609
IP,-75.79651611999999
NXPC,-71.56288039
ZORA,-65.90655277
HYPER,-48.10778986
2Z,-47.0649834
TRUMP,-44.18244481
STRK,-41.888503029999995
JTO,-38.867899539999996
LAYER,-36.958245090000005
ME,-36.42785774999999
BSV,-35.06814369000001
IMX,-29.563014399999997
POL,-28.86897566
SOPH,-28.074641490000005
FTT,-26.078434590000004
kFLOKI,-23.86754272
kNEIRO,-22.284712920000004
ALT,-22.146398360000003
kLUNC,-21.04651539
AERO,-20.717900779999997
S,-20.635135570000003
MON,-20.048739710000003
MERL,-19.951677450000005
MEW,-19.9217584
MOVE,-19.27954017
PYTH,-18.072119440000005
EIGEN,-17.855138619999998
MEME,-17.81928832
INIT,-17.630579670000003
MANTA,-16.4816845
USTC,-16.331074549999997
OP,-15.96583146
FET,-15.596885080000002
kPEPE,-15.0560821
MINA,-14.902453600000001
APT,-14.396202980000002
SKY,-13.151371210000002
MORPHO,-12.919523940000001
W,-12.782197799999999
GRASS,-12.44276678
KAITO,-11.028565519999999
SAND,-10.825597779999999
BABY,-10.699712199999999
ADA,-9.91411905
SEI,-8.80480375
SOL,-8.17934632
BIGTIME,-8.135548510000001
SPX,-8.028041410000002
YGG,-7.628431379999998
DYM,-7.3121968399999995
BLUR,-7.223160930000001
COMP,-7.13574854
AIXBT,-6.47531316
XRP,-6.344712510000001
ZRO,-6.243863739999999
USUAL,-6.034025969999998
PNUT,-5.56605217
BNB,-5.34636889
TIA,-5.305116590000001
MET,-4.990261749999999
kSHIB,-4.12543659
kBONK,-2.9288286199999995
ENA,-2.90262673
NEO,-2.75353956
INJ,-2.3170652599999997
ETC,-2.3097491999999997
BRETT,-2.2267270299999993
DOT,-2.1667276
SYRUP,-2.1628220999999983
SCR,-2.1018211099999995
IO,-1.28442843
SUI,-0.8337293499999997
TON,-0.38274118999999973
LIT,-0.29699173999999895
CELO,-0.14827029999999894
