coin,fundingRate_avg_5d
OMNI,-277.86696398677685
PROVE,-85.83763786115706
SUPER,-67.17902247272727
GMX,-60.16730635041323
BLAST,-48.21314755041322
BERA,-48.08776443966942
GAS,-35.008732591735516
BIO,-12.247751285950418
SOPH,-11.763467355371903
IP,-11.758638495867768
REZ,-11.626582581818182
MOVE,-11.412374519008265
HYPER,-11.035792978512395
APT,-4.771996244628096
TRUMP,-2.4328228561983467
