coin,fundingRate_avg_5d
LAYER,-608.92715305
KAITO,-215.92835417999999
MOVE,-132.48882566000003
REQ,-38.33104148
ZORA,-25.189025219999994
BLAST,-23.6613148
GMX,-15.762937450000006
IO,-11.790185469999997
PYTH,-6.779167629999999
CELO,-5.745213879999998
XAI,-4.009368779999999
BSV,-0.7062523699999984
TURBO,-0.19401647999999921
