coin,fundingRate_avg_5d
SOPH,-631.1261425586778
HYPER,-491.5125841190083
ZORA,-153.49861598677685
BLAST,-136.26250876363636
SYRUP,-116.28602160000001
MOVE,-85.80902813553719
SUPER,-85.1243400198347
MERL,-74.12561414876036
BERA,-61.89550448925619
GRASS,-45.451709583471064
ZRO,-31.384818327272733
REQ,-20.92306887272727
OM,-18.0527180429752
NXPC,-14.553402833057852
GMT,-13.971130700826446
USUAL,-9.195778869421487
RESOLV,-8.305990919008266
REZ,-5.472282952066114
OMNI,-5.47178920661157
GAS,-4.910514287603304
UMA,-2.8322766842975184
BABY,-2.3462907074380155
