coin,fundingRate_avg_5d
BLAST,-378.08421267000006
ARK,-206.50508348000002
MOVE,-112.99308358
IP,-93.66879222000001
BSV,-77.79751109000003
MERL,-73.41012495000001
SOPH,-65.11687527
ZRO,-59.70739204000001
MOODENG,-59.54104256000001
PENGU,-57.10298344999999
KAITO,-49.9184439
IO,-46.821177999999996
GRASS,-36.866789229999995
BERA,-35.73827931
DYM,-32.69191266
BIO,-31.951024710000002
XLM,-26.24015441
USUAL,-24.413527969999997
LAYER,-23.26157994
FET,-20.1158727
ZETA,-19.65560551
RESOLV,-19.428687200000006
TRUMP,-18.25151475
BCH,-17.06505962
BABY,-13.70301031
SPX,-13.462781910000002
SEI,-13.27962783
OMNI,-12.916279820000002
TURBO,-11.22272654
MEW,-11.12669212
CELO,-10.712922279999999
POLYX,-9.40898387
GAS,-9.359834430000001
ACE,-9.26318608
GMT,-8.45842094
W,-7.74715931
TNSR,-7.542870269999997
kSHIB,-7.06111042
SAND,-6.80771428
HYPER,-6.804224879999999
BLUR,-6.239411469999999
DOT,-6.22034022
APT,-5.449006889999999
JUP,-5.21392937
XAI,-4.60463706
kFLOKI,-4.518826289999999
ALGO,-4.077171910000001
PYTH,-3.4597181999999997
DOOD,-3.4201470899999995
GMX,-2.7395002
MEME,-2.565103199999999
ETC,-2.42982033
NEAR,-1.99439577
KAS,-1.1763249199999994
APE,-0.87755125
CHILLGUY,-0.6284015199999998
STG,-0.40903724999999963
