coin,fundingRate_avg_5d
BLUR,-696.17377027
STABLE,-307.56640758000003
DOOD,-263.06649234
SOPH,-201.24813667
PROVE,-201.24413846000002
REZ,-198.02275139
BLAST,-197.41732224
BANANA,-168.68218478
MINA,-115.96607793000001
0G,-110.09986873999999
POLYX,-104.62650248
GAS,-82.43116565
TURBO,-81.13412428
AXS,-73.23598856000001
2Z,-69.17243115000001
MOODENG,-62.80905984000001
DYM,-59.461874789999996
LAYER,-52.46997421
JTO,-50.03196181999999
SUPER,-45.85069848
TRUMP,-43.41927434
MEME,-41.66320604999999
MOVE,-40.722282039999996
ANIME,-37.799767190000004
XAI,-36.253403809999995
MEW,-35.79786921
SAND,-34.419006519999996
APT,-34.22941091999999
BSV,-33.15866954999999
kNEIRO,-33.05763609
FET,-32.80548679
NEO,-30.617189879999994
ZORA,-28.975232269999996
ALT,-28.910697350000007
IP,-27.99193249
YGG,-25.954375470000002
EIGEN,-25.437722349999998
HYPER,-24.368028529999997
SEI,-23.77106446
MANTA,-23.211043500000002
INIT,-23.01576339
BIGTIME,-22.689311770000003
BERA,-22.62351176
W,-22.144250700000008
IMX,-22.14185776
ACE,-22.094839189999995
STRK,-21.93334494
IOTA,-21.649077100000003
DOT,-20.62739392
BABY,-18.917263070000004
AIXBT,-18.37209104
OP,-18.356230330000002
RSR,-17.46189127
KAITO,-16.595898109999997
AERO,-16.41393539
UMA,-16.30390541
POL,-16.067406579999997
SKR,-16.051666320000006
PYTH,-15.70884299
FTT,-14.721773489999999
SOL,-14.180658800000002
kLUNC,-14.019021470000002
USUAL,-13.65316956
ATOM,-12.600157699999999
NIL,-11.628672970000006
S,-11.10225172
CELO,-10.933365490000002
BRETT,-10.85075358
TIA,-10.843123619999998
RESOLV,-10.050631239999998
GMT,-9.91855161
PENGU,-9.63910177
kFLOKI,-8.888515769999998
STX,-8.311338349999998
FIL,-8.251560839999998
SCR,-7.247316630000002
ZETA,-6.793046389999999
AVNT,-6.70046852
XRP,-6.573748550000001
kPEPE,-6.531315109999999
ICP,-6.283021669999999
PNUT,-6.244139679999999
HEMI,-5.681508239999996
ADA,-5.4205806899999995
JUP,-5.299851099999998
ME,-4.894352889999999
TNSR,-4.267951569999999
BCH,-4.26663246
APE,-4.161862129999999
FOGO,-4.036130579999998
CAKE,-3.900709009999999
kBONK,-3.6208284699999984
WLD,-3.3766456599999985
kSHIB,-3.2328006199999995
TRX,-3.09382176
MERL,-3.0544221999999985
VIRTUAL,-3.0366167699999997
SYRUP,-2.48524996
USTC,-2.1335250100000014
INJ,-2.0867050000000003
KAS,-1.9082221899999998
ETC,-1.8274177599999986
SUI,-1.3891943800000002
ARB,-1.0751520299999993
ASTER,-0.6626575
ARK,-0.502700629999999
SKY,-0.4982899699999994
RENDER,-0.49632189000000004
