coin,fundingRate_avg_5d
SUPER,-452.12555475000005
TNSR,-316.68658811999995
MOVE,-296.22896373000003
DYM,-286.57117177000003
0G,-223.18500021000003
MOODENG,-216.89863879
ME,-168.59011572000003
ANIME,-153.21774506000003
TURBO,-150.35143218000002
HEMI,-139.71774702
XAI,-138.3191955
HYPER,-127.62784106999999
BLAST,-80.54966292000002
2Z,-79.43492445000001
kLUNC,-78.86790717
MERL,-73.95101261
KAITO,-71.01167490999998
AVNT,-69.48801015
WLFI,-57.804419280000005
LAYER,-56.73693005999999
USUAL,-53.26114821
DOOD,-51.349230030000015
RESOLV,-50.313783429999994
BERA,-46.89248513
MELANIA,-44.620998879999995
IP,-43.730688689999994
NIL,-40.62578845
REZ,-39.713415469999994
INIT,-38.699576869999994
BRETT,-37.28977313000001
OM,-33.33977452
ARK,-31.46725809
SAGA,-30.594059100000003
TST,-30.569354439999994
IO,-30.00322119
ATOM,-29.591869840000008
USTC,-24.18155295
IMX,-21.867223730000003
ACE,-21.29770839
SEI,-21.008930609999997
VVV,-20.7276054
MEW,-18.456483419999998
AERO,-18.088109359999997
BSV,-17.91564175
EIGEN,-17.82571232
MORPHO,-17.366169290000002
PYTH,-16.129774129999998
FIL,-15.875756029999998
FET,-15.740698729999998
MANTA,-15.52233383
BIGTIME,-14.727382810000002
BIO,-14.53636371
PROVE,-14.08733779
ZRO,-13.826289790000002
SOPH,-13.33691239
ZETA,-13.29612948
PROMPT,-13.04218657
DOT,-12.85686877
WCT,-12.403743169999998
GMX,-12.314662729999998
SYRUP,-12.001089769999998
ZEC,-11.7509268
AR,-10.82174119
BANANA,-9.15333933
APT,-9.07317949
UMA,-8.971704379999998
RSR,-8.677923909999999
ADA,-8.58276695
BABY,-8.470554270000001
kSHIB,-8.43204677
ENA,-8.359726399999998
COMP,-8.166538469999999
TRUMP,-7.59707642
BCH,-7.52256459
NXPC,-6.846755409999999
INJ,-6.816242139999998
PENDLE,-5.6592468899999995
OP,-5.53737631
JUP,-5.27260604
GMT,-5.24847735
ALGO,-4.4451233
GRASS,-3.795357599999999
BLUR,-3.751697759999999
kNEIRO,-3.636703049999999
SUSHI,-3.550309739999999
ALT,-3.2049022099999998
VIRTUAL,-3.0005868899999997
APEX,-2.7350165399999984
ETC,-2.4686242099999998
RENDER,-2.0775194099999994
FXS,-1.82122298
GOAT,-1.728447279999999
SAND,-1.6894448399999995
AVAX,-1.64610109
LINEA,-1.5706898999999994
XLM,-1.5488702
ZK,-1.475379639999999
NEO,-1.3154140099999998
POL,-0.8060207399999997
kFLOKI,-0.6838610799999997
STX,-0.3758886799999999
MINA,-0.2480810099999998
MAVIA,-0.07542724999999922
