coin,fundingRate_avg_5d
CHIP,-215.55026747
PROVE,-164.55961854999998
POLYX,-62.185399669999995
HYPER,-52.68077923
WLD,-47.556652269999994
LAYER,-46.41125964
BSV,-39.29136816
FOGO,-38.998198699999996
STABLE,-38.80900751999999
JTO,-26.89451327
kLUNC,-26.78076029
BIO,-25.11950878
POL,-24.3119419
TRUMP,-21.48022153
BABY,-21.39169005
MINA,-20.324881919999996
0G,-19.494260910000005
MOVE,-16.424576600000005
APE,-15.082347500000006
CAKE,-14.88244503
BANANA,-14.680072969999996
BCH,-13.963545120000001
ACE,-13.593987729999998
SAGA,-12.96100327
BLAST,-12.26507237
MERL,-11.801957450000002
ALT,-10.716909540000001
DASH,-10.6109223
IO,-10.34411533
ZORA,-9.39544456
SKY,-9.31922015
APT,-8.898932140000001
STX,-8.656044349999998
2Z,-6.6259070499999995
ANIME,-6.56527398
W,-5.9263254199999995
BIGTIME,-5.7203705199999995
EIGEN,-5.478168929999999
SAND,-5.420059469999999
BLUR,-5.06893677
COMP,-4.961854529999999
kSHIB,-4.802669999999999
AXS,-4.60248575
PYTH,-4.29760709
MEGA,-4.2972866199999995
YGG,-4.25265734
ICP,-3.6601039299999996
GAS,-3.0003401499999995
kFLOKI,-1.43849128
STRK,-1.4141654899999991
AERO,-1.1183286099999998
OP,-0.86094375
S,-0.71349908
SNX,-0.6912698499999995
MOODENG,-0.37337236999999945
XRP,-0.36768494
TURBO,-0.32595375999999954
SUSHI,-0.12919832000000003
