coin,fundingRate_avg_5d
TRUMP,-82.99587686000001
MOVE,-43.73223702000001
STABLE,-39.59014986
kNEIRO,-35.34921851
BRETT,-34.45534154
TRX,-33.90185116000001
LAYER,-28.56140257
SOPH,-23.37171212000001
ME,-22.772425190000003
IO,-19.75219838
EIGEN,-19.547182260000003
GAS,-16.270175030000004
HYPER,-15.803390400000001
MINA,-15.54662458
UMA,-13.85935806
XLM,-13.57372293
AVAX,-12.244415559999998
0G,-10.675568909999999
ADA,-9.57508807
ZORA,-9.295073210000002
XAI,-9.068218410000002
SKR,-8.418617690000001
KAITO,-8.24714653
MOODENG,-7.65596625
IP,-7.5038262200000005
ALT,-6.97786122
CHIP,-6.6622281999999995
POLYX,-5.34795956
2Z,-5.259795269999998
NOT,-4.46138332
DOT,-4.033166780000001
kLUNC,-3.50202535
ETC,-2.404649199999999
ORDI,-1.8073099099999996
BABY,-1.531007099999999
IOTA,-1.2238654400000002
RENDER,-1.2170340999999993
OP,-0.6864730199999991
APE,-0.533079579999999
kSHIB,-0.3018257999999998
BNB,-0.11725916999999973
AIXBT,-0.05677939999999906
