coin,fundingRate_avg_5d
BLAST,-102.71711082999998
SOPH,-54.83677291
ARK,-50.69333233
BERA,-25.693922419999996
UMA,-24.331146009999998
HYPER,-13.198886909999997
FTT,-11.228951979999996
ZRO,-9.07451831
REQ,-2.7684804699999987
