coin,fundingRate_avg_5d
BLAST,-115.47385864
ARK,-48.425607039999996
BERA,-28.13446134
HYPER,-20.75744342
SOPH,-17.718082580000004
ZRO,-13.70395128
REQ,-5.103627830000001
REZ,-2.11211338
VVV,-0.9084477699999978
