coin,fundingRate_avg_5d
MAVIA,-826.84788163
ZRO,-237.65671731
BANANA,-203.97440927
REQ,-194.05129443
IP,-146.61754788000002
MELANIA,-145.93335391999997
BERA,-124.45135411000001
REZ,-122.64291854000001
BLAST,-113.22681060000002
MOVE,-110.66406748999998
LAYER,-85.20627817
MNT,-62.68408237999999
USUAL,-54.24633358
OM,-48.04571796
TRX,-43.45039497
GRASS,-36.833704170000004
SEI,-30.17945706
VINE,-29.93349086
IO,-26.6845806
FXS,-23.96252959
ATOM,-22.445426799999996
MAV,-19.817764790000002
XLM,-19.07256181
ADA,-17.61494161
VIRTUAL,-17.108004059999995
IMX,-15.346256369999999
RDNT,-15.238130230000001
ALT,-14.332127229999998
TON,-14.32945689
KAITO,-13.843206809999998
ORBS,-12.940895420000002
BADGER,-11.00911905
CELO,-10.867277129999998
W,-10.035273499999999
ZETA,-9.368062989999999
HMSTR,-9.149242570000002
ARK,-8.40334536
UMA,-8.004218589999999
COMP,-7.6511759900000005
MANTA,-7.4316555
BTC,-7.412409780000001
MERL,-6.7492230300000005
TRUMP,-6.566862459999999
BNB,-6.46837378
FTT,-5.988025749999998
JTO,-5.3885242
KAS,-5.2648278899999985
SOL,-5.22230466
XRP,-5.138972239999999
TIA,-4.97670857
AVAX,-4.8986941999999996
STG,-4.51921392
ETHFI,-3.95521154
VVV,-3.735186619999999
APE,-3.6413473100000004
SUI,-3.1604043300000004
PIXEL,-3.0423363199999995
ETH,-2.7858092099999996
PYTH,-2.471119349999999
TNSR,-2.45590469
OMNI,-2.036376609999999
STRK,-1.2492475399999987
SPX,-1.2117737199999987
ETC,-1.1836796700000003
BCH,-1.1352084000000002
ARB,-1.05456822
DYM,-0.8859535499999999
CFX,-0.6915202400000001
LDO,-0.6525783900000001
XAI,-0.4825161299999999
BLUR,-0.46130744
SCR,-0.026655219999999633
