coin,fundingRate_avg_5d
POLYX,-342.1040361799999
AVNT,-221.92645685
IP,-129.21381789999998
0G,-126.29013431999999
REZ,-118.95712372000003
kLUNC,-106.14298623
KAITO,-93.54014796999999
RESOLV,-85.93489117000003
BLAST,-77.37579009000001
ANIME,-60.14171138000001
SOPH,-55.86425886000001
USTC,-44.79068810999999
ZORA,-44.02675551999999
GAS,-40.98849478999999
MANTA,-30.55572169
ZETA,-26.606838519999997
SUPER,-25.845169660000003
TNSR,-24.903071810000004
USUAL,-21.72845584
PROVE,-21.43993575
CELO,-18.451071200000005
kNEIRO,-17.985780880000007
UMA,-17.884396290000005
TRUMP,-17.75093623
WCT,-17.23024913
DOOD,-17.03288852
MINA,-15.244475389999998
ZEC,-15.084355000000006
XAI,-14.960359389999999
MEME,-14.250721279999999
HYPER,-13.053444629999998
LAYER,-12.97376805
MELANIA,-12.06522246
ACE,-11.607667219999998
IMX,-11.253269010000004
SCR,-11.20110613
NEO,-11.056562480000004
ATOM,-10.87716863
BSV,-10.70637856
TURBO,-10.031332229999999
MERL,-9.225265499999999
VVV,-4.767521229999999
XLM,-4.320380169999997
DYM,-3.805955740000001
FTT,-2.559091649999997
DOT,-2.07450962
ADA,-1.68970545
MOODENG,-1.6813440299999978
FET,-1.0837061699999986
BERA,-0.7723319699999975
ETC,-0.596889609999999
