coin,fundingRate_avg_5d
OMNI,-89.12084169917354
HYPER,-47.08597590743801
REZ,-44.9439271338843
SOPH,-43.4422966214876
SUPER,-40.09596286611569
BERA,-24.496635580165293
BLAST,-23.893221441322314
PROVE,-12.719965963636362
GRASS,-4.795293500826446
MAVIA,-0.9930524231404944
ME,-0.6322135438016524
