coin,fundingRate_avg_5d
REZ,-159.58169964
ZORA,-119.54496571
BLAST,-113.49208311
MOVE,-49.45539687000001
VVV,-49.05914119
GMX,-47.65902382
GAS,-37.398938789999995
BIO,-37.03263136
COMP,-35.117257359999996
CELO,-35.06904013
BERA,-29.938639549999994
ME,-29.413134449999994
TAO,-25.259010319999998
BSV,-18.731508000000005
MELANIA,-16.27378999
VIRTUAL,-15.47773886
ETC,-14.661663829999997
AIXBT,-13.75426142
IP,-13.413541949999999
BNB,-13.24671505
ZRO,-12.89511493
SPX,-12.12612417
WCT,-11.49899431
NEO,-10.19658014
LAYER,-9.7742547
PYTH,-9.647860310000002
ARB,-9.089138749999998
TNSR,-8.056529659999999
ZETA,-7.53673754
BLUR,-6.4860142299999985
CFX,-5.695956399999999
FTT,-5.59213361
RENDER,-5.589355230000001
SEI,-5.472252279999999
SUI,-5.220965839999999
POL,-5.16121534
BABY,-4.84757011
PENGU,-4.650188329999999
POLYX,-4.193067439999998
FET,-3.9991940399999995
USUAL,-3.9414597999999987
TON,-3.7724093199999995
PROMPT,-3.615606049999999
APT,-3.399907109999999
IO,-3.32590263
AVAX,-3.202188069999999
ATOM,-2.8080209199999993
IMX,-2.0927493999999993
KAITO,-1.8975546999999993
MEME,-1.5944959299999981
TURBO,-1.48182189
ACE,-1.3527644599999995
BCH,-0.57828337
SAND,-0.18400671999999954
ENA,-0.034293939999999114
