coin,fundingRate_avg_5d
BLAST,-92.6069293090909
BERA,-40.579606809917365
MOVE,-33.66127301157025
LAYER,-31.729753824793388
ZRO,-30.443507821487607
IO,-19.979464115702484
BABY,-19.396962485950414
NEIROETH,-13.61974538181818
BIO,-11.884123685950414
WCT,-9.596702350413223
REZ,-7.401515127272728
SEI,-6.752463560330578
TRUMP,-4.811023130578512
SOL,-2.3492256694214877
USUAL,-0.07374399669421355
