coin,fundingRate_avg_5d
0G,-431.63210912727266
SUPER,-421.1001942446281
BIO,-66.64774801983471
KAITO,-62.41688159008264
ME,-60.56045225454546
REZ,-42.50622112066115
BSV,-37.66057354710743
BLAST,-23.9200972661157
PROVE,-20.21238961983472
MAV,-10.448855603305788
BABY,-6.442572406611568
RESOLV,-5.521327368595039
ZETA,-5.35668642644628
HYPER,-4.970039573553718
BERA,-3.915177748760329
FTT,-3.860430644628097
PAXG,-0.9242820793388421
GMX,-0.9194539438016527
TRUMP,-0.1042186611570239
