coin,fundingRate_avg_5d
BIO,-419.1012295735537
YZY,-142.826181292562
PROMPT,-108.44667443305788
BERA,-89.63570961322314
BLAST,-78.12207962975206
GRASS,-51.501442323966934
OMNI,-49.70655452231405
BSV,-48.780084614876024
PROVE,-34.810402571900816
SUPER,-25.674004195041324
MAV,-21.141577299173555
OM,-16.904076436363635
IP,-15.53814483966942
USUAL,-12.46285851570248
HYPER,-10.62965403966942
UMA,-8.094562165289256
GMX,-6.679691127272726
SOPH,-6.585963471074378
TRUMP,-5.953739067768594
VIRTUAL,-5.342655223140494
ETHFI,-4.084448459504131
MOVE,-3.556695381818181
ZORA,-3.550820390082645
GAS,-2.2624596793388427
DYM,-2.098855457851239
GMT,-2.04281172892562
INIT,-1.4066779041322304
REZ,-1.277533061157024
MEW,-1.1305619801652882
kFLOKI,-0.4932415735537186
PNUT,-0.2665602842975197
