coin,fundingRate_avg_5d
BLAST,-102.95741518016528
SOPH,-56.315313540495865
ARK,-50.18388330247933
UMA,-30.70915590743802
BERA,-25.80605286942149
HYPER,-11.541747411570245
ZRO,-7.9866758876033055
REQ,-1.1005325553718988
