coin,fundingRate_avg_5d
PROVE,-432.5887056399999
ALT,-264.43467147999996
SUPER,-261.17811155000004
GMT,-189.71862617000002
CHIP,-132.58646097000002
BLAST,-85.936914
ME,-84.08056999
SAGA,-60.485866959999996
STABLE,-57.26565665000001
FOGO,-42.65484607999999
TST,-38.20788245000001
COMP,-29.556690409999998
OP,-23.91833904
POL,-17.78393004
MERL,-16.930982710000002
MINA,-14.667906789999998
BCH,-14.258559289999999
BLUR,-11.48989486
TRUMP,-11.298323879999998
SNX,-10.40534335
ICP,-10.231055849999999
kSHIB,-6.86075754
kLUNC,-6.587203179999999
JTO,-6.24440686
ETC,-5.82459773
SUSHI,-5.1937091
STRK,-5.18642005
CAKE,-3.7357669699999994
LAYER,-2.90331731
DASH,-2.819502359999999
SUI,-2.4059266999999998
STX,-2.38452821
ADA,-2.1048462299999997
BSV,-2.095786929999999
TON,-2.0903119299999995
kFLOKI,-2.0901637400000004
AIXBT,-1.956383939999999
YGG,-1.4436611399999995
ZORA,-1.4086970599999995
AXS,-1.4085255099999985
UNI,-0.820393709999999
