coin,fundingRate_avg_5d
GMT,-283.31610907
MEME,-232.84123215999995
MOVE,-171.58416326999998
IMX,-132.03015570999997
MELANIA,-96.51221084000001
XAI,-95.39333327
BLAST,-94.02647324000002
REZ,-93.85843673000001
WCT,-93.15180914
TURBO,-90.33642178999999
GMX,-74.15310726999999
LAYER,-66.55230273999999
USUAL,-55.11723818
VVV,-47.71906048
BIO,-40.34655615
BERA,-36.99584739
TAO,-35.210419959999996
ARK,-35.14679097
OM,-33.678311289999996
IP,-33.35159322
MORPHO,-32.69390848
ANIME,-28.71942713
ATOM,-28.140960529999997
REQ,-25.37926906
DYM,-20.63703576
GAS,-20.05581633
APT,-18.587243940000004
MANTA,-18.26435399
FET,-17.755922130000002
BABY,-16.583553079999998
XLM,-15.92910662
PYTH,-15.858563070000002
RENDER,-13.445501349999999
SOL,-11.820728670000001
OGN,-11.490938759999997
MERL,-10.607139440000003
COMP,-10.521720680000001
POLYX,-9.825110149999999
INJ,-8.89727869
ETC,-8.53864283
TON,-8.07016387
SEI,-7.735580049999999
BNB,-7.710427899999998
STX,-7.634505710000001
VIRTUAL,-6.40882403
AVAX,-5.832089719999999
ME,-5.718242569999998
ACE,-5.189250259999998
ADA,-4.634789709999998
ETHFI,-3.703718509999999
OP,-2.996269669999999
DOT,-2.85086243
POL,-2.4848849600000005
BCH,-2.4589378399999995
SUI,-1.3699917299999995
OMNI,-1.3354357199999995
ZRO,-1.1360595800000002
BRETT,-0.9834822799999999
kSHIB,-0.9709941700000004
IO,-0.9234923399999996
ARB,-0.8894319999999998
