coin,fundingRate_avg_5d
BLAST,-76.93110037
BERA,-33.542929140000005
ZRO,-27.95030424
LAYER,-24.04748334
MOVE,-23.489485209999998
IO,-19.952612580000004
BABY,-15.476221920000002
REZ,-13.860486640000001
NEIROETH,-12.09347127
BIO,-6.659825769999999
WCT,-6.343023289999998
SEI,-3.2878506499999993
SOL,-2.8307764800000004
TRUMP,-2.4795982999999997
BANANA,-0.00815263999999888
