coin,fundingRate_avg_5d
HYPER,-252.83296106
ARK,-114.49474395000001
BLAST,-98.50923534
SOPH,-71.61277589000001
RESOLV,-34.53464947
USUAL,-23.87740429
GAS,-11.813728700000004
MOVE,-10.263960600000003
REZ,-5.467979589999998
BERA,-4.290866269999999
BANANA,-3.0110273499999987
GRASS,-2.830724649999999
BSV,-1.9673967199999984
BCH,-1.8161888999999998
OMNI,-0.7558230199999998
