coin,fundingRate_avg_5d
SOPH,-333.58633255537194
HYPER,-112.68195923305784
BLAST,-75.93978915371902
MERL,-64.65033480991735
ARK,-51.24593846280991
BERA,-37.03597541157025
UMA,-35.38987512396694
ZRO,-13.192554208264463
RESOLV,-7.421266393388433
ZORA,-7.337727123966937
SUPER,-6.056304188429749
GAS,-4.081232598347106
