coin,fundingRate_avg_5d
AZTEC,-1196.99960259
SKR,-1099.8934323600001
OM,-656.5122709400001
YGG,-428.7121034199999
AXS,-348.9159319
UMA,-188.02033081000002
BIO,-158.81547923000002
ZORA,-155.07176986
BLAST,-135.81811111000002
JTO,-135.28258603000003
0G,-134.72626033
BERA,-134.17816757
STABLE,-132.74037343999998
SNX,-130.06015946
SOPH,-112.17628730999999
FOGO,-91.65158321999999
INJ,-75.18037422000002
ACE,-71.45622885
2Z,-66.41843023
ICP,-66.09837852
GOAT,-63.11771990000001
GAS,-62.468179039999995
CELO,-60.54687378999999
VVV,-58.19048854000001
DASH,-57.00612778
TRUMP,-54.277728690000004
AVNT,-51.33187136
SEI,-47.62374876
REZ,-43.04229577
HYPER,-42.97133977
SAND,-41.179184660000004
FET,-40.79008516999999
BIGTIME,-33.68578795
SCR,-33.36050068
INIT,-32.86569646000001
MERL,-32.73696242
APT,-32.736285710000004
XAI,-32.06135983
MOVE,-31.89337369
POLYX,-31.677598829999997
STX,-31.25832114000001
STRK,-31.16334887
OP,-29.08274594
KAS,-27.949627530000004
kNEIRO,-26.881218510000004
APE,-26.43296639
KAITO,-25.71985786
kFLOKI,-25.194106020000003
MOODENG,-24.150272450000003
DOT,-23.790940899999995
ZETA,-23.62929773
S,-23.07462402
DYM,-22.613744360000002
XLM,-21.259387770000004
MEW,-20.25874465
POPCAT,-19.394569190000002
ZEN,-19.361126430000006
NEO,-18.94642073
EIGEN,-18.7483126
ANIME,-17.141830800000005
MON,-16.377411300000002
AERO,-16.03241695
MINA,-15.407844279999999
SKY,-13.810954680000002
ATOM,-13.33625101
NXPC,-13.330258440000001
POL,-13.121550709999998
ALGO,-12.9712021
YZY,-12.967515599999997
MEME,-12.90734681
ARB,-12.617626599999998
SOL,-10.591121050000002
IMX,-10.287374619999998
LAYER,-10.270853989999999
VIRTUAL,-10.2557554
kLUNC,-10.191288369999999
TURBO,-10.09651904
WCT,-9.465036190000001
MANTA,-9.35065249
PROVE,-9.15946622
IO,-8.759572219999999
SPX,-7.99008725
kSHIB,-7.8089998000000005
BABY,-7.72230792
ME,-7.68704454
ALT,-7.38275426
BSV,-7.086485219999999
ZK,-6.5698788200000005
LTC,-6.357005709999999
WLFI,-6.062509839999998
W,-5.447056329999999
XRP,-5.35980016
PNUT,-5.033453659999999
IP,-4.76037453
kBONK,-4.593046849999999
CAKE,-4.4054828399999995
SUSHI,-4.3253303
MNT,-4.149387889999999
PENGU,-3.5061315999999993
PYTH,-3.3818206299999996
BRETT,-2.58818799
UNI,-2.563789929999999
AIXBT,-2.3473996799999997
RSR,-2.2474480799999994
TON,-2.11496257
RENDER,-1.9512476599999997
ONDO,-1.8179934599999998
CRV,-1.8046366499999995
SUPER,-1.4856069399999994
ENA,-0.5038022000000001
WIF,-0.45203279
PENDLE,-0.3166820299999997
