coin,fundingRate_avg_5d
MOVE,-707.269798631405
VVV,-182.80448215537194
BLAST,-114.57571268429751
REZ,-90.01292028099176
ME,-46.68177068429751
BERA,-46.46786523966942
VIRTUAL,-35.375799758677694
BIO,-34.472383130578514
LAYER,-31.830847844628092
CELO,-31.3810080892562
GAS,-24.158341031404962
COMP,-22.637397976859507
GMX,-22.587292948760332
TRUMP,-20.726343163636365
IP,-18.38720886942149
USUAL,-18.239613728925622
ZRO,-15.635707348760329
PROMPT,-15.51288056528926
BNB,-13.827358105785123
MELANIA,-13.267111219834712
PYTH,-13.234669537190081
FET,-12.933077216528927
IO,-12.866638046280992
TNSR,-11.52777919338843
ONDO,-11.333575785123966
ETC,-10.659671157024794
WCT,-9.99589482644628
ZORA,-9.0759869553719
TON,-8.40441132892562
ARB,-8.013901388429753
CFX,-7.637295957024793
POL,-7.558864998347106
SEI,-7.315248674380163
MERL,-6.468334770247933
ZETA,-6.10599727933884
AIXBT,-5.979607130578512
BSV,-5.822733629752066
RENDER,-5.704262955371901
BCH,-4.271710472727272
TURBO,-4.048290654545454
APT,-3.9322438214876034
SPX,-3.660934314049585
BABY,-3.286692634710743
ANIME,-3.1958702578512375
SAGA,-3.0173269785123957
BANANA,-2.715698459504131
BLUR,-2.5802681355371893
SNX,-2.0135707041322313
OMNI,-1.5003650181818176
GMT,-1.157387127272727
FTT,-0.1274833388429733
