coin,fundingRate_avg_5d
MEME,-408.48073888
GMT,-373.43891534
MOVE,-296.31199757999997
MELANIA,-205.74550680000002
WCT,-203.11387140000002
BIO,-119.97689357
BLAST,-114.90679829000001
GMX,-86.88117045999999
REZ,-86.84256221999999
XAI,-83.93625994000001
ANIME,-83.37794207
ARK,-67.25225229
LAYER,-67.08060593000002
VVV,-67.05226076
REQ,-65.36401968999999
MORPHO,-57.90620683000001
USUAL,-56.794307329999995
OM,-52.08129739
IP,-48.798467679999995
TAO,-45.57778068
BERA,-42.34788327
DYM,-41.45801692
FET,-29.791247440000006
PYTH,-29.369438840000004
XLM,-26.682735889999996
TURBO,-25.13395402
ATOM,-24.85992735
BABY,-24.508978390000003
GAS,-24.411922699999998
IMX,-22.61158356
TRUMP,-21.029699840000003
SOL,-19.668537460000003
VIRTUAL,-17.85939525
RENDER,-14.255914500000001
APT,-13.95571879
BNB,-13.681817680000002
ME,-13.428968309999998
MERL,-13.247301239999999
OGN,-11.490938759999997
MANTA,-11.482522589999999
SEI,-11.328916720000002
INJ,-10.7836257
TON,-10.54080142
ADA,-10.35101748
POLYX,-9.564717689999998
ETC,-9.37026613
ACE,-8.26426868
OP,-8.214547650000002
STX,-7.601460799999998
DOT,-6.74950554
OMNI,-6.61308387
W,-6.34133699
NEO,-6.3232563499999985
ZRO,-5.6957279100000004
SPX,-5.463367449999999
AVAX,-5.3315185000000005
ONDO,-5.25532475
COMP,-4.94522732
BCH,-4.847251099999999
kFLOKI,-4.55964716
IO,-3.9428066499999987
BANANA,-3.77204578
kSHIB,-3.7500187600000006
BRETT,-2.962156769999998
XRP,-2.6107909799999995
VINE,-2.345194350000001
SUI,-1.84619263
UNI,-1.2819522699999997
ETHFI,-0.9869307999999997
TIA,-0.07940356000000018
