coin,fundingRate_avg_5d
OMNI,-277.7501956
PROVE,-73.84490784000003
SUPER,-65.8171942
GMX,-60.773124880000005
BERA,-48.15794086
BLAST,-47.51731475999999
GAS,-32.65384315999999
REZ,-13.680791300000003
SOPH,-12.185726480000001
IP,-11.417886929999998
BIO,-11.229298730000002
HYPER,-10.973122019999998
MOVE,-10.10441618
APT,-3.7354048899999968
TRUMP,-2.22767822
