coin,fundingRate_avg_5d
POLYX,-1243.4393221487603
0G,-995.1024600595043
AVNT,-588.1932623801653
MOVE,-559.012543309091
ANIME,-425.5178325619835
BANANA,-395.84956012561986
LAYER,-364.16646959008267
RESOLV,-268.1287977719008
SUPER,-177.77295534545453
TNSR,-150.3835520231405
ACE,-120.81362180826449
2Z,-100.40135649917356
BLAST,-100.37193593057852
VVV,-94.79144163966943
DOOD,-94.31329550082646
IP,-87.73660749421485
NIL,-87.28580124297521
INIT,-87.15175152396694
MOODENG,-83.20042465785124
SOPH,-78.29908375537191
ZORA,-73.92907015537192
YGG,-64.50959418842976
HMSTR,-62.53207124628099
MERL,-54.51660536528925
IMX,-53.38767737851239
DYM,-50.163208978512394
USTC,-47.05412063801652
TURBO,-46.67815664132232
OM,-44.20906304132231
XAI,-44.056178598347095
BIO,-43.48683651570248
REZ,-39.69659808595041
WCT,-36.014559411570254
MANTA,-32.96184492892562
HYPER,-28.617946264462812
GOAT,-28.43166233057851
kLUNC,-27.139450839669422
MEME,-25.998839474380166
GMX,-24.69885692231405
FET,-24.05987718347108
NOT,-23.705373014876034
CELO,-23.583799418181815
TRUMP,-22.248259229752065
SKY,-19.911220819834714
ME,-19.224420168595042
IO,-16.468038386776858
PROVE,-15.818505381818182
FXS,-15.412795031404956
ETC,-15.280155600000006
SYRUP,-14.919026409917354
ZETA,-14.888912280991736
UMA,-14.102241114049585
HEMI,-11.818380971900831
BCH,-11.321416036363635
BLUR,-11.260720819834711
S,-11.062345914049587
RSR,-10.822406618181818
ADA,-10.729613603305785
ZK,-10.60392208264463
USUAL,-9.788489157024792
MAV,-9.546791345454544
CFX,-9.21107918677686
SEI,-9.172382429752064
NEO,-9.145327061157024
JUP,-9.132486783471073
POL,-8.326593570247933
KAITO,-8.176122833057853
COMP,-8.162837315702479
SUSHI,-7.638860449586778
ZRO,-7.081618026446281
GMT,-7.030173659504131
W,-6.906106720661156
EIGEN,-6.840488528925619
DOT,-6.524568178512396
BERA,-6.108677404958678
STX,-5.9135791735537175
kFLOKI,-5.650782069421487
POPCAT,-5.634091735537189
MELANIA,-4.003728317355371
BSV,-3.5313152727272707
AR,-3.455602085950412
ARK,-3.43201958677686
JTO,-3.3040656694214867
ONDO,-3.2884337752066117
kSHIB,-2.79939265785124
WLFI,-2.3503210314049583
TAO,-2.330319996694214
IOTA,-2.220566608264462
BRETT,-1.6897171239669406
XLM,-1.538490565289256
SAND,-1.3743086181818176
TIA,-1.2924409884297516
OP,-1.1521463305785122
DOGE,-1.011765520661157
ENA,-0.9374618975206612
APEX,-0.790796330578512
FIL,-0.6586086545454545
NXPC,-0.157989133884297
BNB,-0.12699972892561973
