coin,fundingRate_avg_5d
TNSR,-1140.833837434711
RESOLV,-651.6530096628098
LAYER,-549.9347008264463
DYM,-380.20908617851234
ZORA,-345.02098281322316
KAITO,-322.2465045917356
WCT,-264.45891957024793
0G,-262.02564278677687
SUPER,-187.2597573421488
XAI,-180.0577103107438
BSV,-134.31062583471075
2Z,-107.65283309752067
YZY,-95.59777285289259
REZ,-95.49792116033056
BLAST,-92.26445747107437
MOVE,-87.44386060165291
AVNT,-79.99922889917357
ME,-78.70190982148759
BIO,-73.76141099504133
OM,-68.12349019834711
IO,-56.57216180826447
IP,-54.41295646611571
MEW,-54.20477325619834
MAV,-52.76228794710744
BERA,-52.045364479338836
ANIME,-46.144276631404956
MOODENG,-44.49106843636363
MANTA,-44.40400561983472
TURBO,-42.64856388099173
WLFI,-40.36567023471075
BABY,-38.71330908099174
ZRO,-35.501607114049584
APT,-35.14813025454545
MORPHO,-33.200363077685935
ZK,-32.62418240330578
GAS,-30.168638568595036
GOAT,-28.02190790082644
NIL,-27.404005735537194
PROVE,-26.208185375206615
AIXBT,-25.61394534545455
HYPER,-22.722634224793392
SKY,-22.302657381818182
kLUNC,-17.653579140495868
GMX,-17.561470998347108
USUAL,-17.517151914049588
SAGA,-17.34202358677686
CC,-16.9864696661157
ZEN,-16.373523778512396
STX,-15.492416191735536
FXS,-13.70284665123967
ZETA,-13.555872674380167
SAND,-12.527674552066115
MET,-11.972233358677686
CAKE,-10.963243527272727
ATOM,-9.471330823140496
kFLOKI,-9.436069289256197
VVV,-9.383742406611567
PROMPT,-8.135241867768592
COMP,-7.480190786776859
SOPH,-7.129611242975206
INIT,-5.909606042975205
GRASS,-5.755117289256197
POPCAT,-5.372447186776858
SOL,-5.335204879338844
OP,-5.102663077685951
WLD,-4.991230085950413
SEI,-4.975166707438017
RSR,-4.951087566942149
AR,-4.696000710743802
ZEC,-4.096209302479337
DOOD,-3.9840472760330568
INJ,-3.6834366545454538
IMX,-3.511495953719007
BRETT,-3.3460485123966928
ALGO,-3.2472313685950414
DOT,-3.192998280991736
EIGEN,-3.146536254545454
ALT,-2.648258766942148
MERL,-2.0983313057851234
MELANIA,-2.01300818181818
AERO,-1.1805649289256188
W,-1.1640903371900824
FIL,-0.8795068958677684
TST,-0.39720953057851166
ACE,-0.13872871735537154
