coin,fundingRate_avg_5d
ANIME,-745.33997107
MOVE,-536.34042211
MELANIA,-435.24527637999995
ARK,-214.61866702
IP,-155.0499633
BIO,-150.09679796
OM,-134.78641452
REZ,-124.59744682
MEME,-123.70735782000001
BLAST,-112.2631011
DYM,-99.55433254
GMX,-97.45020170999999
ME,-90.62725598000002
BERA,-77.62740357000001
GAS,-77.33948646
BABY,-62.16981855
MORPHO,-55.17730622999999
GMT,-49.55904518999999
VIRTUAL,-48.32910104
USUAL,-46.39922924
LAYER,-45.120993399999996
OMNI,-41.28359071999999
XLM,-40.17691729
REQ,-36.64728772
PYTH,-32.0074048
VVV,-29.7025539
TRUMP,-27.21712144
kFLOKI,-24.78353869
ONDO,-24.506667939999996
BIGTIME,-24.106282649999997
ADA,-22.332859340000002
SEI,-21.58005195
SPX,-20.440777450000002
FET,-17.980849
APT,-17.68800658
UNI,-17.02373651
RENDER,-16.4488564
kSHIB,-15.906316019999998
ZRO,-15.306859729999996
BANANA,-15.116818100000001
AVAX,-14.18565127
ETHFI,-13.346663730000001
DOT,-12.11760215
SCR,-12.070461670000002
STRK,-11.176931450000001
INJ,-11.151583660000002
OP,-11.1448954
POL,-11.01361293
ZETA,-10.620756860000002
NEO,-10.29195537
ARB,-10.19275348
BCH,-8.486320809999999
TAO,-8.184163589999999
EIGEN,-8.03415954
BNB,-7.944660809999998
ETC,-7.879864550000001
S,-7.198973839999999
BSV,-6.7588984499999984
MANTA,-6.401015219999999
XAI,-5.8662245199999985
KAITO,-5.60684603
XRP,-5.49582398
TURBO,-5.3384535
ATOM,-5.27569248
W,-3.8938732899999993
BLUR,-3.876668649999999
CFX,-3.47000536
TIA,-3.3641575500000003
ETH,-3.27220967
SAND,-2.68200029
IMX,-2.2845488699999987
IO,-1.8556264199999999
SOL,-1.8418863599999995
kBONK,-1.6042888799999997
POLYX,-1.5969961799999985
PNUT,-1.5625292299999995
TON,-1.3770303900000003
DOGE,-1.1737370699999998
ACE,-1.1477782699999999
CELO,-1.12245311
AIXBT,-1.1204821099999995
NOT,-0.8950267199999993
MEW,-0.34128083999999964
BRETT,-0.26744571999999917
