coin,fundingRate_avg_5d
0G,-416.706742938843
SUPER,-113.11333059173556
BIO,-65.5745654876033
ME,-53.09627344462809
REZ,-43.954394638016524
BSV,-34.2832511107438
BLAST,-31.92464355371901
KAITO,-27.509599209917358
MAV,-20.50591260495868
FTT,-7.064894390082642
PAXG,-6.975219500826445
BABY,-5.559074280991733
HYPER,-5.3903038314049585
ZETA,-2.874723590082643
RESOLV,-2.135348459504132
APT,-1.9884606347107436
GMX,-1.2743657057851239
