coin,fundingRate_avg_5d
MELANIA,-423.4727750876033
BLAST,-183.9180396
MOVE,-153.2618628694215
BANANA,-129.38691362975206
REQ,-119.91317634049587
BERA,-117.06405149752064
LAYER,-107.34137165950413
USUAL,-95.65533908429752
REZ,-78.87067303140496
SEI,-64.40842342809918
JELLY,-63.10168192066118
IP,-59.92742714380165
KAITO,-47.17054031404958
TIA,-38.1988784429752
MAVIA,-35.52670849586777
COMP,-34.40311759338843
DYM,-30.56358932231405
ARK,-27.920113804958678
ATOM,-27.288202879338844
MNT,-26.325337705785124
RDNT,-22.527331834710743
CELO,-20.23001097520661
STG,-20.11388088595041
XRP,-20.108802981818183
IO,-19.86640943801653
XLM,-19.741093656198345
MAV,-18.967640677685953
TNSR,-18.46977440330578
MERL,-17.923464604958674
EIGEN,-15.954184026446283
USTC,-15.9441085785124
ADA,-15.553675378512398
VIRTUAL,-14.630664585123967
MANTA,-14.540723999999999
IMX,-14.263825467768594
ORBS,-13.746147838016528
APT,-12.974598892561984
FET,-12.581046119008269
ENA,-12.171275761983471
BLUR,-11.069807117355372
STRK,-10.67460297520661
W,-10.585237943801651
TRX,-10.553442039669422
APE,-10.478522320661156
ZETA,-9.52384159338843
UMA,-9.402165193388434
ALT,-8.883891738842975
ONDO,-8.788189824793387
PNUT,-8.514378287603307
SPX,-8.064068677685949
BNB,-7.896254588429751
ZRO,-7.877728274380164
OMNI,-7.744327229752066
GRASS,-7.739745242975207
TRUMP,-7.209711669421487
PIXEL,-7.1142001586776855
SAND,-7.029296211570247
VINE,-6.777734350413222
PENGU,-5.483668780165289
DOT,-5.427179087603305
POL,-4.963347223140495
CFX,-4.815020152066115
ME,-4.257522168595041
SOL,-4.097420499173554
kSHIB,-3.609293028099172
ETC,-3.537489262809917
RUNE,-3.4857068033057823
ETHFI,-3.3447381322314045
JTO,-2.608502846280992
BRETT,-2.583424631404959
BSV,-2.146689401652893
NOT,-2.1122401586776864
PYTH,-1.7815979404958677
TURBO,-1.5107170214876031
AVAX,-1.1827751999999991
INJ,-1.174559623140496
JUP,-1.0512289586776857
ACE,-0.913037424793388
kLUNC,-0.3903376363636359
kBONK,-0.2977639834710745
CYBER,-0.1932658710743801
