coin,fundingRate_avg_5d
TNSR,-1250.2444810909092
LAYER,-678.1429065024793
RESOLV,-479.8217255801652
DYM,-409.89061010578513
0G,-347.3624533487603
ZORA,-308.7650557190083
SUPER,-228.71120568595043
MAV,-207.8694288892562
XAI,-193.29846840991735
WCT,-159.75862854545454
2Z,-128.6166193190083
KAITO,-114.93083367272727
BSV,-110.50934819504134
BLAST,-107.94306492892562
REZ,-101.13698365289257
OM,-100.01620246611569
ME,-95.22202749421488
YZY,-91.35949734545459
MOODENG,-75.07218065454546
MOVE,-69.01666414214876
AVNT,-66.72441539504133
MEW,-62.54721953057851
ANIME,-57.306817398347114
IO,-55.27777914049586
BIO,-54.68871475041322
BERA,-54.57882670413223
IP,-54.331961940495866
BABY,-52.574064505785124
ZRO,-49.33982906776859
TURBO,-45.26021453553719
MANTA,-43.3383892661157
APT,-39.27667336859504
ZK,-34.192277424793396
WLFI,-31.17136174214876
NIL,-29.092291576859505
CC,-27.6264532661157
ZETA,-26.90006682644628
MORPHO,-25.40312979173554
DOOD,-24.728504092561987
SKY,-24.60986111404959
GOAT,-22.81721978181818
USUAL,-22.66260505785124
GMX,-22.65842776859504
GAS,-21.43485847933885
PROVE,-21.34276047272727
FXS,-19.603261933884298
AIXBT,-18.94501453884298
STX,-18.75471838016529
SAGA,-17.258243960330578
INIT,-16.307579801652892
ATOM,-15.176780360330579
HYPER,-14.483218581818182
ZEN,-13.79931452231405
PROMPT,-13.445152790082643
kLUNC,-12.245192062809918
AR,-11.288144687603307
kFLOKI,-11.175134171900826
SAND,-10.66727063801653
RSR,-10.600280528925618
VVV,-10.494851395041321
IMX,-10.308962023140495
BRETT,-10.276575361983468
WLD,-9.477384634710743
SOL,-8.377610072727272
MERL,-8.36596216859504
DOT,-7.274636300826447
ARK,-7.263229477685948
EIGEN,-6.960923325619834
SOPH,-6.79007147107438
CAKE,-6.2130575107438
COMP,-6.183520383471074
SEI,-5.500529246280991
STRK,-4.235790128925618
ALGO,-3.553311560330579
ALT,-3.5397588991735525
ZEC,-3.5026309785123955
RENDER,-3.400062238016527
INJ,-3.0116134314049585
XLM,-2.7742022280991736
MELANIA,-2.580374558677687
AERO,-2.5418377983471068
PENGU,-2.421649150413223
kSHIB,-1.2256760330578507
GRASS,-1.105269471074379
TRB,-0.9706413024793386
FIL,-0.9677635338842971
HEMI,-0.9143970347107421
OP,-0.8580000099173544
JUP,-0.4856884264462798
W,-0.3087349785123963
ADA,-0.15377130247933893
ENS,-0.0892911867768593
