coin,fundingRate_avg_5d
BLAST,-111.43846609000002
IO,-19.85873093
ZRO,-14.725351219999999
REZ,-13.228760699999999
BERA,-12.999916649999998
BABY,-11.523774159999999
MOVE,-4.520484849999999
MKR,-2.16586109
NXPC,-1.343554780000001
CELO,-0.43691886999999924
