coin,fundingRate_avg_5d
OMNI,-107.80993899173552
SUPER,-53.43169167272727
GMX,-52.65987196363637
SOPH,-33.07971326280992
REZ,-32.95800428429751
HYPER,-31.407624733884298
BERA,-25.3055701785124
BLAST,-13.875185533884297
TRUMP,-1.4512380694214866
