coin,fundingRate_avg_5d
BLAST,-209.47185514710745
HYPER,-162.73038325289258
SOPH,-153.37519989421486
IP,-144.26709197355373
MOVE,-90.03553628429752
CELO,-83.49000853884297
GMX,-68.7929243305785
MOODENG,-60.797824363636366
ZRO,-53.913072495867766
ARK,-47.86351785123967
IO,-44.985679755371905
PENGU,-44.20268127272727
USUAL,-35.070130780165286
DYM,-31.534824277685953
MERL,-30.15396810247934
BERA,-24.226433742148764
TURBO,-23.98842381818182
BIO,-22.59229049256199
XLM,-22.212175269421483
KAITO,-20.620586072727274
BSV,-19.82414786776859
ZETA,-18.230819702479337
LAYER,-16.469655004958682
BABY,-15.586390720661155
BCH,-13.086187537190082
VVV,-12.740680829752064
POLYX,-11.759256039669424
SAND,-10.489201557024794
REQ,-9.73310134214876
UMA,-9.140097123966942
kFLOKI,-7.784407487603306
ALGO,-7.661242611570247
ACE,-7.548871358677686
DOT,-7.166435821487603
CHILLGUY,-6.989505540495868
GMT,-6.643608614876032
FET,-6.55672172231405
W,-6.5241084595041325
MNT,-6.058731649586775
PYTH,-5.763377752066115
GRASS,-5.635572971900827
ETC,-5.303174409917354
BLUR,-5.169080528925618
SAGA,-4.497246446280991
PNUT,-4.273592786776858
APT,-3.645692638016528
MEW,-3.6345652661157017
DOOD,-3.1530628165289243
AIXBT,-3.109270780165289
IMX,-3.0845140066115704
GAS,-2.6426813256198347
XAI,-2.3328734280991728
RESOLV,-2.2828342809917355
kNEIRO,-1.7772128727272727
JUP,-1.323612833057851
kSHIB,-0.9405257256198336
GOAT,-0.6439620793388425
TRUMP,-0.5051312826446273
BNB,-0.29689087933884306
OMNI,-0.0180933818181814
