coin,fundingRate_avg_5d
POLYX,-842.7891951471074
0G,-409.3986456099173
TST,-290.2053161157024
GAS,-264.86069660826445
WCT,-184.59449983140496
REZ,-146.7614085818182
AVNT,-144.21555493884298
RESOLV,-131.46961955702483
BLAST,-116.86569975867769
kLUNC,-93.33737503140497
IP,-92.70448313057851
ZORA,-91.78924267438018
ANIME,-88.18187974214875
KAITO,-87.81667968595042
DYM,-76.62838958677689
MANTA,-71.2568509785124
USTC,-59.537836641322315
TURBO,-57.224659457851246
SOPH,-46.788985844628094
TNSR,-37.997125507438014
IMX,-35.834644938842956
HYPER,-33.42672726942149
SUPER,-31.871202485950413
LAYER,-31.735853246280985
MERL,-31.08674231404958
VVV,-30.310871285950405
CELO,-30.24276916363636
kNEIRO,-30.04564092892561
USUAL,-28.05851890909091
XAI,-26.890737788429753
FET,-26.804609613223143
UMA,-22.65114972892562
PROVE,-22.067806125619835
CFX,-20.014975418181823
MOODENG,-19.665745348760332
ZEC,-19.655172535537194
GMT,-19.43453854214877
WIF,-18.933745269421493
OM,-18.872727887603308
EIGEN,-18.46364095537191
NEO,-18.3727635570248
SAGA,-15.406964201652897
XLM,-15.03979061157025
TRUMP,-14.961131603305788
BLUR,-14.536674852892562
BSV,-12.374632284297522
IO,-11.720157480991737
ATOM,-9.863687603305785
kFLOKI,-9.457638436363638
ZRO,-8.516503854545453
MEME,-7.953361100826446
ETC,-7.648049761983471
2Z,-7.579398872727274
ALT,-7.18068638677686
FIL,-7.003137114049583
SEI,-6.254269328925617
NXPC,-5.42474149090909
PYTH,-5.4095113983471075
ZETA,-5.17666118677686
SUSHI,-4.953769140495868
SCR,-4.651708413223139
POL,-4.10535083305785
BOME,-4.024507616528925
SKY,-3.926529550413222
MEW,-3.835891061157023
ARK,-3.8350671867768575
DOOD,-3.1691204033057834
DOT,-2.6089343305785118
GMX,-2.471173557024792
kSHIB,-2.165515438016527
SAND,-1.9863466512396684
BIGTIME,-1.9117635768595027
NOT,-0.5860635471074368
BABY,-0.5850514413223129
OP,-0.38219011239669376
IOTA,-0.18423148760330552
