coin,fundingRate_avg_5d
ZORA,-286.3694516
REZ,-195.02814904000002
BSV,-82.89196209
GMX,-68.84321283
BLAST,-65.69691721000001
GAS,-52.13321353
TAO,-46.84183481000001
COMP,-32.98970448000001
BIO,-31.79405865
BERA,-29.537205250000003
MOVE,-28.045144379999996
WCT,-24.066095420000003
SPX,-22.631724260000002
IMX,-16.73330017
IO,-14.965110229999999
NEO,-14.68415805
TNSR,-13.64500816
SUI,-13.38802553
PENGU,-12.672311630000001
CELO,-11.910058040000001
ME,-11.835453499999996
BNB,-11.51309791
POLYX,-11.124560520000001
AVAX,-9.666121259999999
PYTH,-9.532083040000002
LAYER,-9.130821749999999
IP,-9.02130569
AIXBT,-8.920216750000003
INJ,-8.54887889
ATOM,-8.309266609999998
SAND,-8.200927309999999
VIRTUAL,-8.197412360000001
DYM,-7.3368679199999995
ETC,-7.244496639999999
TURBO,-7.2236989399999985
ARB,-6.702557779999999
MELANIA,-6.282145669999999
ENA,-6.010027949999999
CFX,-5.63479554
ZRO,-5.58026162
APT,-5.355352269999999
BLUR,-5.101248760000001
HYPER,-4.786750889999999
FTT,-4.124648189999998
MEME,-4.016371670000001
KAITO,-3.90862148
SEI,-3.22068262
VVV,-2.750191049999993
ZETA,-2.594636079999999
kSHIB,-2.3205415199999986
ETH,-1.7889452999999997
POL,-1.48036992
RENDER,-1.1768833699999999
