coin,fundingRate_avg_5d
GAS,-1159.04268903
ARK,-717.08080164
MELANIA,-256.6476746099999
USUAL,-254.89449785000002
BADGER,-193.99518006000002
BLAST,-140.25153324
MOVE,-131.17949693
REZ,-100.90811608
LAYER,-100.02029664999999
GMX,-80.31081057000002
BERA,-53.45931693
DYM,-47.796539030000005
kSHIB,-39.27793834999999
SPX,-38.16046092
XRP,-35.10296907
SAGA,-34.584448609999995
AVAX,-32.96359676
kFLOKI,-32.6683906
SUPER,-31.605732520000004
VIRTUAL,-31.45905946
ONDO,-31.30894152999999
XLM,-30.97704703
PIXEL,-29.381220310000003
ZRO,-28.44047296
NEO,-28.21016234
IMX,-26.653551950000004
OMNI,-25.96921199
MNT,-24.70035884
DOT,-24.202736820000005
SEI,-24.039701540000003
INJ,-22.876515889999997
ETC,-22.373819640000004
STRK,-20.821063650000006
kBONK,-19.938115510000006
IO,-16.56051939
TRUMP,-16.16563611
JTO,-15.780138440000004
STG,-14.193882019999997
ADA,-14.159723130000001
GMT,-13.727609850000002
GRASS,-13.063071870000003
FET,-12.714005579999998
SOL,-12.399060949999999
ETH,-11.829239739999998
TURBO,-10.372808710000001
EIGEN,-10.327314379999999
HBAR,-9.364968519999998
PYTH,-9.19090659
MANTA,-9.025272509999999
APT,-8.985254639999999
UNI,-8.807460219999998
TON,-8.64933054
APE,-8.37273062
SUI,-8.15460516
TNSR,-7.867844370000001
ETHFI,-7.695612550000001
BCH,-7.025088569999999
ATOM,-6.787653879999999
WIF,-6.641853899999999
ENA,-6.623146190000001
S,-6.41447131
ARB,-6.280242559999999
CYBER,-6.232717369999999
IP,-6.150667559999998
DOGE,-6.054173239999999
OP,-5.94763558
ALGO,-5.572654289999999
SAND,-5.45352632
POLYX,-5.130885299999999
LISTA,-4.5033845999999995
RDNT,-4.30330474
MAVIA,-3.9162222399999984
CFX,-3.5762699999999996
KAITO,-3.4490302699999984
AI,-2.9187341799999995
PNUT,-2.867488909999999
BSV,-2.7966789099999994
FXS,-2.0332171699999995
RUNE,-1.9724453999999998
BANANA,-1.9073972899999998
CELO,-1.6527550399999995
STX,-1.6077768199999996
CAKE,-1.5121176199999988
PENDLE,-1.4944903099999993
HMSTR,-1.3676250699999997
MAV,-0.8872332399999995
