coin,fundingRate_avg_5d
AXS,-856.24911635
0G,-621.5705595999999
YZY,-481.60010921
AVNT,-362.29532153
LAYER,-247.96151119000004
RESOLV,-221.64128599999995
BLAST,-216.63275235
MOVE,-211.12207287
GAS,-180.87844881
ZORA,-134.42916273999998
ZETA,-124.82298031999998
SKR,-122.18651451000001
SUPER,-113.43881720000003
DASH,-95.21951881
BANANA,-91.10857491000002
WCT,-80.01898139000001
BERA,-68.81072856
KAITO,-68.79327645000002
MOODENG,-63.585449149999995
ANIME,-52.00987054
MANTA,-48.31730424
PURR,-46.04200009
XAI,-45.17025453000001
FET,-39.56625404
POLYX,-37.522657
FOGO,-35.29008997
LINEA,-34.006695220000005
SKY,-31.468765539999996
DYM,-30.686044940000006
IO,-29.78836467
POPCAT,-29.516555739999998
SOPH,-28.32394306
ACE,-25.91730753
ATOM,-25.12041398
APT,-24.60421857
POL,-24.48191218
kFLOKI,-22.610372490000003
2Z,-22.515527239999997
TRUMP,-20.89619087
GMT,-20.789890460000002
JTO,-19.5885353
REZ,-19.311657250000003
BSV,-18.65042252
BRETT,-18.599159
TRX,-18.433672379999997
MERL,-17.548499200000002
STRK,-16.179668170000003
kPEPE,-16.042577819999998
SAND,-15.506555609999998
kLUNC,-14.375821380000001
HYPER,-13.901655720000003
ICP,-13.88913841
DOT,-13.71352304
BABY,-13.39931571
IMX,-13.300525539999999
TURBO,-12.030619
EIGEN,-11.756178420000001
S,-11.596790949999999
OP,-11.5595646
AIXBT,-11.354417080000003
PROVE,-11.338352699999998
FIL,-11.331722110000001
MEME,-11.222272479999999
AVAX,-11.170254139999999
HEMI,-10.666875339999999
BIGTIME,-10.471457989999998
XLM,-10.37144142
SCR,-10.30696271
WLFI,-10.27094524
IP,-9.996562330000001
NEO,-9.742590950000002
ME,-8.94500025
STX,-8.29759464
CAKE,-8.233151699999999
VVV,-8.095115269999997
RSR,-6.992128339999998
ETC,-6.430486049999999
PYTH,-6.376968290000001
SOL,-6.126215479999999
DOGE,-5.57634371
SEI,-5.525998530000001
ZEC,-5.384944279999999
kBONK,-4.63684247
MINA,-4.119978379999999
LTC,-3.88828222
PNUT,-3.7447744399999987
SAGA,-3.073911009999999
CELO,-2.5670449999999994
YGG,-2.2744098999999998
PENGU,-1.8427930200000002
USUAL,-1.8246729599999991
PAXG,-1.8056221499999998
kSHIB,-1.6127634499999999
ENA,-1.5809288799999996
SPX,-1.1589136899999997
RENDER,-1.1109826199999997
TIA,-0.90903907
UNI,-0.68645696
CRV,-0.6739965899999998
ENS,-0.45153638999999957
JUP,-0.10225109999999962
