coin,fundingRate_avg_5d
BIO,-270.2957517322314
MERL,-146.1090426942149
YZY,-111.44341830743804
OMNI,-82.88152083966942
PROVE,-80.29775087603306
BLAST,-54.44242626446281
TRX,-28.82748256859504
BERA,-25.543442548760332
WLFI,-14.626698694214875
MOVE,-12.84070482644628
UMA,-10.634010872727272
USUAL,-8.905826489256198
IP,-5.761244945454545
MAV,-5.035115514049588
SUPER,-3.96794697520661
OM,-1.8775619305785123
ME,-0.3562286578512394
