coin,fundingRate_avg_5d
BLAST,-112.66083315371903
IO,-18.474992033057855
ZRO,-14.867022416528926
BERA,-13.415085719008262
NXPC,-12.59382341157025
REZ,-11.20245958016529
BABY,-10.446585242975207
MOVE,-3.617214674380165
MKR,-1.816300571900826
CELO,-0.13609058181818104
