coin,fundingRate_avg_5d
PROVE,-161.04135873
OMNI,-53.84287206999999
BLAST,-53.17509727
REZ,-43.45485235
SOPH,-42.343006869999996
HYPER,-26.88241936
GRASS,-22.796886759999996
GAS,-22.35508054
VVV,-21.67144941
ME,-20.43238902
BIO,-20.42285303
SUPER,-18.05407238
BERA,-12.724768700000002
MEW,-11.210898349999999
MAVIA,-8.807383569999997
PENGU,-3.8145325099999985
ZRO,-3.3033777499999992
MOODENG,-2.7179973199999994
ETHFI,-1.3436168299999998
PNUT,-0.6997648599999994
RESOLV,-0.00983236999999925
