coin,fundingRate_avg_5d
BLAST,-89.73646336859504
REZ,-17.410702710743802
IO,-14.611466429752065
BABY,-13.664969424793387
ZRO,-13.09239989752066
BERA,-9.534166809917355
MOVE,-5.8302078644628095
MKR,-2.0805412661157026
BNB,-1.7543869190082642
CELO,-1.621133563636363
IP,-0.51783762644628
JUP,-0.019990175206611237
