coin,fundingRate_avg_5d
VVV,-185.11930925950412
BLAST,-175.7603257983471
ACE,-151.40246888925623
AXS,-102.78696150743801
ZETA,-99.64744556033057
STABLE,-96.99919041322315
IP,-92.46666360991736
SOPH,-92.40986985123966
ZORA,-84.39394425123967
GOAT,-67.69617160661157
UMA,-67.6798700429752
0G,-60.28182561322315
ATOM,-56.63625170578512
USUAL,-55.04401383471075
MEME,-48.904171824793394
AZTEC,-48.31101412561983
YZY,-40.701648089256196
NIL,-38.95324403305785
BABY,-38.65925626115702
2Z,-38.33900369256198
LAYER,-37.721588033057856
TRUMP,-37.29491232396694
INIT,-35.722840552066124
FTT,-30.616989847933883
HYPER,-29.581628796694215
ICP,-29.41993584793389
SKR,-28.648509976859497
AVNT,-28.033683947107434
MERL,-28.028894905785126
ANIME,-27.983635388429757
REZ,-26.851309100826445
AIXBT,-26.229708188429754
ALT,-25.840561477685952
BSV,-25.053220641322316
SCR,-23.81371683966942
POLYX,-23.573133937190086
EIGEN,-22.983215990082645
NXPC,-22.464191781818187
JTO,-21.907999110743795
PROVE,-21.59602076033058
POL,-20.911005411570248
DYM,-20.30746530247934
APE,-20.006284919008266
APT,-19.012368803305783
YGG,-18.54848988099174
VIRTUAL,-18.544116396694218
BERA,-18.491184277685953
PAXG,-18.106219200000005
ZRO,-17.055268244628103
FET,-15.253777864462808
BIO,-14.658026915702482
BLUR,-14.478643834710747
SEI,-14.460394799999998
kLUNC,-14.38096693884298
BIGTIME,-12.24996010909091
NEO,-12.013872317355373
MINA,-11.22931151404959
KAS,-11.16115943801653
SKY,-10.514252261157024
DOGE,-10.473792644628102
ZEN,-10.3808765553719
IMX,-10.255549190082645
kSHIB,-9.78523347768595
PYTH,-9.684231401652895
kNEIRO,-9.650933990082645
MOVE,-9.57166757355372
XLM,-9.057501183471075
DOT,-8.077531566942149
TON,-8.045778376859504
ARK,-7.607960816528924
XAI,-6.761765087603305
kPEPE,-6.697053302479341
IO,-6.464363087603303
MANTA,-6.356280614876033
MOODENG,-6.196484459504131
CELO,-5.768744519008265
KAITO,-5.613948803305784
kFLOKI,-5.137101461157022
W,-4.987457494214876
SOL,-3.0779505223140493
SUSHI,-2.889064651239669
WLFI,-2.789088436363636
STRK,-2.4183927471074376
MEW,-2.392303150413223
TIA,-1.7243611140495865
S,-1.6814458016528924
XRP,-1.6332940363636361
BTC,-1.384324700826446
CC,-1.1047214280991802
PENGU,-0.9484517157024791
BANANA,-0.7506110975206608
ADA,-0.7206207669421486
BCH,-0.4595430842975206
GMX,-0.45878219504132167
LTC,-0.4074818975206611
WIF,-0.17630187768595038
FOGO,-0.052756919008263674
