coin,fundingRate_avg_5d
CHIP,-210.24778399
POLYX,-126.60475191000002
WLD,-54.93238393
HYPER,-52.84892743
STABLE,-50.15132777
BSV,-47.1614456
LAYER,-37.37316248999999
BIO,-26.89698578
0G,-26.718431430000003
kLUNC,-25.238003840000005
TRUMP,-25.19596022
JTO,-22.113116930000004
MINA,-21.89714497
MOVE,-21.218512880000002
POL,-21.1469977
BABY,-21.02586953
APE,-20.984286540000006
SAGA,-17.669200319999998
FOGO,-16.695860659999994
CAKE,-16.202825230000002
BCH,-15.75384968
ACE,-15.47544009
BANANA,-15.10207429
W,-15.016254030000002
APT,-13.55985731
MON,-12.852617250000002
BLAST,-12.410238709999998
SKY,-12.1491272
DASH,-11.52276092
2Z,-10.34476065
kSHIB,-9.934253909999999
PROVE,-9.84841175
AXS,-9.712872649999998
EIGEN,-9.542495759999998
ANIME,-8.70294758
COMP,-8.652803879999999
SAND,-8.270294829999997
STX,-7.9861043700000005
MERL,-7.610321539999999
ICP,-7.389807519999998
GAS,-6.94212772
ALT,-6.9420101899999995
PYTH,-6.6387499399999985
BIGTIME,-6.3971184800000005
ZORA,-5.289385089999998
YGG,-4.04979837
IO,-3.531290319999999
AERO,-3.1755598599999995
BLUR,-2.9756515499999994
ATOM,-2.8770497199999983
XRP,-2.52238141
TURBO,-2.25390274
MEGA,-1.6033245499999997
kFLOKI,-1.47216326
STRK,-1.4141654899999991
SUSHI,-1.0391637599999999
S,-0.5425140999999996
AVNT,-0.18360375999999975
