coin,fundingRate_avg_5d
OMNI,-70.26612445
PROVE,-64.58656457999999
HYPER,-49.22798726999999
SOPH,-48.921807019999996
REZ,-40.26439246
SUPER,-36.020542569999996
BLAST,-26.43970867
BERA,-25.008144359999992
GRASS,-13.04959315
ME,-12.051733519999999
MAVIA,-7.416124749999999
GAS,-2.4984563899999976
VVV,-1.2420665299999998
