coin,fundingRate_avg_5d
BLAST,-110.06075461
KAITO,-86.07601623000002
BERA,-51.34359370000001
ZRO,-50.49260496
WCT,-46.32271648
BABY,-30.692768239999996
BIO,-27.238093610000004
REZ,-26.510587290000004
GMX,-24.188833239999997
IO,-22.640459439999997
BCH,-20.38082985
MERL,-19.456630869999998
PENGU,-18.45807774
PYTH,-16.24101226
XAI,-13.738947480000002
OMNI,-12.56353068
S,-6.9952242700000005
MOVE,-6.422049440000001
ETHFI,-4.61345984
STG,-3.9755697800000007
