coin,fundingRate_avg_5d
OMNI,-290.62579836
MERL,-163.02248602000003
KAITO,-150.9468961
BIO,-64.00435089000001
BLAST,-54.20020999
ME,-30.068545240000006
BERA,-17.602869600000005
ZORA,-16.27339433
ENA,-15.92229791
MAV,-13.588198830000005
PROVE,-6.62544934
kLUNC,-6.499607560000001
PYTH,-4.098147
TRX,-2.475127779999999
