coin,fundingRate_avg_5d
DOOD,-648.40121247
BIO,-638.4737716499999
ZORA,-484.6149873099999
SUPER,-272.45050363999997
PROVE,-270.42973589
MERL,-265.07453473
OM,-264.94953245
BLAST,-202.19176898
MOODENG,-185.99627076000002
REZ,-179.52091087999997
YZY,-158.75108300999997
UMA,-148.28939898999997
GRASS,-119.84281227999999
APT,-98.35637772
ZETA,-94.21874502
ME,-93.85057828
VVV,-93.58216969
IP,-89.39860320000001
MAV,-80.96919537999999
BSV,-79.37531776000003
0G,-77.93330715000002
HYPER,-74.55934423999999
IO,-73.52625189
XAI,-64.05435808
ATOM,-59.141588750000004
STRK,-51.75520201
YGG,-43.94863822
MORPHO,-41.93795761
TIA,-36.28443173
VINE,-34.43391166
RSR,-33.875628830000004
TRUMP,-31.247671169999997
kLUNC,-29.84358041
BERA,-28.87165695
STX,-28.768346619999996
JTO,-28.01839937
INIT,-27.896455789999994
IOTA,-27.75707689
LAYER,-26.522566589999997
NXPC,-25.167853030000003
SKY,-24.576446450000006
AVNT,-24.50851119
JUP,-24.359216699999998
VIRTUAL,-23.51715221
BABY,-23.49656402
WCT,-23.461853250000004
MEW,-23.00398265
ENA,-22.512108650000002
SAND,-20.429407700000002
BCH,-20.37515702
2Z,-19.969075540000002
WLFI,-19.158384990000002
GMX,-19.118846
DYM,-18.30030503
S,-17.59352487
USUAL,-17.49811971
RESOLV,-17.05564919
kFLOKI,-16.53414303
CELO,-16.388095579999998
SEI,-14.085363869999998
KAITO,-13.924908409999999
PENGU,-13.6333924
OP,-13.477525719999997
WLD,-13.369614199999997
ANIME,-13.249170769999997
BANANA,-13.088184600000002
MOVE,-12.95573851
PYTH,-12.94823338
MEME,-12.222839679999998
SUSHI,-12.12002502
TURBO,-11.994946820000001
DYDX,-11.9603054
ALT,-11.674755679999999
NOT,-11.5470013
ONDO,-11.28016075
PNUT,-10.7471841
DOT,-10.129911429999998
ETC,-9.059227
DOGE,-8.032381260000001
FIL,-7.9944665200000005
kPEPE,-7.836919379999999
PROMPT,-7.616062989999999
GALA,-6.94343223
SOPH,-6.91442568
INJ,-6.52299311
kSHIB,-6.23456427
NEO,-5.9501059
AVAX,-5.37666389
AR,-5.36770898
GOAT,-5.1851827
BNB,-4.97874016
ETHFI,-4.93323853
BLUR,-4.80358177
CFX,-4.10064433
ZK,-3.83694789
GMT,-3.8128374500000004
LINEA,-3.614553389999999
W,-3.49323396
kBONK,-1.81105116
COMP,-1.6687289
MANTA,-1.0095943799999993
