coin,fundingRate_avg_5d
SOPH,-554.3694248300001
HYPER,-350.15147004000005
SYRUP,-92.65108097
BLAST,-74.92486254
MERL,-71.26406803
BERA,-48.5708201
UMA,-38.00153481
SUPER,-27.206107199999998
ZRO,-20.03195628
GRASS,-16.76116573
RESOLV,-16.70089474
REQ,-7.99257728
NXPC,-6.561995550000002
GAS,-5.013074979999997
BABY,-1.3643064899999977
GMT,-1.3245536099999988
