coin,fundingRate_avg_5d
OMNI,-817.453688935537
SOPH,-216.4954595305785
HYPER,-208.08058181157023
ZORA,-143.6082972595041
SUPER,-133.97148641652893
BLAST,-130.14746479338845
MOVE,-122.58147378842973
BERA,-70.54041112066116
FTT,-33.4709363107438
GRASS,-28.874354360330585
OM,-26.089321586776858
ZRO,-22.951654651239668
USUAL,-18.25560253884298
DOOD,-15.810567808264464
REQ,-9.587683894214878
REZ,-6.21504045619835
KAITO,-3.239374155371901
GMT,-2.5467904561983454
VINE,-1.0669122545454546
