coin,fundingRate_avg_5d
MOVE,-487.9638060396694
IP,-69.91318353719008
IO,-67.79960983140495
W,-66.77185405289256
BLAST,-64.9187093553719
USUAL,-59.201679966942145
ZRO,-51.664675150413224
NXPC,-51.22355919669422
LAYER,-49.97014654214876
SPX,-49.24376155041321
BERA,-48.501270466115706
GRASS,-47.974171854545446
BIO,-45.96094358677686
SEI,-44.672206413223144
RESOLV,-44.65712111404958
VVV,-38.78092686942149
WCT,-32.95982868099172
PENGU,-29.3964112661157
SOPH,-27.899490158677686
XLM,-24.62398715702479
DYM,-23.152393309090915
APT,-22.66952545785124
KAITO,-21.46247419834711
kFLOKI,-19.831782099173555
BABY,-19.484603752066118
OMNI,-17.259566647933887
BCH,-17.036922922314048
DOOD,-16.558170099173555
OGN,-15.469609061157024
MEW,-14.566467540495868
kSHIB,-14.4356177553719
BANANA,-14.131060066115701
ZETA,-13.955051395041322
AIXBT,-13.924657814876038
ARK,-13.876962872727272
MERL,-13.194934611570249
HYPER,-12.686536790082643
TNSR,-11.804835550413225
ETHFI,-11.743092753719008
INIT,-11.628879004958678
GMX,-11.299949692561983
VIRTUAL,-10.95742645289256
STG,-10.89504149752066
BLUR,-9.811918175206612
MEME,-8.97497112396694
ANIME,-8.578629629752065
INJ,-8.520672456198348
ACE,-8.18828620165289
ATOM,-6.660149087603305
MAV,-6.3900153024793385
OP,-6.36515789752066
BNB,-6.063234
SAGA,-6.0220591041322304
HMSTR,-5.920550251239669
BRETT,-5.767112697520659
FET,-5.730375719008262
GMT,-5.703743147107438
PNUT,-5.109330089256197
XAI,-5.00658976859504
TURBO,-3.7189537487603292
JUP,-2.2293635305785124
MANTA,-1.9535219900826437
WLD,-1.8858021223140498
ME,-1.8809341685950407
APE,-1.5115256925619833
SCR,-1.28866332892562
IMX,-0.606724839669421
YGG,-0.40310406942148724
MELANIA,-0.24873187438016503
NIL,-0.15650138181818168
