coin,fundingRate_avg_5d
OMNI,-927.9433646199999
SOPH,-170.47214259
ZORA,-147.51266803999997
HYPER,-142.06778346
SUPER,-135.16873012
BLAST,-135.08931123
MOVE,-115.55340893000002
BERA,-73.20166615000001
FTT,-55.457640829999995
OM,-27.99739727
ZRO,-24.19483968
GRASS,-24.00771221
USUAL,-16.69578985
DOOD,-16.03357254
REQ,-8.83026688
REZ,-6.879032360000003
KAITO,-3.6302294099999997
VINE,-2.1254555899999987
GMT,-0.4169913299999988
