coin,fundingRate_avg_5d
PROVE,-146.90266179000002
UMA,-77.59366078000001
VVV,-75.70215267
REZ,-51.7196824
BIO,-47.28726694
BLAST,-42.37713364
GAS,-36.33918465000001
SOPH,-35.12609765999999
OMNI,-29.539932529999998
ME,-25.00223136
HYPER,-19.00659317
SUPER,-14.600019710000002
GRASS,-14.42196687
MEW,-13.099770430000001
USUAL,-7.9088353300000005
SEI,-7.120716379999999
MAVIA,-5.50365323
RESOLV,-3.2789278599999996
WLD,-2.99603899
BERA,-2.6521644599999994
ETHFI,-2.1730318799999995
ZORA,-0.7715749599999988
MEME,-0.1909541299999989
kSHIB,-0.14059216000000027
ZRO,-0.021976649999999365
