coin,fundingRate_avg_5d
HYPER,-331.5505606809917
ARK,-113.45801052892563
BLAST,-94.34841151735537
SOPH,-70.94394015867769
RESOLV,-36.72996761652891
USUAL,-23.458482188429755
GAS,-11.625598710743803
MOVE,-10.333306859504134
BANANA,-2.895646958677684
REZ,-2.7918677454545424
GRASS,-2.716834363636363
BSV,-1.86064137520661
BCH,-1.71068320661157
OMNI,-0.6893605983471072
BERA,-0.2732294677685934
