coin,fundingRate_avg_5d
TNSR,-515.4415601699999
LAYER,-391.31443191
0G,-148.86467330000002
ME,-80.32293441
CHIP,-74.52103092
FOGO,-70.84256165000002
S,-57.49342687
TRUMP,-51.62033159
kNEIRO,-50.06780701
MINA,-47.189375399999996
AIXBT,-45.4290534
2Z,-43.706240990000005
SUSHI,-43.634957220000004
AVNT,-43.55092473
PROVE,-42.61271632
STABLE,-41.69162714
USUAL,-40.98175835
ZORA,-37.16937641999999
RESOLV,-36.797206360000004
VVV,-34.63360607999999
BIO,-31.901500049999996
kLUNC,-31.86950706999999
KAITO,-28.7409322
AXS,-27.288897960000003
ADA,-26.930383279999997
IOTA,-26.37154784
BABY,-23.711699400000004
XAI,-21.76528799
kSHIB,-21.69800024
MERL,-20.732254039999997
ANIME,-18.96245737
STRK,-18.36756723
SNX,-16.743689529999997
MEME,-16.32207584
GAS,-15.66412684
ATOM,-15.208739700000004
YGG,-15.165789420000001
VIRTUAL,-13.170697229999998
BIGTIME,-12.564406680000001
kFLOKI,-12.00363601
TRX,-11.83088735
STX,-9.794074199999999
BERA,-9.63944195
HYPER,-8.94724938
NOT,-8.598801400000001
SOL,-8.538153
AVAX,-8.38390473
ARB,-8.24504559
INIT,-8.233495529999999
DOT,-7.70825104
SKY,-7.5443120200000005
PENGU,-7.32688882
IO,-6.918793269999999
ACE,-6.25550286
INJ,-6.17272305
RUNE,-6.050166269999999
ZETA,-5.41957767
RENDER,-5.29321102
ETC,-5.0648553399999985
SUPER,-4.907933079999999
ALT,-4.622919179999999
MNT,-4.497324869999998
RSR,-4.1926163
KAS,-4.06675992
XLM,-4.00424929
DOGE,-3.04122307
CRV,-2.9265050299999995
W,-2.61447675
NIL,-2.596731909999998
TIA,-2.4417857599999997
XRP,-2.3606557500000003
FIL,-1.8244685599999995
ETH,-1.7392688000000003
BLUR,-1.6540208599999981
ARK,-1.615081199999999
IP,-1.5610502499999972
MORPHO,-0.5902794599999999
