coin,fundingRate_avg_5d
SOPH,-623.2760264800002
HYPER,-494.08468528
BLAST,-133.16527797
SYRUP,-117.71143785
ZORA,-89.31308224
MOVE,-79.22874325
SUPER,-75.33045273
MERL,-74.83457760000002
BERA,-63.30936679999999
GRASS,-45.92172383
ZRO,-30.669399480000003
RESOLV,-25.08627042
REQ,-18.868455270000002
OM,-16.41707804
NXPC,-14.52344417
GMT,-13.688819839999999
USUAL,-7.21297451
REZ,-5.609135309999999
GAS,-5.042685239999998
UMA,-4.96077194
BABY,-2.168770869999999
OMNI,-1.5237873999999991
