coin,fundingRate_avg_5d
BLAST,-152.87367708
NXPC,-103.47120959
ZRO,-23.249870010000002
BERA,-19.58921055
OMNI,-15.534783250000002
IO,-14.16997087
KAITO,-14.054499470000003
BIO,-11.775907400000003
XAI,-6.7366648399999995
BABY,-6.39242677
REZ,-5.583800659999999
STG,-4.337798699999999
PROMPT,-2.0884453200000004
