coin,fundingRate_avg_5d
0G,-438.45895173
SUPER,-424.34846272
BIO,-66.28580748
ME,-58.03656658
KAITO,-48.748556119999996
REZ,-37.56965439999999
BSV,-33.68204159
BLAST,-29.841753219999994
PROVE,-14.149276830000003
MAV,-11.659195000000002
BABY,-6.586381199999998
RESOLV,-6.495639279999998
HYPER,-6.06508893
ZETA,-5.34590972
FTT,-4.8339453899999985
BERA,-4.039054229999998
PAXG,-3.2697240199999995
