coin,fundingRate_avg_5d
OMNI,-269.5765542842976
SUPER,-64.63310222479339
GMX,-60.18037178181819
PROVE,-55.700939266115725
BERA,-47.27588184793389
BLAST,-45.3262634876033
GAS,-29.64308490247933
REZ,-16.160049818181818
HYPER,-13.085841480991736
SOPH,-12.324139209917359
IP,-11.101674694214875
BIO,-10.27517955371901
MOVE,-8.609566909090908
TRUMP,-4.015788882644627
APT,-1.707018485950411
