coin,fundingRate_avg_5d
BLAST,-129.48618904462808
HYPER,-41.7466646876033
BERA,-23.998882968595044
USUAL,-17.58746792727273
SOPH,-9.643236773553717
ZRO,-6.600017117355372
REQ,-4.473511190082642
REZ,-4.230990228099173
BANANA,-2.3665234115702494
GRASS,-0.8329471338842956
BSV,-0.6595367801652878
VVV,-0.25459166280991513
