coin,fundingRate_avg_5d
OMNI,-111.75099588000002
SUPER,-55.850168399999994
GMX,-54.29259660000001
REZ,-33.66599765
SOPH,-33.65859399
BERA,-30.576377769999997
HYPER,-29.51054273
BLAST,-15.71275506
TRUMP,-2.913943189999999
