coin,fundingRate_avg_5d
BLAST,-116.74429412231406
HYPER,-72.90772655206612
USUAL,-22.370986105785125
SOPH,-18.422643431404964
BERA,-17.08489297190083
REZ,-5.137707421487603
BANANA,-2.7783534545454556
GRASS,-2.545183249586776
ZRO,-2.0355952264462807
RESOLV,-1.0058058247933868
BSV,-0.9575237454545439
