coin,fundingRate_avg_5d
OMNI,-245.96709425
MERL,-159.00097807
KAITO,-78.78737211
BIO,-67.40867596000001
BLAST,-48.76702512000001
ME,-35.34503196
BERA,-35.21699726
ZORA,-28.161380819999998
MAV,-26.573007399999998
PROVE,-22.31761475
ARK,-14.797424119999999
PYTH,-7.9454273099999995
