coin,fundingRate_avg_5d
BLUR,-422.263799523967
TNSR,-208.7902127603306
BLAST,-194.2593470181818
0G,-160.7713113322314
TRUMP,-145.9867863966942
AXS,-99.39256865454544
YZY,-83.91659809586777
POL,-83.88537919338843
REZ,-71.70140287933884
MINA,-70.98597802314049
DYM,-69.49227784462812
JTO,-63.36200378181818
STABLE,-60.75798953057852
COMP,-54.92304837024793
ALT,-48.44991659504132
BERA,-47.866856062809916
APT,-46.1167108661157
IMX,-45.904744928925616
TURBO,-44.24324296859505
GAS,-40.928359785123966
EIGEN,-40.83034986446281
W,-38.957650819834704
WLFI,-37.57363887272727
FET,-36.25122999669421
DASH,-35.983941401652885
NEO,-34.349864033057855
DOT,-32.16633846942148
SUPER,-31.835461685950413
MOVE,-25.44431192727273
2Z,-25.408339457851238
STX,-23.879044720661156
SEI,-22.988653705785122
STRK,-22.319002383471073
BSV,-22.031368145454547
HYPER,-21.4546278446281
OP,-19.15483608595041
SAND,-18.179608452892563
SOPH,-18.171092429752065
XAI,-15.626169808264462
IOTA,-15.239706842975206
kNEIRO,-15.055473907438019
ARK,-14.870640803305784
HBAR,-14.215383391735536
GMT,-14.202790710743802
AIXBT,-14.13239868099174
ICP,-14.075768538842977
RESOLV,-13.477402621487602
BABY,-13.422654793388428
IP,-12.904719431404958
POLYX,-12.835230912396696
kLUNC,-12.698213652892562
APE,-12.510599067768593
PROVE,-12.337297309090909
ZETA,-12.255578092561983
S,-11.408635953719006
ZEC,-11.345466218181821
IO,-10.135800714049587
KAITO,-8.786258280991737
ARB,-7.907778694214877
AVNT,-7.609392823140495
USTC,-7.577819176859504
TIA,-7.185455157024793
ADA,-7.131814274380165
BANANA,-6.968412763636363
ANIME,-6.7429904528925615
MERL,-6.727055216528921
JUP,-6.345366089256198
INJ,-6.2264089090909085
PENGU,-4.761264158677687
kSHIB,-4.548108743801652
KAS,-3.526582700826445
SUSHI,-2.30121507768595
kFLOKI,-2.2906523999999995
USUAL,-1.0055748793388413
XRP,-0.874439127272727
