coin,fundingRate_avg_5d
HYPER,-2287.5547626446278
SOPH,-113.84194467768599
BLAST,-111.23645208595042
ARK,-109.70573402975207
GMX,-81.61182978842977
MOVE,-81.35096929586778
RESOLV,-72.7785831570248
ZRO,-13.408185590082649
GAS,-11.927796267768596
OMNI,-11.477552538842975
CELO,-8.091597520661157
IO,-7.373555523966943
BABY,-7.2963104231405
BSV,-6.938780796694211
IP,-2.7419451570247917
BCH,-2.2402903636363636
