coin,fundingRate_avg_5d
DOOD,-487.77925673057854
0G,-242.3172420297521
REZ,-75.11123649917356
BLAST,-45.29385800330578
KAITO,-39.926170175206614
CELO,-35.77748195702478
APT,-30.60597541487603
BIO,-15.299482621487613
MAV,-8.014602188429752
2Z,-1.6785825123966955
ME,-0.5732949421487593
SUPER,-0.4179736264462799
