coin,fundingRate_avg_5d
OM,-922.43300634
PROVE,-390.85703508000006
IP,-323.32543003999996
MAV,-289.83766846000003
BLAST,-272.48398070999997
YZY,-247.07109660999996
DOOD,-230.1694015
SUPER,-209.58003401
REZ,-186.52553974
ZORA,-167.44995937999997
ME,-164.16773046
YGG,-147.91304749000003
APT,-147.53752965
MOODENG,-141.40196433
GRASS,-135.34684428
XAI,-124.63555063
ATOM,-120.44693400000001
BERA,-114.71213576
BSV,-112.37871119999998
0G,-108.54822453999999
IO,-97.0166861
ZETA,-96.45681479000001
VVV,-96.3491595
BIO,-76.53380152
AVNT,-65.40685900999999
IMX,-65.18887444
INIT,-62.07140725
TIA,-61.70475672
VINE,-56.88154233000001
RESOLV,-54.69468498
UMA,-50.45315941
PENGU,-49.937997679999995
SYRUP,-49.77649832
SKY,-49.63112685
KAITO,-47.22084789
USUAL,-46.38119239999999
kLUNC,-45.65796898999999
DYM,-45.57898226
JUP,-44.34712916
SAGA,-43.88578010999999
BABY,-40.75580729
IOTA,-40.1029223
LAYER,-36.65073186
HYPER,-36.221805030000006
TRUMP,-35.90308119000001
TURBO,-35.389183089999996
ARK,-34.52794880000001
NEO,-33.34490277
BANANA,-32.60539014
MEW,-30.264552429999995
S,-29.489889570000003
kFLOKI,-29.22952923
ENA,-29.091554120000005
DOGE,-28.748289139999997
STX,-27.783427700000004
PYTH,-26.802150020000003
ANIME,-26.090747500000006
SOL,-25.836626470000002
MORPHO,-25.097804420000006
RSR,-24.400114950000003
SEI,-22.805708080000002
AVAX,-22.7960677
STRK,-20.206305099999994
W,-20.084163689999997
ALT,-20.002740949999996
kPEPE,-18.36874691
SAND,-16.39644313
CELO,-16.14181767
ETC,-15.590438450000002
kBONK,-15.46934313
WCT,-15.45565344
NOT,-15.280468769999997
FIL,-14.642028290000002
SUSHI,-14.63357562
2Z,-14.628913109999997
AR,-14.219164110000001
NXPC,-14.1194118
GALA,-12.966711870000003
ONDO,-12.383476909999999
MEME,-12.35170293
PURR,-12.12900037000001
WLFI,-11.56375042
GOAT,-11.50564461
POLYX,-9.80931587
PNUT,-9.046956429999998
DOT,-8.758180839999998
JTO,-8.637862239999999
MOVE,-7.890659060000001
CAKE,-7.550695870000001
OP,-7.31072735
MELANIA,-6.960569709999998
RUNE,-5.423507259999999
kSHIB,-5.398045589999999
SOPH,-4.88046975
AIXBT,-4.5459582
MERL,-3.786599059999998
MANTA,-3.711812019999998
AI16Z,-3.5391743199999994
GMX,-2.7623616099999997
ZK,-2.3096448099999995
CFX,-2.28939388
INJ,-2.2620269100000003
WIF,-1.76337267
MAVIA,-1.6502766899999997
XRP,-1.6428744899999999
GMT,-1.4036739299999985
SUI,-1.33252886
HBAR,-1.0249762099999995
PROMPT,-0.5283462599999995
ALGO,-0.32879564999999883
BCH,-0.2536633199999998
WLD,-0.2294214800000001
