coin,fundingRate_avg_5d
DOOD,-458.40891879
0G,-286.18050715999993
REZ,-68.59435875
BLAST,-53.47216347
CELO,-39.087873359999996
BIO,-33.25856639999999
KAITO,-31.167082819999997
APT,-23.765661
2Z,-13.146598469999997
SUPER,-10.50707834
MAV,-8.16040647
ME,-4.078674979999998
GMX,-2.5545138199999995
PAXG,-0.6918107799999986
