coin,fundingRate_avg_5d
MELANIA,-429.61882839
BLAST,-195.13864111
MOVE,-144.61056399
BANANA,-128.60924431
BERA,-118.94022859999998
REQ,-114.04491576000001
USUAL,-98.15874117000001
LAYER,-82.73892854
REZ,-80.42522858000001
SEI,-64.99084880000001
JELLY,-64.36979692000001
KAITO,-55.45122267
IP,-41.92282398
TIA,-41.15977834
COMP,-33.721879879999996
DYM,-31.19265764
ARK,-28.860577009999997
ATOM,-28.49761006
RDNT,-24.13667547
MNT,-22.57586977
USTC,-21.534176560000006
STG,-20.807202410000002
CELO,-20.75354376
TNSR,-20.684411299999997
XRP,-20.650097650000003
MAVIA,-20.485518420000002
XLM,-19.030538630000002
MAV,-18.7293253
IO,-17.65585665
ADA,-16.9363869
VIRTUAL,-16.88582783
EIGEN,-15.04329542
MERL,-14.248682389999999
FET,-14.216943450000002
ORBS,-14.16738667
BLUR,-14.107219340000002
APT,-13.78803122
MANTA,-13.778784309999997
IMX,-13.23528325
ENA,-13.120565939999999
APE,-12.278416770000002
TRX,-11.98918201
ZETA,-10.381604480000002
ALT,-9.8673881
UMA,-9.57797011
STRK,-9.550358589999998
W,-9.44143602
OMNI,-9.27475877
ONDO,-9.18196482
BNB,-7.82447069
PIXEL,-7.764493890000001
SAND,-7.590273549999998
PNUT,-6.85440216
TRUMP,-6.821772619999999
ZRO,-6.49280688
ME,-6.156138179999999
DOT,-5.818605889999999
POL,-5.62572237
SPX,-5.41845201
CFX,-5.393045819999999
kSHIB,-5.205758479999997
VINE,-5.0130048999999985
PENGU,-4.9024120899999994
SOL,-4.4881495000000005
GRASS,-4.42233343
RUNE,-3.6060043599999987
NOT,-3.2172749799999996
kLUNC,-2.9307215099999993
ETC,-2.8064660199999993
ETHFI,-2.2133775199999994
JUP,-2.1865251999999993
BRETT,-1.8720630999999999
INJ,-1.7910498899999996
BSV,-1.5046088399999997
CYBER,-1.3167893300000004
AVAX,-1.2047934599999994
kBONK,-1.0486041199999998
ETH,-0.9892463599999999
GALA,-0.7981243299999994
JTO,-0.6447622799999997
TURBO,-0.5138761999999996
PYTH,-0.3915741899999997
BCH,-0.3490874599999997
ACE,-0.048950149999999894
