coin,fundingRate_avg_5d
BIO,-281.61959491000005
YZY,-145.88149471999998
PROMPT,-109.36401852000004
BLAST,-82.35494634999999
BERA,-80.24393235000001
OMNI,-59.75475079000001
GRASS,-50.25332993999999
BSV,-48.99919212999999
PROVE,-35.522216099999994
SUPER,-25.95347684
MAV,-19.952547609999996
USUAL,-7.408742259999999
SOPH,-6.82420133
GMX,-6.774261299999999
GAS,-6.368123609999999
HYPER,-5.3247667299999994
TRUMP,-4.4931959899999985
VIRTUAL,-4.300319769999998
MOVE,-3.666692179999999
DYM,-2.163006059999999
REZ,-1.6300673699999986
INIT,-1.509650219999999
ETHFI,-1.3016542399999986
PNUT,-0.3600316199999986
MEW,-0.0682564599999983
