coin,fundingRate_avg_5d
0G,-298.77468982809916
BIO,-53.55445547107437
SUPER,-52.42248899504133
REZ,-45.330509553719004
BLAST,-39.51525739834711
CELO,-36.116040753719005
KAITO,-28.961704591735536
ME,-21.468597510743802
APT,-17.302114909090903
BSV,-10.099983173553714
MAV,-7.656001814876034
GMX,-3.724159795041322
PAXG,-2.587275411570247
