coin,fundingRate_avg_5d
BLAST,-107.79965214545456
NXPC,-58.88100532561984
ZRO,-15.381478393388429
BERA,-14.005550261157026
IO,-13.51587205289256
BABY,-8.224147904132233
REZ,-8.142200638016527
OMNI,-6.50725885289256
PROMPT,-2.0804934842975213
BIO,-1.1166828099173556
KAITO,-0.7530805487603295
