coin,fundingRate_avg_5d
OMNI,-293.3537173090909
GAS,-209.48990219504134
SUPER,-87.03476932561983
BERA,-76.08485475371901
BLAST,-59.084712971900835
MOVE,-30.287638462809916
BIO,-29.851945745454532
SOPH,-27.55551826115703
HYPER,-25.919875676033058
IP,-17.520241804958676
OM,-15.33271849586777
SEI,-14.612322882644634
ME,-14.043263147107442
APT,-11.80012107768595
ENA,-10.414206545454546
ZRO,-8.968482208264463
SYRUP,-4.2089121322314025
USUAL,-2.7745149818181822
PENGU,-2.507528280991734
DYDX,-1.8818246479338847
TRUMP,-1.635968370247934
REZ,-1.4653612165289263
XLM,-1.1981218512396687
kFLOKI,-1.134742165289256
KAITO,-0.3298154479338836
