coin,fundingRate_avg_5d
LAYER,-771.75861194
KAITO,-295.44727169999993
MOVE,-210.65622044999998
REQ,-51.20135247000001
BLAST,-34.36364842999999
ZORA,-25.859508319999993
GMX,-16.538427400000003
IO,-13.706410649999997
PYTH,-10.732668780000001
TURBO,-10.304103299999998
CELO,-6.423888309999999
XAI,-3.227715439999999
BSV,-3.174684589999998
BIO,-2.84558307
MERL,-2.5997840399999994
BLUR,-1.5537079099999984
