coin,fundingRate_avg_5d
kBONK,-146.84494434
ACE,-105.24299624
STABLE,-55.73478533
POLYX,-49.03848146
0G,-36.94678993
SUPER,-34.4160909
TRB,-27.83408313
kNEIRO,-27.219031119999997
ATOM,-23.57140216
TRX,-23.321018000000002
XAI,-22.92109845
W,-22.41798756
NEO,-20.23008777
OP,-19.151205440000002
WCT,-19.02983856
MINA,-18.4564586
TURBO,-18.40652222
MEME,-16.559821510000003
UMA,-16.368376819999998
AERO,-15.88880332
ZETA,-14.671232670000002
ME,-13.40016616
VIRTUAL,-13.35625958
MET,-13.33223163
GMT,-12.64332187
S,-12.39751116
HYPER,-11.28988873
STRK,-11.187710630000002
POPCAT,-11.0815752
MOODENG,-10.54621729
BCH,-10.177654890000001
BSV,-10.067026310000003
TRUMP,-8.56811074
IO,-8.200384919999998
GAS,-7.661492349999999
SEI,-7.127001679999999
MOVE,-6.669721649999998
ZK,-5.846032719999999
ALT,-5.482543089999998
TIA,-5.457479269999999
RENDER,-5.1198747099999995
AIXBT,-5.07176406
CELO,-4.761362949999999
ZORA,-4.507295209999998
SOPH,-3.94360235
PYTH,-3.36789223
SPX,-3.3437664599999986
KAS,-3.3116537599999996
AVNT,-3.2024377299999993
kFLOKI,-1.9378806299999993
REZ,-1.660708389999998
NOT,-1.6164827999999996
BIO,-1.413628939999999
MORPHO,-1.11909584
MERL,-0.7592116799999997
BIGTIME,-0.25125504999999954
