coin,fundingRate_avg_5d
CHIP,-215.88333142999997
PROVE,-107.25238037000003
POLYX,-62.524127700000015
HYPER,-52.680779230000006
WLD,-48.171997010000005
LAYER,-46.030359510000004
BSV,-40.61873737999999
STABLE,-38.80900751999999
FOGO,-38.80539329
JTO,-27.175665470000006
kLUNC,-26.899448069999995
BIO,-25.091301580000003
POL,-24.657474989999997
TRUMP,-21.479121420000002
BABY,-21.448863650000003
MINA,-20.81763995
0G,-19.873157190000008
MOVE,-16.877803670000002
APE,-15.963504220000008
CAKE,-15.22308566
BANANA,-14.68007297
BCH,-14.34239541
ACE,-13.82880829
SAGA,-12.920787570000002
BLAST,-12.72144063
MERL,-11.731410979999998
DASH,-10.6109223
ALT,-10.430897
IO,-10.25479253
SKY,-9.627556819999999
ZORA,-9.60029862
APT,-9.05249567
STX,-8.73958847
ANIME,-6.780429069999999
2Z,-6.579754989999999
W,-5.926325419999999
EIGEN,-5.743802789999999
BIGTIME,-5.7203705199999995
SAND,-5.607473829999999
kSHIB,-5.185074659999999
COMP,-5.148629409999998
BLUR,-5.02219195
AXS,-4.895912169999999
MEGA,-4.472547939999999
PYTH,-4.423781749999999
YGG,-4.215054309999999
ICP,-3.779526819999999
GAS,-3.1237751199999995
STRK,-1.4141654899999991
AERO,-1.3368993699999996
kFLOKI,-1.2706854499999998
OP,-0.9408532000000001
S,-0.7134990799999997
TURBO,-0.6140672399999996
XRP,-0.5681809
SNX,-0.5228697999999994
MOODENG,-0.3733723699999993
SUSHI,-0.07443590999999994
