coin,fundingRate_avg_5d
OMNI,-500.45839777000003
KAITO,-147.77593815999998
BIO,-100.73426366
BLAST,-72.78628958
PROVE,-61.52496794
ME,-35.00365257
MAV,-31.24470737
BERA,-30.812390420000003
ZORA,-29.6062961
ARK,-14.790057690000001
PYTH,-5.74837259
