coin,fundingRate_avg_5d
LAYER,-176.32393500999999
KAITO,-74.46975499
BLAST,-31.555694670000005
IO,-11.25336902
POLYX,-10.410281069999998
MOVE,-6.871103099999999
XAI,-5.53704635
TRUMP,-2.8374486799999983
REQ,-2.164493800000002
GAS,-0.49329384999999937
