coin,fundingRate_avg_5d
PROVE,-120.56394862000002
VVV,-81.96051494
UMA,-79.71637449
BIO,-71.43994036000001
REZ,-54.10744304999999
BLAST,-50.58189856
SOPH,-32.166701749999994
GAS,-30.820581749999995
OMNI,-23.971377190000005
ME,-17.495507770000003
HYPER,-16.03406748
SUPER,-12.013574229999998
MEW,-10.262499870000001
ZORA,-10.04130768
GRASS,-7.753181079999998
NEO,-7.4514706199999985
SEI,-7.0062553
USUAL,-6.31448905
WLD,-1.4359932199999998
ETHFI,-1.4181636999999994
RESOLV,-1.2533902899999996
MAVIA,-0.7198763599999983
BERA,-0.19407487999999853
MEME,-0.19095412999999928
