coin,fundingRate_avg_5d
OMNI,-175.31357632
SUPER,-61.151952539999996
GMX,-59.544874330000006
BERA,-47.522729170000005
REZ,-27.801955829999997
HYPER,-24.98569686
BLAST,-24.36937538
SOPH,-22.93340114
PROVE,-16.36178857
IP,-14.955022359999996
TRUMP,-8.72274007
GAS,-5.367034459999999
MOVE,-1.5359134299999986
