coin,fundingRate_avg_5d
0G,-444.14480842314043
SUPER,-175.19740240661156
BIO,-66.58752265785124
ME,-57.20971460826446
KAITO,-33.83563031404958
REZ,-33.75692931570247
BSV,-32.705232674380156
BLAST,-30.319799246280986
MAV,-14.124631963636366
PAXG,-6.241704882644627
FTT,-5.879815527272726
HYPER,-5.826786396694214
BABY,-5.73603207272727
RESOLV,-3.5471020958677686
ZETA,-2.874723590082643
BERA,-2.263248803305783
GMX,-0.5847929851239663
