coin,fundingRate_avg_5d
WCT,-394.21589867000006
ME,-345.38804264999993
SOPH,-198.65061197999998
MOVE,-85.10460158000001
BLAST,-83.46754227000001
KAITO,-60.55178596000002
BERA,-56.18623704
ZRO,-50.01148751
USUAL,-30.587158409999997
BABY,-30.06619975
AIXBT,-29.709491820000004
TRUMP,-24.815439689999998
BIO,-22.45856972
IO,-19.8428673
REQ,-17.53229831
MORPHO,-14.979294860000001
LAYER,-13.433110329999998
MOODENG,-12.479931079999998
SEI,-10.741383519999998
OMNI,-9.93071487
DYM,-9.13865903
MANTA,-6.3603396199999995
IP,-4.804370169999999
JTO,-4.20317648
GMX,-3.1690059199999996
BANANA,-2.911872909999998
kBONK,-2.225542239999999
HYPER,-2.02383594
ANIME,-1.5077799599999995
kSHIB,-1.19213818
CELO,-1.1579690699999996
DYDX,-1.0847544499999995
BNB,-0.8428083599999996
BLUR,-0.5689546999999991
