coin,fundingRate_avg_5d
OMNI,-665.4272980958677
KAITO,-395.775636585124
BIO,-94.37558706446282
BLAST,-80.67715805950414
PROVE,-67.8694415107438
ME,-66.28032176528927
ZORA,-35.07895738512395
BERA,-23.64027390743802
MAV,-16.260164310743804
PYTH,-2.8152649090909088
