coin,fundingRate_avg_5d
0G,-1181.66939746
POLYX,-1087.6122218799999
AVNT,-614.1815455899999
MOVE,-575.43605975
BANANA,-393.97732590999993
ANIME,-393.63421277
LAYER,-383.29356421000006
RESOLV,-275.85579158
KAITO,-267.98677775
TNSR,-178.99442174
SUPER,-121.91091688
NIL,-101.87832404000001
INIT,-98.46947151
BLAST,-98.09548156000001
2Z,-95.38104226
MOODENG,-80.12391451
ACE,-76.77124789000004
VVV,-75.55124488000001
SOPH,-67.99639604
HMSTR,-67.36750468999999
MERL,-63.66269629
ZORA,-60.277979020000004
DYM,-53.07470256
IMX,-52.15402729
BIO,-51.79029529999999
USTC,-49.58665598
IP,-41.33384465
REZ,-39.819034789999996
XAI,-37.88295142
OM,-36.241917259999994
DOOD,-34.44380097
WCT,-34.290087789999994
TURBO,-33.021162370000006
MANTA,-31.9311928
HYPER,-28.080845759999995
NOT,-26.015904980000002
MEME,-23.438280090000003
FXS,-22.830982869999996
FET,-21.894543980000005
TRUMP,-21.483587559999997
SKY,-20.724767160000003
GMX,-20.17646343
GOAT,-19.756773290000005
YGG,-18.832057470000002
CELO,-18.40586741
ETC,-18.378439850000003
ME,-17.99900629
kLUNC,-17.902766740000004
IO,-16.960549169999997
PROVE,-15.36281496
UMA,-13.644407369999998
S,-12.31959534
ZETA,-11.860666239999999
ADA,-11.26114644
CFX,-10.56781872
RSR,-9.88039597
BABY,-9.8215003
BLUR,-9.702848289999999
NEO,-8.799017769999997
SYRUP,-8.45772963
SEI,-8.434996700000001
POL,-8.259284969999998
STX,-7.97163869
DOT,-7.7280209
BCH,-7.645549149999999
SUSHI,-7.270618230000001
BERA,-7.171784989999998
JUP,-6.907189919999998
ZRO,-6.624804749999998
ZK,-5.581388739999999
COMP,-5.316291429999998
MAV,-5.2784526099999995
POPCAT,-4.9623312199999985
EIGEN,-4.806400299999999
MELANIA,-4.608330859999999
USUAL,-4.543970409999999
ARK,-4.52588904
kFLOKI,-3.89739773
ONDO,-3.73013575
BSV,-3.6519929
GAS,-3.6499985400000003
W,-3.249327819999999
SAND,-2.8529027799999995
TIA,-2.134477659999999
AR,-1.6759055299999999
TAO,-1.3163557099999994
IOTA,-1.2503593299999993
BNB,-1.0117288999999998
WLFI,-0.90029513
APEX,-0.744321139999999
kSHIB,-0.69664484
