coin,fundingRate_avg_5d
DOOD,-465.83030642975206
0G,-261.4184184099173
REZ,-71.00943527603305
BLAST,-55.30709473388429
CELO,-39.22071723966941
KAITO,-28.413626142148757
BIO,-25.958849712396695
APT,-25.66372314049587
2Z,-8.769667854545455
MAV,-8.24880332231405
SUPER,-3.8745747867768574
ME,-2.2937611140495857
