coin,fundingRate_avg_5d
HYPER,-2295.3570718799997
SOPH,-123.87161584999998
BLAST,-120.23512960999999
ARK,-111.19839026
MOVE,-96.70780704
GMX,-85.19152268000002
RESOLV,-70.05256951999999
CELO,-44.532183429999996
ZRO,-19.918766860000005
IO,-15.091988610000001
IP,-14.404543230000005
OMNI,-12.05894957
GAS,-11.56363143
BABY,-8.908022830000002
BSV,-8.351907369999997
BCH,-4.49226378
W,-3.7752008399999997
MOODENG,-1.273328779999999
MERL,-0.7898906599999989
DYM,-0.787459029999999
