coin,fundingRate_avg_5d
CELO,-119.55526162999998
MANTA,-109.26231054
IP,-102.58585318
STABLE,-83.82426991
GAS,-79.09166166
BSV,-71.0935028
TNSR,-69.10296143000001
ME,-67.78635679
LAYER,-58.88591136000001
TRUMP,-56.24674601
ZORA,-48.40007529
0G,-47.62866823000001
S,-36.65850271
PROVE,-35.20839129000001
POLYX,-34.37723227000001
IOTA,-29.88305224
kNEIRO,-29.532287969999995
TRX,-25.597876319999997
AVNT,-25.339165050000002
PYTH,-20.70272408
AIXBT,-20.144521550000004
OP,-19.561598299999996
INJ,-19.476949689999998
STRK,-18.89928536
kSHIB,-18.42180477
POPCAT,-16.697070999999998
MON,-15.751296140000006
SNX,-15.598413700000007
ZETA,-15.5710387
ANIME,-14.90526118
MINA,-14.341769800000002
GMT,-13.306435620000004
APT,-13.20461157
ADA,-12.656058910000002
kPEPE,-12.139315269999999
USUAL,-11.790930800000002
NOT,-11.464826660000002
XAI,-11.21746178
BIO,-10.412788620000004
AXS,-9.456249909999999
YGG,-8.967071069999998
FIL,-8.5889318
SOPH,-7.05765679
ALGO,-6.735996159999999
WLFI,-6.672175179999999
KAITO,-6.080888320000001
ALT,-5.87388222
XRP,-5.49109285
ZK,-4.800430359999999
ATOM,-4.314573019999999
BLUR,-3.1423514299999993
DOT,-3.00618088
DOGE,-2.5064104700000005
HYPER,-2.27708243
IO,-1.7532424600000003
ETH,-1.5538305499999998
MOODENG,-1.3119742499999982
W,-0.47936836999999966
TIA,-0.07285180999999992
