coin,fundingRate_avg_5d
BLAST,-105.19277443
WCT,-70.96995395
BERA,-43.07054458000001
MOVE,-39.870202680000006
LAYER,-35.76127796
ZRO,-32.426186089999995
BABY,-26.640966020000004
IO,-25.89382197
BIO,-17.52317915
NEIROETH,-12.91208962
SEI,-8.7914411
REZ,-8.574495319999999
USUAL,-6.32636177
TRUMP,-6.270153230000001
XAI,-4.378331219999998
SOL,-1.93902819
YGG,-1.613510239999999
OMNI,-1.1009129999999994
ME,-0.9458697599999978
CELO,-0.05860366999999973
