coin,fundingRate_avg_5d
SOPH,-487.24700419834704
HYPER,-217.64409896528926
BLAST,-73.37700843966941
MERL,-70.0309801983471
BERA,-41.98331572561983
UMA,-36.49595037024793
ARK,-22.171009061157008
SYRUP,-21.067267160330573
SUPER,-20.250274809917354
ZRO,-18.271740485950414
RESOLV,-9.19436640991736
GRASS,-7.799458036363633
REQ,-6.764264945454543
GAS,-4.447627199999998
NXPC,-2.7344448595041317
BABY,-1.262535361983468
