coin,fundingRate_avg_5d
SOPH,-415.59522836
HYPER,-144.14850684000004
BLAST,-72.80605214
MERL,-70.09160846
ARK,-44.10144254999999
UMA,-36.862792479999996
BERA,-36.58750218
SUPER,-18.42798933
ZRO,-16.31210258
RESOLV,-7.602387170000004
REQ,-6.299221829999999
GAS,-6.101476509999998
GRASS,-3.6311966599999983
BABY,-1.2685034799999977
