coin,fundingRate_avg_5d
0G,-296.35015322000004
DOOD,-86.32882691
REZ,-57.250520099999996
BIO,-47.698578139999995
SUPER,-45.941971840000015
BLAST,-42.87568057000001
CELO,-38.62387295
KAITO,-32.05329479000001
APT,-21.45393204
ME,-12.56850271
MAV,-7.321455430000001
GMX,-3.99290728
BSV,-2.509877969999998
PAXG,-2.2275869699999986
