coin,fundingRate_avg_5d
MOVE,-320.81020485619837
LAYER,-259.7366337917355
IP,-159.34939464793388
BLAST,-89.76022541157026
NXPC,-71.80126687933883
BIO,-66.96728024132231
IO,-66.47393369256197
ZRO,-63.38409056528927
RESOLV,-58.84540063140495
WCT,-55.74757576859503
USUAL,-48.850216016528925
BERA,-48.563464294214874
BANANA,-34.032093223140485
VVV,-32.421933550413215
SEI,-30.91535617190082
AIXBT,-27.640729894214875
MANTA,-27.506171950413233
SPX,-27.37894923966942
OMNI,-18.878512383471072
MNT,-18.506602601652897
W,-17.29453714710744
STG,-17.17135851570248
BCH,-16.43590004628099
SOPH,-15.039332340495866
DYM,-14.893107669421486
MEME,-14.797638872727273
HYPER,-14.328172373553718
ANIME,-13.127736000000002
ARK,-12.92591645950413
XLM,-11.741962641322313
KAITO,-11.595803127272728
GRASS,-11.090685599999999
kSHIB,-10.985979709090909
MAV,-10.794903114049589
ALT,-10.384720095867767
JUP,-10.364834171900826
GMX,-9.061883355371902
TRUMP,-8.52872658842975
TNSR,-8.393352009917356
ATOM,-8.208163438016529
BABY,-7.575157874380164
PNUT,-7.516674376859505
kFLOKI,-7.384354214876033
DOOD,-6.423360495867768
GOAT,-6.086749170247932
WLD,-5.304675917355373
BLUR,-4.9613983041322305
MERL,-4.922549514049586
BRETT,-4.227736720661157
ONDO,-4.099170327272729
ZETA,-3.9885351471074366
TURBO,-3.828400899173553
ALGO,-3.798137633057849
WIF,-3.7210069190082633
STRK,-3.670416833057849
INIT,-3.5552626512396697
MEW,-3.5002056892561986
MORPHO,-3.222166185123966
VIRTUAL,-2.7709060066115696
SAGA,-2.204021791735537
APT,-1.7365548892561977
kNEIRO,-1.5257892892561977
XAI,-1.4759608165289246
POLYX,-1.423733117355371
SCR,-1.398991547107438
IMX,-1.2721387834710738
GMT,-1.1600860760330574
ETH,-0.7205932561983471
YGG,-0.49213969586776873
FET,-0.4364420231404956
DOT,-0.31044716033057873
NIL,-0.2014698644628096
PYTH,-0.17095827768595
