coin,fundingRate_avg_5d
BIO,-270.5025442016529
OMNI,-142.20835441983473
KAITO,-100.90258632396693
BLAST,-71.79733573884299
ME,-60.0070526479339
PROVE,-40.41664547107437
TRX,-36.474920578512396
BERA,-28.25885721322314
MERL,-16.229270469421493
WLFI,-12.227586634710745
YZY,-10.30717382479339
MOVE,-7.636189735537188
UMA,-5.5451205421487595
