coin,fundingRate_avg_5d
SKR,-624.90748961
LAYER,-374.64940718
SOPH,-355.74001351
BLAST,-211.43285285
STABLE,-163.94770992
ATOM,-125.37321271000002
AXS,-123.45400694000003
AZTEC,-110.48558541000003
ACE,-98.26318737999998
GOAT,-92.86184146000001
ZORA,-78.6293293
VVV,-75.03163599000001
UMA,-71.27736133
AVNT,-67.51620276999999
2Z,-54.42099848999999
JTO,-53.31847511
ANIME,-50.7447309
GAS,-49.69986292
MERL,-48.03095882
MOVE,-47.79970942
DYM,-42.73983268
INIT,-41.965433350000005
BIO,-40.90833714
ICP,-40.27795075
HYPER,-37.12521872
TRUMP,-35.502348420000004
FOGO,-35.44701734
XAI,-34.83922079999999
NXPC,-32.79303007
ZETA,-32.14702825
0G,-30.854092400000003
ALT,-26.57773707
DOT,-25.602220550000002
BSV,-24.83597678
BABY,-24.818515180000002
BERA,-24.098721310000002
YGG,-21.883329720000003
SCR,-20.71908776
POLYX,-19.69590005
XLM,-19.114157210000002
CELO,-17.2819981
VIRTUAL,-17.215635260000003
SEI,-17.00592524
EIGEN,-16.995987019999998
kFLOKI,-16.68250166
JUP,-15.720945660000003
KAITO,-15.412596579999999
WCT,-13.356940669999998
CC,-13.293632149999999
ZEN,-12.941272829999997
KAS,-11.67764429
TON,-11.584586079999998
BLUR,-11.34619071
OP,-11.343364879999998
kLUNC,-11.197349549999998
ZEC,-11.185503839999999
IP,-10.830928240000002
RUNE,-10.45329924
SAND,-10.310905439999999
SKY,-9.97240809
APE,-9.677369100000003
AIXBT,-8.864379779999998
MANTA,-8.181017289999998
IO,-8.05079843
APT,-7.86125247
POPCAT,-7.571769509999999
STRK,-7.217855289999998
MINA,-6.744533510000001
LTC,-6.490908879999999
PENGU,-6.46223886
MON,-6.350373659999999
SOL,-6.29613393
XRP,-6.212036469999999
kSHIB,-6.10410597
FET,-5.665619059999999
PNUT,-5.21271319
POL,-4.945752919999999
BIGTIME,-4.934032040000001
PAXG,-4.805655699999999
WIF,-3.84080156
HYPE,-3.6114830099999993
SUPER,-3.451164789999999
MEME,-3.2449302999999996
DOGE,-2.69605352
GMT,-2.4299984499999994
PROVE,-2.34910277
NIL,-2.32125765
STX,-2.107226759999998
PYTH,-2.0758134000000004
RENDER,-1.8805683299999998
kNEIRO,-1.56650262
TRX,-1.3370672699999995
ENA,-1.0839514499999998
TIA,-0.98951062
GMX,-0.9175866399999993
SUI,-0.8115373499999999
AR,-0.3561874399999994
BCH,-0.29716182999999985
W,-0.2535450599999999
MEW,-0.24673196999999975
ARB,-0.18327015000000005
kPEPE,-0.13237089999999999
