coin,fundingRate_avg_5d
TURBO,-248.1669405322314
RESOLV,-240.16523871074384
JTO,-227.27537435702484
0G,-218.10579874710743
BANANA,-210.40768739504134
SUPER,-192.33880896198346
STABLE,-190.12390884297523
PROVE,-186.38441470413224
GAS,-168.83381841322316
BLAST,-148.50989010247935
AXS,-108.86272737520663
ANIME,-106.85209308099174
POLYX,-93.60218910743802
TST,-73.01242375537188
NIL,-72.45535870413222
REZ,-72.38019283636363
IMX,-65.87622658512396
ZETA,-60.092114419834715
YZY,-52.52630151074381
kNEIRO,-51.59490283636364
AERO,-48.45991168264463
FET,-48.06574353719008
IP,-46.839897371900825
XAI,-46.614772611570245
SOPH,-45.801385616528925
MON,-45.08100303471074
TRUMP,-44.18933277024793
2Z,-43.48376255206612
GOAT,-41.31477569256199
MEME,-40.523471137190086
DYM,-39.162895447933884
ZORA,-35.766442185123964
ALT,-34.71106199999999
POL,-33.0296075107438
kLUNC,-32.22655441983471
USUAL,-31.242470499173564
DOT,-30.9795785553719
INIT,-30.93598705785124
SCR,-30.06375747768595
TAO,-28.73928022809917
PYTH,-27.306625666115703
MOVE,-25.69799645950413
AVNT,-25.231977490909095
LAYER,-25.226432628099175
MOODENG,-24.688498403305786
SAND,-24.172510512396695
ACE,-23.545638396694216
EIGEN,-23.160062290909092
OP,-22.460067342148758
APT,-22.11052234710744
NEO,-20.89587957024793
W,-20.527593242975207
BLUR,-18.968510885950412
MANTA,-18.686610466115706
kBONK,-17.187038915702484
BIGTIME,-16.997204647933884
ASTER,-16.863122350413224
SEI,-15.742760340495865
BABY,-15.052068366942152
MERL,-15.016641044628098
S,-14.802937586776858
UMA,-14.02444000661157
KAITO,-12.45062781818182
BERA,-11.901852188429753
APE,-11.743737084297518
PNUT,-11.732393970247934
SOL,-10.757167785123967
ADA,-10.016236125619834
TIA,-9.41556147768595
ENA,-8.729995914049587
kPEPE,-8.380078799999998
MINA,-7.426628092561985
MEW,-7.143168971900825
kFLOKI,-6.999779355371899
BRETT,-6.875364912396694
VIRTUAL,-6.857023209917352
ETC,-6.473818095867768
USTC,-6.004193047933883
ARB,-5.800015547107439
XRP,-5.586732714049586
STRK,-5.358552089256198
SNX,-4.814010942148759
SPX,-4.612616370247934
PUMP,-4.283755110743799
LIT,-3.4948085157024793
PENGU,-2.7777474942148754
GMT,-2.616402049586777
ATOM,-2.3220522942148762
YGG,-2.2383776429752062
COMP,-2.0483529719008264
FIL,-1.375873110743801
ARK,-1.086932112396694
CRV,-1.0468706776859502
ONDO,-1.0159934876033052
INJ,-0.4710107206611569
