coin,fundingRate_avg_5d
BERA,-554.81891649
MOVE,-370.07414094
IP,-351.34387029
XAI,-336.08331081
BLUR,-322.48886683
AVNT,-314.80851858
KAITO,-257.84645433
ME,-128.21576774
BLAST,-121.84049378000003
VVV,-102.12431433000002
ANIME,-95.66861553999999
GMT,-81.78740201000001
LAYER,-66.3083966
IO,-47.76505047999999
ZORA,-27.090805890000002
BSV,-26.769959940000003
ZEC,-25.73141595
FTT,-25.608030619999997
POLYX,-24.90365946
ACE,-24.414103209999997
MEME,-23.315175080000003
0G,-22.7083801
USUAL,-17.557246790000008
kLUNC,-14.498608840000001
ATOM,-14.496431249999999
WLFI,-13.150878460000001
REZ,-9.435674859999997
MELANIA,-8.71370705
TRUMP,-8.20931282
HYPER,-8.148332270000003
IMX,-7.889399079999998
ZEREBRO,-7.298942230000003
FOGO,-6.90759215
MEW,-6.80846983
kNEIRO,-3.5988313799999974
WCT,-3.4441129899999994
BCH,-3.0795086499999997
FIL,-2.9156112399999996
NEO,-2.89547273
STABLE,-2.606498579999998
ADA,-2.31268234
APT,-1.9482955399999997
TURBO,-1.61175386
GMX,-1.1519757699999995
ZETA,-0.8297968399999986
SCR,-0.5188387399999996
TRX,-0.09383419999999955
