coin,fundingRate_avg_5d
TNSR,-533.5085338399999
LAYER,-392.36035619999996
ACE,-154.86514993
0G,-133.31051293000002
ME,-80.57902498
CHIP,-74.90065866
S,-56.324150829999994
VVV,-55.68999764000001
AXS,-52.09503745
STABLE,-49.60594769
kNEIRO,-48.53134827000001
AIXBT,-47.088293760000006
TRUMP,-46.47963071
MINA,-44.691629299999995
RESOLV,-43.68988242
2Z,-43.36731221000001
PROVE,-38.97830693
kLUNC,-38.24361741
KAITO,-35.62220931000001
SUSHI,-35.179275239999996
BIO,-34.78831206
AVNT,-33.188719999999996
USUAL,-28.598539860000002
ADA,-27.06869857
BABY,-24.923181850000002
XAI,-24.85215139
ATOM,-23.498322589999997
STRK,-23.04893751
ZORA,-21.04734248
GAS,-20.88794187
IOTA,-20.68257827
MEME,-20.63062928
ANIME,-20.60117086
kSHIB,-19.59742962
BIGTIME,-16.626420870000004
YGG,-16.439526269999998
SNX,-16.12920181
MERL,-12.936957069999997
RSR,-12.018127240000005
HYPER,-11.54636547
VIRTUAL,-9.658976019999999
INIT,-9.61050913
BLUR,-8.756272619999999
TRX,-7.866230339999998
INJ,-7.863782649999999
SOL,-7.85190701
kFLOKI,-7.474737179999999
IO,-7.360116959999999
AVAX,-7.33080308
DOT,-7.041734029999999
NOT,-6.741731039999999
BERA,-6.63167624
ALT,-6.47693887
ARB,-6.41782712
SUPER,-6.2408006600000006
XLM,-6.069308329999998
STX,-5.81546324
RENDER,-5.102820449999999
RUNE,-5.067512539999999
ETC,-5.038078209999999
SKY,-4.449465339999999
MORPHO,-4.38837018
PENGU,-4.05518942
UMA,-3.9902486199999996
TIA,-3.5609013099999998
ARK,-3.133969569999999
DOGE,-2.5149529299999998
CRV,-2.22203021
FIL,-1.8587617700000003
OP,-0.8704695199999998
MET,-0.4527124199999993
