coin,fundingRate_avg_5d
OMNI,-279.06577897
PROVE,-169.26244791
SUPER,-69.41110538000001
GMX,-60.75995057
BLAST,-53.06807708
BERA,-51.467538209999994
GAS,-45.79221963999999
BIO,-14.140616110000002
MOVE,-13.116388880000002
SOPH,-13.073970040000003
IP,-13.027292379999997
HYPER,-11.53798507
REZ,-10.5031962
OM,-5.460573740000001
APT,-5.371253129999997
TRUMP,-2.5087004800000003
