coin,fundingRate_avg_5d
TNSR,-1189.1003102181817
LAYER,-664.9763752859504
RESOLV,-531.0734326115701
DYM,-383.08002052561983
0G,-331.71514080991733
ZORA,-314.7371068066115
SUPER,-202.96949972231403
MAV,-196.82265984793392
XAI,-184.60587190413221
WCT,-161.61977380165288
2Z,-124.4713844231405
KAITO,-120.85707502809917
BSV,-111.89412682314051
BLAST,-108.8031304165289
REZ,-101.56249811900825
OM,-94.17384354049585
ME,-92.50261870413223
YZY,-91.37243897851243
MOODENG,-68.53236718016528
AVNT,-68.23246894214876
MOVE,-67.34531840330578
MEW,-58.212351629752064
IO,-56.09543609256199
BIO,-55.99746454214876
IP,-54.65336054876033
ANIME,-53.45755611570247
BERA,-52.49650013553719
BABY,-50.892979239669415
ZRO,-47.44131480991736
TURBO,-44.815885616528924
MANTA,-42.86263077024794
APT,-38.39378192727273
ZK,-34.132404634710745
WLFI,-31.669293897520653
NIL,-28.629093907438012
MORPHO,-26.808967894214877
CC,-26.528379302479337
SKY,-24.825284717355377
ZETA,-24.71566888264463
DOOD,-24.52716164628099
GOAT,-22.999875193388426
GAS,-22.982956085950416
USUAL,-22.768029123966944
AIXBT,-21.958075904132233
GMX,-21.445169216528924
PROVE,-21.36274558016529
FXS,-18.71989484628099
STX,-18.476778059504134
SAGA,-17.258243960330578
INIT,-16.06828338842975
HYPER,-15.400880707438017
ZEN,-13.919286704132231
ATOM,-13.77225770578512
kLUNC,-13.685226019834712
PROMPT,-12.012435242975204
SAND,-11.371863500826446
AR,-10.767890459504132
BRETT,-10.747570879338843
VVV,-10.546156036363637
kFLOKI,-10.0392365553719
WLD,-9.424856489256198
RSR,-9.386560809917356
IMX,-9.367153428099172
SOPH,-8.064364056198345
SOL,-8.0459724
MERL,-7.661556089256199
DOT,-6.919626079338843
CAKE,-6.534270783471072
COMP,-5.8319432132231395
EIGEN,-5.33714149090909
SEI,-5.2000605223140495
ALGO,-3.8686643206611575
ZEC,-3.6453429619834696
ALT,-3.026194849586776
AERO,-2.778842132231404
STRK,-2.7055600264462796
MELANIA,-2.6893960165289257
INJ,-2.636180826446281
GRASS,-2.5356913190082624
XLM,-2.4448269520661152
RENDER,-2.428671629752064
FIL,-2.051340059504132
PENGU,-1.6778180033057852
OP,-1.1587206743801644
TRB,-0.8270598347107436
HEMI,-0.4975788595041308
W,-0.4507302347107435
kSHIB,-0.2204435900826441
