coin,fundingRate_avg_5d
LAYER,-304.9074174148761
MOVE,-78.56773340826446
STABLE,-75.77920532231406
BLAST,-73.61620856528927
kLUNC,-56.82073875371901
BANANA,-53.44501628429752
ACE,-49.882799206611544
JTO,-45.30917497190082
NIL,-27.14952339173554
BLUR,-24.89998797024794
MEGA,-16.59308485289257
MERL,-13.497386280991735
KAITO,-12.516005652892561
GRIFFAIN,-11.08095476033058
ATOM,-7.70326454876033
W,-7.4355053752066125
COMP,-7.193195087603302
SKY,-6.713540925619834
WLFI,-4.569540337190082
DYM,-4.268319411570246
NOT,-4.1526331140495865
CHIP,-2.992868479338842
EIGEN,-2.1727152892561983
BERA,-0.7747155768595027
BABY,-0.2541543867768587
