coin,fundingRate_avg_5d
PROVE,-432.42216124999993
SUPER,-267.00821202
ALT,-265.41848372000004
GMT,-189.50084016000002
CHIP,-125.92783021000001
BLAST,-86.210664
ME,-84.10845745
SAGA,-64.30121342000001
STABLE,-58.12600691
FOGO,-41.36558067
TST,-38.11739384
COMP,-29.556690409999998
OP,-23.113719169999996
POL,-17.15490437
MERL,-16.930982710000002
MINA,-16.04954348
BCH,-14.736754550000002
BLUR,-12.88749008
TRUMP,-11.126799429999998
ICP,-10.935505849999998
SNX,-9.54131243
kSHIB,-7.836580659999999
ETC,-6.9297775800000005
kLUNC,-6.59145981
JTO,-5.38076065
SUSHI,-5.2354651
STRK,-5.186420049999999
CAKE,-3.452041519999999
AIXBT,-3.024248379999999
ADA,-2.83868749
DASH,-2.819502359999999
STX,-2.4917586399999996
SUI,-2.4059266999999998
TON,-2.1947471899999993
kFLOKI,-1.98920547
AXS,-1.6070125099999983
LAYER,-1.3982127999999996
YGG,-1.3476588399999994
BSV,-1.3274473299999991
ZORA,-1.2218557500000002
UNI,-0.8203937099999992
KAITO,-0.12203482999999962
