coin,fundingRate_avg_5d
SUPER,-529.577552568595
BLUR,-421.80851046942155
REZ,-282.61813966611567
TNSR,-201.0053882677686
BLAST,-162.4341685586777
ALT,-129.95408019173553
FTT,-77.70488571570252
SOPH,-77.02887
DYM,-76.37150150082644
MINA,-63.14895840991737
BERA,-60.55785031735537
AXS,-59.19358312066115
TRUMP,-58.740409497520666
POL,-58.7043414644628
STABLE,-58.44352875371901
NIL,-56.66377982479338
TURBO,-52.16058237024794
JTO,-48.44365572892563
APT,-37.871346386776864
0G,-32.41151349421487
EIGEN,-31.05439619504132
DASH,-31.033406221487606
BSV,-29.34782439669422
COMP,-28.468983550413224
AVNT,-28.287541507438025
IMX,-25.506512995041323
ANIME,-25.38466573884298
W,-24.70015789090909
MOODENG,-24.307733781818186
ZEC,-24.11123901818182
STRK,-23.26153711735537
ZETA,-22.945492244628106
MOVE,-22.30345157355372
LAYER,-21.26530542148761
POLYX,-19.738349097520665
GAS,-19.023247130578515
NEO,-18.473241480991735
ME,-18.17103306446282
BANANA,-15.843828297520663
HYPER,-14.21854712727273
2Z,-14.077249051239669
kLUNC,-13.865059408264463
OP,-13.542729054545456
MERL,-12.944051107438018
S,-12.794282618181816
WLFI,-12.415748538842971
ICP,-11.512267477685949
PROVE,-10.697612816528926
XAI,-10.515868879338845
AIXBT,-10.242268016528923
SEI,-9.11884290247934
FET,-8.317249328925625
KAS,-7.522466836363634
TIA,-7.326077771900828
ARK,-6.172151930578512
HBAR,-5.697329523966942
IO,-5.428563312396693
ARB,-4.4970278082644635
DOT,-3.5102427669421488
kNEIRO,-3.46296265785124
INIT,-2.5300537884297523
INJ,-1.989883953719008
GMT,-1.8730074545454536
ADA,-1.7172503107438015
JUP,-1.2448169950413215
APE,-1.2013760826446271
BRETT,-0.905943996694214
BABY,-0.4430931074380165
STX,-0.4198993785123957
ZORA,-0.3369508661157009
KAITO,-0.23706007933884257
MEW,-0.0640341520661153
