coin,fundingRate_avg_5d
OMNI,-685.7962376033058
KAITO,-295.7796233851239
BIO,-102.55174537190084
BLAST,-76.73071652231405
PROVE,-66.48407502148761
ME,-43.39076682644628
ZORA,-31.650289041322306
BERA,-28.48694444628099
MAV,-15.731441117355377
ARK,-7.60693205950413
PYTH,-4.612216740495867
