coin,fundingRate_avg_5d
POLYX,-1231.49561389
0G,-848.4172317800001
AVNT,-582.8712009999999
MOVE,-565.83497711
ANIME,-453.0753833
BANANA,-403.1955469099999
LAYER,-348.38667241
RESOLV,-261.68000990999997
SUPER,-221.44203177000003
ACE,-158.28432831
DOOD,-139.32843729000004
TNSR,-121.87155162999997
VVV,-117.66842041000001
SOPH,-111.70325752999999
2Z,-108.31068473
IP,-100.17564503
MOODENG,-97.45939605999999
ZORA,-86.34289181999999
BLAST,-81.11278127
NIL,-71.26418045000001
YGG,-61.748861860000005
IMX,-58.13991998
TURBO,-53.51142068000001
OM,-50.467449890000005
XAI,-46.774743429999994
MERL,-46.71927146
USTC,-44.28433018
DYM,-43.276298
WCT,-40.22346574
REZ,-39.03619082
kLUNC,-34.66409160999999
MANTA,-34.02504012
USUAL,-32.96000589
GOAT,-28.93137752
FET,-28.73879038
GMX,-28.31690002
HYPER,-28.307169849999998
ME,-26.73653981
SYRUP,-25.65037281
CELO,-25.013713530000004
NOT,-22.98690941
TRUMP,-21.712449129999996
SKY,-20.962869800000004
INIT,-20.93452098
HEMI,-20.06017881
ZETA,-19.430940709999998
IO,-19.23044694
MEME,-18.255375720000004
PROVE,-18.05107354
HMSTR,-17.112824250000003
BIO,-16.470274599999996
GMT,-15.597032540000006
BLUR,-15.09675332
SEI,-13.09604013
ETC,-12.85925295
ZK,-12.709218240000002
COMP,-12.66518318
RSR,-12.45275391
UMA,-12.10774934
S,-12.086385159999999
MAV,-11.893754949999998
ZRO,-11.608429339999999
JUP,-11.348552259999998
POPCAT,-11.06582691
POL,-11.00398569
BCH,-10.879279060000002
KAITO,-10.58905004
BRETT,-10.467962020000002
NEO,-9.99136546
ADA,-9.39299176
EIGEN,-9.228738839999998
CFX,-8.25924555
BIGTIME,-8.134003100000003
FXS,-6.796816109999999
DOT,-6.76105049
W,-6.70017068
JTO,-6.577911739999999
STX,-6.5233829299999995
SUSHI,-5.43380391
STRK,-4.857552129999999
PROMPT,-4.70628737
AR,-4.692987499999999
ONDO,-4.50155011
kSHIB,-4.44588615
FIL,-4.428090209999999
kFLOKI,-4.376036830000001
MELANIA,-4.200996699999999
IOTA,-4.12714114
BERA,-4.03075924
OP,-3.9107049
BSV,-3.6519928999999993
ARK,-2.9233017900000005
WLFI,-2.6495758799999996
PNUT,-2.6233294599999977
APEX,-2.59967016
TAO,-2.595612089999999
TIA,-2.411960149999999
ATOM,-2.344826429999999
ENA,-2.15147571
CAKE,-2.1447947499999995
XLM,-2.0739942399999998
MORPHO,-1.785650079999999
SAND,-1.5785352099999994
NXPC,-1.1942829199999987
DOGE,-0.73635757
