coin,fundingRate_avg_5d
OMNI,-92.08220892892561
HYPER,-47.29646205619834
SUPER,-43.57759445950413
REZ,-43.471578912396694
SOPH,-43.05855142809917
BLAST,-24.182622882644626
BERA,-23.714352376859505
PROVE,-12.460732224793388
GRASS,-3.5273747206611565
