coin,fundingRate_avg_5d
TNSR,-522.21916998
LAYER,-392.34119807999997
ACE,-154.86514993
0G,-131.65911276999998
ME,-80.55766591
CHIP,-75.58169099
VVV,-56.708466630000004
S,-55.820262490000005
AXS,-52.38344804
STABLE,-50.554883450000005
kNEIRO,-48.14007192
AIXBT,-46.82207955
TRUMP,-46.5288641
MINA,-44.56382893000001
RESOLV,-43.60044939
2Z,-43.11229766
PROVE,-38.64354937
kLUNC,-38.286058149999995
KAITO,-35.61845638
BIO,-34.788312059999996
SUSHI,-34.71946576
AVNT,-32.882915700000005
USUAL,-28.598539860000002
ADA,-27.2571123
XAI,-24.783278080000002
BABY,-24.776156930000006
ATOM,-23.843906049999998
STRK,-23.33509532
GAS,-21.29811208
MEME,-20.88988513
ZORA,-20.888260879999997
ANIME,-20.8527201
IOTA,-20.670289450000002
kSHIB,-19.72989834
YGG,-16.941053789999998
BIGTIME,-16.927037060000004
SNX,-15.86023623
MERL,-12.482084579999997
RSR,-12.018127240000005
HYPER,-11.677315060000002
INIT,-9.638221389999998
VIRTUAL,-9.124582439999998
BLUR,-8.99843625
INJ,-8.36198721
TRX,-7.72589879
SOL,-7.670223880000001
IO,-7.240499890000001
kFLOKI,-7.110630700000001
DOT,-7.077641999999999
AVAX,-7.04456862
BERA,-6.81339733
ALT,-6.43993225
ARB,-6.358528489999999
SUPER,-6.125051860000001
XLM,-6.1013224799999985
NOT,-6.049953109999999
STX,-5.80968529
RUNE,-5.067512539999999
ETC,-5.038078209999999
RENDER,-4.9992152
MORPHO,-4.69279843
SKY,-4.229536779999999
UMA,-4.147954169999999
PENGU,-3.883920469999999
TIA,-3.5609013099999998
ARK,-3.1954749899999992
DOGE,-2.38652695
CRV,-2.22203021
FIL,-2.0781647299999997
OP,-1.2132607299999998
MET,-0.4527124199999993
