coin,fundingRate_avg_5d
OMNI,-255.21730345785122
SUPER,-61.52735354380166
GMX,-60.18037178181819
BERA,-48.64458406611569
BLAST,-38.79366
PROVE,-33.81401700495867
GAS,-23.760655130578517
REZ,-21.956391957024795
HYPER,-18.980055262809916
SOPH,-15.845255236363634
IP,-11.027885811570247
TRUMP,-7.229592525619834
BIO,-6.985388340495869
MOVE,-5.156634089256196
