coin,fundingRate_avg_5d
SOPH,-588.3844446743802
HYPER,-432.6457113520661
SYRUP,-107.66624892892561
MERL,-71.55735010909092
BLAST,-66.25145213553719
BERA,-59.19980923636365
SUPER,-38.831528538842974
UMA,-37.59697667107438
GRASS,-31.60235880991736
RESOLV,-23.196245434710743
ZRO,-22.37232037685951
MOVE,-14.917589335537189
REQ,-12.103003507438016
NXPC,-10.216627279338843
GAS,-4.89943831735537
GMT,-4.557682482644627
BABY,-1.3578260628099146
USUAL,-1.0127754545454524
