coin,fundingRate_avg_5d
OMNI,-251.33843060000004
SUPER,-62.486341440000004
GMX,-60.76365605000001
BERA,-48.96633118
BLAST,-36.552889959999995
PROVE,-33.29495033
REZ,-22.154270680000003
HYPER,-19.723201319999998
GAS,-19.54763705000001
SOPH,-16.63050157
IP,-10.981318459999997
TRUMP,-7.809507149999999
BIO,-6.635903670000004
MOVE,-4.213189889999998
