coin,fundingRate_avg_5d
DOOD,-696.0193595900826
BIO,-673.4465488760331
ZORA,-469.8459729619834
PROVE,-271.7235173454545
MERL,-265.02374771900827
SUPER,-222.0231483966942
OM,-213.49145209586777
BLAST,-201.8377721553719
MOODENG,-181.17123734876034
REZ,-176.65354535206612
YZY,-161.0963457024793
0G,-157.53898209917352
UMA,-145.88932813884296
GRASS,-119.03027331570247
APT,-100.15005599008263
VVV,-98.85490229752067
ME,-97.70133409586778
AVNT,-91.58496599008265
ZETA,-86.78525194710744
IP,-85.55317677024793
MAV,-77.18185290247933
BSV,-75.85587704132233
IO,-74.13935431735537
HYPER,-73.2387220661157
ATOM,-60.54768944132231
XAI,-59.57044194049586
STRK,-50.082021153719005
MORPHO,-40.96762051239669
YGG,-38.613696297520654
TIA,-34.7980212892562
RSR,-34.50453160661157
VINE,-34.13161623471074
kLUNC,-31.796477514049588
TRUMP,-31.70874864793388
STX,-31.22521257520661
INIT,-29.989054948760334
JTO,-28.76368298181818
SKY,-28.35681500826447
IOTA,-27.461944085950414
LAYER,-25.08782553719008
NXPC,-24.729503890909093
JUP,-24.438147738842975
MEW,-23.409706363636364
VIRTUAL,-23.25869771900826
WCT,-22.942152585123967
BABY,-22.55779491570248
BERA,-21.065806195041322
BCH,-20.974308357024793
SAND,-20.72984716363636
USUAL,-20.416572912396695
CELO,-19.406079401652892
GMX,-18.97588810909091
ENA,-18.612968548760335
WLFI,-18.50183021157025
S,-17.877152439669423
DYM,-17.798944462809917
kFLOKI,-17.18646480991735
RESOLV,-17.044801854545458
2Z,-16.41719636033058
SEI,-14.560277623140495
KAITO,-14.329197510743802
MEME,-13.062853358677684
TURBO,-12.892977411570248
MOVE,-12.874957874380165
WLD,-12.538888800000002
DYDX,-12.282918704132234
OP,-12.118068535537189
PYTH,-11.835667130578512
BANANA,-11.659045259504131
PENGU,-11.359590813223138
ONDO,-11.081463709090908
ALT,-10.948740297520661
ANIME,-10.613986671074379
SUSHI,-10.517733818181819
PNUT,-10.099000026446282
DOT,-9.7274544
ETC,-9.368055490909091
SOPH,-9.266611795041321
FIL,-9.249524003305785
NOT,-8.170111735537189
AR,-7.332617365289256
kPEPE,-7.3076817719008265
kSHIB,-7.304036598347108
GOAT,-6.932946347107437
BLUR,-6.892801656198347
PROMPT,-6.370495705785124
GALA,-5.577703398347107
DOGE,-5.251419461157025
INJ,-5.1635610049586775
BNB,-5.094353385123966
ETHFI,-5.015301262809917
AVAX,-4.850020333884297
NEO,-4.597452882644627
ZK,-4.3166861950413224
LINEA,-4.104669580165289
GMT,-3.9709297190082653
CFX,-3.768972624793388
MANTA,-2.196922571900826
kBONK,-0.7468768760330579
ARK,-0.6536074909090904
COMP,-0.5877359107438015
W,-0.4076592694214875
