coin,fundingRate_avg_5d
BLUR,-421.56468781487604
TNSR,-208.98594229090904
BLAST,-196.06715762975207
0G,-163.39790321652893
TRUMP,-148.4059834710744
STABLE,-107.32800578181818
AXS,-101.35869056528925
YZY,-92.2052919966942
POL,-84.57719259173554
MINA,-70.93357801983471
REZ,-70.4074488
DYM,-69.78257121322315
JTO,-64.94874167603307
COMP,-55.31175418512398
BERA,-46.5613134446281
IMX,-46.56066694214876
APT,-45.619297071074385
TURBO,-44.73509018181819
ALT,-43.50648280661157
EIGEN,-40.752910016528936
GAS,-40.44947230413223
W,-39.15402830082645
FET,-38.75991010909091
WLFI,-38.06741980165289
DASH,-35.97970329917355
DOT,-35.607386647933886
NEO,-34.62290164958678
SUPER,-30.618639768595038
2Z,-26.041870621487597
MOVE,-25.259066885950407
STX,-24.126736254545456
SEI,-22.859501623140492
BSV,-22.7824273785124
STRK,-21.555742135537194
HYPER,-20.469890181818183
OP,-19.183851957024796
SAND,-18.338784892561986
XAI,-15.771395404958678
kNEIRO,-15.466427950413221
ARK,-15.267588257851239
IOTA,-15.239706842975206
HBAR,-14.679234803305784
IP,-14.14494647603306
GMT,-14.073308499173555
ICP,-13.77146423801653
SOPH,-13.645981219834715
BABY,-13.524135411570247
kLUNC,-13.204013880991736
APE,-12.824188244628097
PROVE,-12.480237342148763
ZETA,-12.448581163636366
S,-12.101216757024792
POLYX,-11.986081398347109
RESOLV,-11.671024740495868
IO,-10.703251795041323
ZEC,-9.714509147107439
KAITO,-8.500373147107437
ARB,-7.70990549752066
AVNT,-7.627483309090906
USTC,-7.577819176859504
AIXBT,-7.314383533884297
ADA,-7.310252578512397
BANANA,-6.89713242644628
ANIME,-6.733012740495866
MERL,-6.727055216528921
TIA,-6.571219160330578
JUP,-6.345366089256198
INJ,-6.2380835999999995
PENGU,-4.913614314049586
kSHIB,-4.518962558677686
KAS,-3.3813238016528917
SUSHI,-2.3155221123966934
kFLOKI,-2.1926135206611566
MEW,-1.2933481190082639
USUAL,-1.0055748793388413
XRP,-0.7459777090909091
SUI,-0.039744337190082496
