coin,fundingRate_avg_5d
OMNI,-276.43116444
KAITO,-163.05268393
MERL,-160.27606250000005
BLAST,-66.48688963
BIO,-54.32249667000001
ME,-37.60943356000001
ZORA,-26.46985548
ENA,-14.350310800000003
BERA,-11.89853499
kLUNC,-7.127584219999999
PYTH,-4.93526355
TRX,-2.395354839999998
RESOLV,-0.9626641399999983
