coin,fundingRate_avg_5d
BIO,-271.4279506016529
MERL,-132.16017325289258
OMNI,-101.72057268099174
YZY,-100.95917737190084
PROVE,-80.04504007933885
BLAST,-57.14844673388429
TRX,-32.57960269090909
BERA,-27.823096442975203
WLFI,-15.021250542148758
MOVE,-11.863433434710744
UMA,-8.652611811570248
USUAL,-5.981118049586775
SUPER,-1.9866217586776849
ME,-1.633931127272727
IP,-1.297035282644626
MAV,-1.2916004628099174
OM,-0.26872784132231375
