coin,fundingRate_avg_5d
RESOLV,-1616.4822525
TNSR,-1545.22709339
MERL,-929.90226779
SUPER,-693.65740479
LAYER,-407.70163689000003
DYM,-385.42119884999994
0G,-369.21114808000004
USUAL,-366.12609726999995
ACE,-353.5742371
OM,-349.54444875999997
HEMI,-219.90223547000002
KAITO,-206.07658151
TURBO,-150.59935989000002
XAI,-123.44196485999998
ME,-112.63960736000001
BLAST,-111.44178686
2Z,-106.51910121
ZORA,-94.59954003
MAV,-91.46489667000004
DOOD,-84.55930253000002
REZ,-82.80940493
WLFI,-76.32452585
IP,-65.62567797
BANANA,-57.078426979999996
MOODENG,-46.68907208999999
GMX,-44.698989159999996
ARK,-42.634457180000005
WCT,-39.44255408
ZETA,-36.73675506
ZRO,-36.34863742
AR,-31.823130170000006
BERA,-30.407800330000004
APT,-30.342582860000007
MOVE,-28.50750813
STRK,-27.605577070000002
BABY,-27.4047548
BRETT,-27.03793929
IO,-26.75639216
MEW,-26.589776230000002
BSV,-24.95402362
ATOM,-22.798548970000002
BIO,-21.15703885
INIT,-19.25818986
IMX,-19.23831634
TRUMP,-17.965602950000005
GRASS,-17.765162470000003
FET,-16.5152791
ZK,-16.25065702
HYPER,-15.6361109
ANIME,-15.577325460000003
SKY,-15.48522136
ZEC,-14.5481554
FXS,-13.19204316
JUP,-12.808782209999999
ZEN,-12.460886840000002
MANTA,-11.95463476
STX,-10.04674545
ALT,-8.86136853
PROMPT,-8.58271585
W,-8.29594192
RSR,-7.805322059999997
PYTH,-7.549853449999999
CELO,-6.88947647
DOT,-6.87534805
SOL,-6.7618148
INJ,-6.397446250000001
UMA,-5.7816686200000005
kFLOKI,-5.720200429999999
MINA,-5.543771109999999
ICP,-5.209924589999999
NIL,-5.098409789999998
SEI,-4.866516529999999
ENS,-4.6838187
PENGU,-4.362550079999999
ADA,-4.0517533100000005
kBONK,-3.7193631399999996
SUSHI,-3.50998162
kSHIB,-2.814170439999999
VVV,-2.3250813899999985
BIGTIME,-2.2911436899999993
SCR,-1.9882185099999983
ALGO,-1.5581594499999998
PROVE,-1.5215725799999997
SNX,-1.3652394299999993
CC,-1.2014668499999992
HBAR,-1.0355312799999998
FIL,-0.9998342799999996
S,-0.1720741399999983
COMP,-0.04727552999999825
