coin,fundingRate_avg_5d
OMNI,-237.31498679000003
MERL,-160.40220868999998
KAITO,-95.81987226999999
BIO,-69.32711596
BLAST,-44.27215816000001
BERA,-33.646559939999996
ME,-30.156296349999998
ZORA,-28.167344189999994
MAV,-26.30108167
ARK,-14.797424119999999
PROVE,-14.098254210000002
PYTH,-5.53147791
TRX,-1.2458114299999983
