coin,fundingRate_avg_5d
OMNI,-290.7251499
MERL,-163.02248602000003
KAITO,-130.59948346000002
BIO,-56.369100579999994
BLAST,-55.20586164
MAV,-22.62948754
ME,-22.555752430000002
ZORA,-21.86055372000001
BERA,-18.785047660000004
PROVE,-12.851490130000006
ENA,-12.559446329999998
kLUNC,-3.2533946499999997
PYTH,-2.6421700300000004
TRX,-2.475127779999999
