coin,fundingRate_avg_5d
ME,-380.30040361
SOPH,-102.89722227
WCT,-83.76705981
BLAST,-72.75433164
KAITO,-67.15961967000001
MOVE,-61.09017921000001
BERA,-48.41349634
ZRO,-46.499535619999996
USUAL,-44.64967328
IO,-42.611329319999996
TRUMP,-37.644069869999996
AIXBT,-33.683589919999996
BABY,-31.818098279999997
LAYER,-17.859057990000004
BIO,-17.26301226
MORPHO,-16.580209680000003
BANANA,-15.40724568
DYM,-14.172422940000002
UMA,-11.484050479999999
ANIME,-10.996906150000001
MOODENG,-10.385707809999998
CELO,-10.08209716
HYPER,-8.749120079999999
OMNI,-8.211639329999999
IP,-8.1128988
ALT,-7.985753969999999
kBONK,-6.403059949999999
BNB,-6.28383708
MANTA,-5.5682063999999984
WIF,-5.158818019999999
SEI,-4.7241300299999995
kSHIB,-4.038722809999999
DYDX,-3.83160429
kFLOKI,-1.7442306099999998
