coin,fundingRate_avg_5d
GAS,-657.09372105
MOVE,-374.67083633
MELANIA,-187.18810234
BLAST,-182.06832034
ANIME,-174.86369557
USUAL,-158.53406422999998
REZ,-148.40150436
ARK,-98.94555196
OM,-92.62748007
IMX,-88.13798153
GMX,-76.01423132000001
IP,-70.45908535
BERA,-61.000671720000014
VIRTUAL,-59.43791180999999
SUPER,-58.944559560000016
DYM,-45.93111966
LAYER,-35.47140299000001
OMNI,-32.330031219999995
ZRO,-31.210337509999995
SPX,-30.963779279999997
BANANA,-22.62599376
AVAX,-18.299503489999996
POLYX,-17.50120177
SEI,-17.44468371
BCH,-15.184419750000004
PYTH,-14.410325559999999
ME,-14.178178990000003
FET,-13.436763249999998
TAO,-13.387339330000001
CELO,-13.04444446
INJ,-12.94682448
ETHFI,-12.304963949999998
kFLOKI,-11.67033553
ONDO,-11.54739039
ZETA,-10.13166124
APT,-9.86499735
CYBER,-9.83782675
XLM,-9.68149141
BNB,-9.40640989
XRP,-8.366815429999999
BADGER,-6.060462189999999
MANTA,-6.00479823
NEO,-5.5243151500000005
VVV,-5.23561329
ETH,-5.144195389999999
MORPHO,-4.952868229999999
TURBO,-4.860699889999999
SCR,-4.839889049999999
EIGEN,-4.629394279999999
HMSTR,-3.724175299999998
XAI,-3.7124858099999996
CATI,-3.52377643
ALT,-3.30337994
kSHIB,-2.600679749999999
GMT,-1.8149259999999998
FXS,-1.811696479999999
RENDER,-0.5787301299999995
JTO,-0.49914406999999966
