coin,fundingRate_avg_5d
0G,-323.0655807
SUPER,-59.74528561000001
BIO,-59.38425169999999
REZ,-50.884278429999995
BLAST,-37.08149172
ME,-32.53928718
KAITO,-22.00871087
BSV,-21.255833399999997
CELO,-20.278537139999997
APT,-12.25235212
MAV,-7.09520872
PAXG,-4.63373851
GMX,-0.4992010100000001
