coin,fundingRate_avg_5d
REZ,-847.1239949950412
MELANIA,-268.33381507438014
KAITO,-209.8942384561983
BLAST,-200.6102109123967
BERA,-104.49317856198347
MOVE,-102.37126548099175
USUAL,-96.44105461487604
REQ,-93.40332697190082
SEI,-58.841654826446295
DYM,-50.82922091900826
IP,-48.74990098512397
USTC,-37.88068700826446
ALT,-34.389520770247934
ADA,-32.48161883305785
XLM,-30.40455622809916
COMP,-29.44280741157025
TNSR,-28.82109645619834
TIA,-28.53130407272727
XRP,-25.96348165289256
RDNT,-25.54045111735537
CELO,-24.992950393388433
SUI,-23.715530271074385
LAYER,-21.993777609917355
ATOM,-21.650325520661156
ORBS,-21.131925371900824
PNUT,-20.414372776859505
APE,-18.734041160330577
STG,-18.257559421487606
ARK,-18.173616902479342
VIRTUAL,-17.774548948760334
BLUR,-15.88221374876033
MNT,-14.829220482644628
FET,-14.065365857851242
ANIME,-13.095393500826447
W,-13.030815649586776
ONDO,-12.9694290446281
IMX,-12.406680852892562
BIGTIME,-11.871493358677686
kSHIB,-10.604507771900828
kBONK,-9.84446845289256
BRETT,-9.533411712396694
SAND,-9.392966469421488
OMNI,-9.152139590082644
APT,-9.093704598347108
ME,-8.956182733884297
TRUMP,-7.699304449586776
SOL,-7.174793295867768
EIGEN,-6.999315292561983
MAV,-6.7565858280991735
UMA,-6.318654604958673
IO,-5.67750079338843
JUP,-5.547364839669421
MANTA,-5.4181208132231395
PENGU,-5.34207387768595
POL,-5.307546446280992
ETHFI,-4.728068826446281
BCH,-4.501982638016528
BNB,-4.333856519008264
BSV,-4.252849685950413
DOT,-4.1883941851239666
ZETA,-3.359095120661157
kLUNC,-3.15093507768595
TON,-3.0255497950413224
HBAR,-2.9286135173553713
PIXEL,-2.7809836264462806
MERL,-2.601024991735537
ENA,-2.570378023140495
ETH,-2.4454640429752064
CFX,-2.179841295867768
TRX,-2.0675018975206614
CYBER,-1.921713778512396
S,-1.3934966380165286
GALA,-1.389026866115702
TURBO,-1.0704068429752072
YGG,-0.9365967570247925
AVAX,-0.5981349719008257
STRK,-0.08567497190082606
