coin,fundingRate_avg_5d
SUPER,-533.97957145
BLUR,-427.08520497999996
REZ,-301.6497415199999
TNSR,-201.44313281
BLAST,-144.94518577
ALT,-139.53693332
FTT,-119.78562481000003
SOPH,-79.37533309000003
DYM,-77.64524258
NIL,-63.731063710000015
MINA,-62.685810289999985
BERA,-61.61903428
AXS,-59.847950620000006
STABLE,-59.084080809999996
POL,-55.093036489999996
TURBO,-53.33357151
JTO,-53.15556101
TRUMP,-48.35941794
APT,-39.598145550000005
MOODENG,-34.049875449999995
0G,-32.13610599
DASH,-31.35206774
AVNT,-30.853463870000002
EIGEN,-29.706723659999994
BSV,-29.508003060000004
ZETA,-28.677776250000004
ANIME,-25.171776780000002
ZEC,-24.32472639
STRK,-24.14872047
COMP,-23.648891659999997
MOVE,-23.322150960000002
LAYER,-22.096818950000003
IMX,-21.61619863
W,-20.166670479999997
POLYX,-19.5414284
ME,-19.401510760000008
2Z,-15.54591502
NEO,-15.236699430000002
XAI,-15.019409090000002
BANANA,-14.17231709
kLUNC,-14.071851569999998
GAS,-14.00485217
MERL,-12.76840299
S,-12.124116669999998
HYPER,-11.281201
PROVE,-11.129935510000001
WLFI,-11.09961058
OP,-10.96506428
FET,-10.275735500000005
ICP,-9.65394267
SEI,-9.31242969
AIXBT,-8.831014399999999
KAS,-7.62398422
IO,-7.373214619999999
TIA,-6.938063080000001
HBAR,-4.18750046
ARK,-4.04096683
kNEIRO,-3.1759591699999996
INIT,-2.73593853
ZORA,-2.679587639999998
DOT,-2.51537122
AERO,-1.8635126099999977
INJ,-1.8158720799999992
ARB,-1.4858587899999998
BRETT,-1.1469219799999995
MEW,-0.6975624499999992
JUP,-0.47604321999999916
ADA,-0.17407579999999984
APE,-0.15804718999999884
VVV,-0.14549702999999883
