coin,fundingRate_avg_5d
XAI,-339.86282667999996
BABY,-299.76225352
BLAST,-190.59428233999998
BANANA,-178.93170451999995
ICP,-172.46638068
DYM,-129.76452479
0G,-127.9851476
WIF,-124.86745995000003
UMA,-120.31500328999999
AVNT,-102.54531336
ACE,-92.47669346
AXS,-86.93935949
SOPH,-74.08840518000001
COMP,-70.67296732
POLYX,-64.60002943
SEI,-63.02681519
ZORA,-62.28733468000001
TRUMP,-53.56344267000001
2Z,-51.46808279
ATOM,-50.43329026999999
LAYER,-48.71692376
kPEPE,-46.38803176999999
VIRTUAL,-44.0714797
APE,-43.83620945999999
FTT,-43.056067219999996
VVV,-42.63478713999998
BSV,-40.57368178
POL,-39.12270969
ZRO,-37.068937180000006
EIGEN,-36.813205769999996
IP,-35.95297231000001
MOODENG,-35.705581880000004
SCR,-35.318036559999996
JTO,-33.71757287999999
HYPER,-33.34010813
ALT,-30.547233249999998
DOT,-28.13623451
KAS,-27.715687350000003
MEME,-24.523299530000003
ZETA,-24.48485335
FET,-23.832921010000007
PROVE,-23.479125780000004
BIGTIME,-23.381681730000007
kLUNC,-21.83779889
NEO,-21.66879805
GRASS,-21.247158080000002
ANIME,-19.00970808
kSHIB,-18.602828710000004
INJ,-18.599601380000006
kNEIRO,-17.52851107
MORPHO,-17.20121265
TAO,-17.144151470000004
ARK,-16.66569341
MON,-16.236458520000003
FIL,-14.32304384
CELO,-13.414512850000001
BIO,-13.040560860000001
REZ,-12.938538980000002
MET,-12.665377360000003
PYTH,-12.54215117
kFLOKI,-12.49809056
MOVE,-11.68726715
APT,-11.664713800000001
MINA,-11.588736860000001
XRP,-10.929022719999999
ENA,-10.732230779999998
S,-10.367170919999998
IMX,-10.20011699
SKR,-10.000484620000007
SOL,-9.890680940000001
W,-9.79140313
XLM,-9.325261629999998
ZEN,-8.797772389999999
STABLE,-8.768523479999997
KAITO,-8.721282259999999
AZTEC,-8.473662609999998
SAND,-8.172912830000001
kBONK,-8.094218829999997
IO,-7.52481956
RENDER,-7.235136579999998
INIT,-7.222766
BRETT,-7.18289632
HBAR,-7.01093825
DOGE,-6.854782489999999
LTC,-6.638407570000001
YGG,-6.5628226399999985
BLUR,-6.50753609
OP,-6.181537069999999
MANTA,-6.13937884
MEW,-5.9495876
MERL,-5.9113502
GOAT,-5.756297469999999
AERO,-5.142941250000001
BCH,-4.93264723
ARB,-4.90779073
SUI,-4.868237139999999
WCT,-4.77022515
GAS,-4.24406451
SPX,-3.7045288099999993
PNUT,-3.650837309999999
ADA,-3.5937600699999983
SUSHI,-3.58399486
BTC,-3.5202717
STX,-3.4638864999999988
SKY,-3.243125009999999
PENGU,-2.57924549
NEAR,-1.9472968999999993
CRV,-1.81603268
ETC,-1.653157999999999
ETH,-1.50460665
UNI,-1.38285214
TIA,-1.06808928
TURBO,-0.9765450899999991
ZEC,-0.5950872399999999
SNX,-0.3140043899999989
