coin,fundingRate_avg_5d
DOOD,-475.6317292561984
0G,-243.76841204628104
REZ,-71.00654664793389
BLAST,-52.87380491900826
CELO,-36.29302243636362
APT,-28.774532350413224
KAITO,-28.519662684297522
BIO,-17.184484036363642
MAV,-7.9624418181818175
2Z,-2.5343128859504147
ME,-1.1498535272727264
SUPER,-0.42765378842975094
