coin,fundingRate_avg_5d
ALT,-306.2996912727273
CHIP,-94.55702403966943
IO,-79.90893067438016
SUPER,-77.65139759008264
SAGA,-57.38731745454545
TRUMP,-36.698470710743806
ME,-36.20411929586776
0G,-35.92642367603305
ZORA,-33.28920685289256
BCH,-29.2140932231405
BLAST,-27.54961286280992
ETC,-25.154683160330585
COMP,-24.049254416528928
TON,-23.8947120892562
FOGO,-23.600557804958683
MEGA,-23.29108727603306
MINA,-22.522530485950416
JUP,-19.1653169553719
VVV,-16.647257127272727
STABLE,-15.505361444628097
OP,-14.350855705785126
GMT,-14.325260578512397
SUSHI,-14.148469299173554
HYPER,-13.80409921983471
SAND,-13.646983190082647
HEMI,-13.393698287603303
STX,-12.908880069421487
BLUR,-12.704883560330579
DASH,-12.562225874380164
kSHIB,-12.400400439669422
AIXBT,-11.7355968
SEI,-11.163155414876034
TRX,-11.007383067768595
TST,-11.000805104132233
STRK,-10.701798069421487
ADA,-10.503864783471073
MON,-9.93720282644628
kLUNC,-9.87764134214876
BSV,-9.396042604958678
MOVE,-8.975936895867768
INJ,-8.812204532231407
CRV,-8.737636661157024
PENGU,-8.358715983471074
SNX,-6.701719269421486
TURBO,-6.684670571900826
S,-6.346467966942147
2Z,-6.289176119008264
kNEIRO,-5.879613540495868
MOODENG,-5.861776442975206
PROVE,-5.4511764198347095
PENDLE,-4.835714747107437
BABY,-3.997012076033057
PURR,-3.7921909685950443
MERL,-3.672809543801652
W,-3.271031057851239
NOT,-2.9671090115702468
APT,-2.3758582413223137
INIT,-2.249657047933884
SPX,-1.949195563636363
JTO,-1.8736061752066098
ZETA,-1.3280369950413218
XRP,-1.3150649553719007
ONDO,-1.2071388595041315
KAITO,-0.8566802181818177
ZEC,-0.1865908958677682
