coin,fundingRate_avg_5d
MOVE,-161.25674999008262
BSV,-116.0042051603306
IP,-93.45115874380166
BLAST,-73.51944676363635
RESOLV,-69.08583049586777
MAV,-65.85043598677686
ZRO,-64.32961528264461
PENGU,-64.02999432396696
MERL,-59.84279178842974
IO,-44.212949295867766
KAITO,-44.00991855867769
SPX,-34.91201495206611
SOPH,-32.898347960330575
BIO,-27.27328409256198
GRASS,-26.970050538842976
ARK,-25.072551282644632
SEI,-24.674743755371903
VVV,-24.52007111404959
BERA,-24.222308578512393
W,-20.22094690909091
OGN,-19.124081970247932
HYPER,-15.778614079338848
LAYER,-13.498620644628097
DYM,-12.823930512396695
MNT,-12.068878601652893
XLM,-11.955140499173552
MOODENG,-11.321034505785123
kSHIB,-10.741624214876033
USUAL,-10.51721256198347
kFLOKI,-10.286021682644629
NXPC,-8.92961676694215
GMX,-8.91177387768595
BCH,-8.144604932231404
GAS,-7.909230247933883
MEW,-7.661503963636363
CELO,-6.590389804958676
TNSR,-6.475728644628098
BABY,-6.158290859504131
APT,-5.845002852892561
MEME,-5.750061828099172
IMX,-5.668179719008263
OMNI,-5.4285046710743785
DYDX,-5.270412733884298
BLUR,-5.0343517289256186
ACE,-4.855728089256197
GMT,-4.4820568958677685
TURBO,-3.850381983471074
OP,-3.6960351272727254
ZETA,-3.5506068198347083
ETHFI,-3.479637064462809
XAI,-3.291434618181818
FET,-3.206954915702479
SAND,-3.0800087603305784
ONDO,-3.037429368595041
APE,-2.518058380165289
ANIME,-2.405606042975206
EIGEN,-1.9087011966942145
ETC,-1.8277189785123966
PROMPT,-1.4384643966942146
ATOM,-0.8693525355371896
ENA,-0.6247574082644621
PNUT,-0.6142215173553716
TRUMP,-0.4777110347107432
INJ,-0.2767769057851232
DOT,-0.08005626446280982
