coin,fundingRate_avg_5d
BLAST,-86.23540516
BERA,-25.84736331
MOVE,-25.12678615
ZRO,-23.99623734
REZ,-19.92289574
LAYER,-19.822265240000004
IO,-17.461586860000004
BABY,-13.98501369
NEIROETH,-11.319348610000002
SOL,-2.9993371299999994
BANANA,-2.3421838299999993
BIO,-2.08373244
BNB,-1.3724226299999993
TRUMP,-0.10629603000000004
