coin,fundingRate_avg_5d
BLAST,-115.15712040000001
SOPH,-53.26166441652892
ARK,-50.18388330247934
BERA,-25.44005065785124
UMA,-23.124020320661153
FTT,-12.366846019834707
ZRO,-11.542521332231406
HYPER,-11.165565500826444
REQ,-2.8936965917355355
