coin,fundingRate_avg_5d
ANIME,-715.82014274
MOVE,-533.02432557
MELANIA,-395.25487044000005
ARK,-209.62113009
BABY,-155.08554204000004
IP,-142.75959716
OM,-137.96200066
REZ,-127.55201451
BIO,-107.70667032000001
BLAST,-106.83433711000002
GMX,-93.85407133
DYM,-89.73333229
ME,-86.06695984999999
BERA,-81.43141751
GAS,-73.59336225000001
USUAL,-69.15870277
VIRTUAL,-49.23086201
IMX,-49.118172640000004
OMNI,-46.428708830000005
LAYER,-40.20143434
XLM,-39.89091278
MORPHO,-38.34670217
PYTH,-26.621347999999998
ONDO,-26.434062849999993
SEI,-24.87032547
BIGTIME,-23.308742319999997
kFLOKI,-22.98280024
REQ,-21.38038454
ZRO,-20.892722639999995
PROMPT,-19.915023420000004
kSHIB,-18.88319835
ADA,-18.63458517
AVAX,-17.969029570000004
TRUMP,-17.26192821
VVV,-17.22126794
BANANA,-16.43209122
SPX,-15.072046470000002
APT,-15.05255328
ETHFI,-15.038454790000001
UNI,-14.6453768
INJ,-14.0401557
RENDER,-13.336209399999998
FET,-13.040481290000002
SCR,-12.08933509
ARB,-11.0617265
POL,-11.052191239999999
STRK,-10.373983280000003
MANTA,-10.237981360000001
DOT,-9.394086030000002
BCH,-9.35661732
XAI,-7.9237266
BNB,-7.773641519999998
ZETA,-7.496601410000002
EIGEN,-7.47721261
OP,-7.14507502
S,-7.138257550000001
NEO,-7.036375830000001
ATOM,-6.581523779999999
KAITO,-5.32879341
BSV,-4.832873019999999
POLYX,-4.596980089999998
XRP,-4.36343995
ETC,-3.8514559100000003
CFX,-3.8368508
BLUR,-3.613021849999999
CELO,-3.5991613399999993
GMT,-3.135902609999999
MEW,-3.0769791999999994
TIA,-3.05685602
ACE,-2.6108004699999996
PNUT,-2.5844708299999994
ETH,-2.4304408299999998
DOGE,-2.17188724
SAND,-1.3549763600000002
TAO,-0.9369652199999993
SUPER,-0.42147133999999886
W,-0.3233359799999995
