coin,fundingRate_avg_5d
HYPER,-2286.5880235239665
SOPH,-114.97683380826447
BLAST,-111.70745484297522
ARK,-109.70573402975207
MOVE,-82.65282547438017
GMX,-81.7084308694215
RESOLV,-72.7785831570248
ZRO,-14.108699623140497
GAS,-11.927796267768596
OMNI,-11.568497266115703
CELO,-9.292765824793388
IO,-7.91393530909091
BSV,-7.306015923966939
BABY,-7.296310423140501
IP,-3.2800994677685935
BCH,-2.494794426446281
W,-0.17706928264462757
