coin,fundingRate_avg_5d
ME,-599.5842663
OMNI,-434.18156418
BIO,-123.29842277
BLAST,-60.87241510000001
KAITO,-60.61930147
ENA,-39.48180034
YZY,-37.41705009000001
OM,-34.256280030000006
BERA,-33.33266431999999
kLUNC,-24.28289009
RESOLV,-19.891715249999997
SUPER,-18.070101719999997
MAV,-17.820194979999997
MERL,-14.69688852
ZORA,-9.937382690000002
MEW,-7.917134699999997
ZETA,-5.950073049999998
REZ,-3.422622519999997
TRUMP,-3.3211561699999987
PYTH,-2.6190983799999996
kFLOKI,-1.9624881999999977
