coin,fundingRate_avg_5d
POLYX,-480.00782490247923
ANIME,-448.4332939338843
BLAST,-236.71958103471079
REZ,-236.58637328925622
RESOLV,-176.95410891570253
YZY,-167.54905219834714
DOOD,-151.87602507768594
TRUMP,-144.0026688396694
AXS,-139.97291970247937
STABLE,-136.42878152727272
ME,-124.19182676033058
VVV,-117.44388220165293
TURBO,-84.32101399338843
NEO,-77.03131556033057
GAS,-70.00778574545454
XAI,-62.75544183471073
BANANA,-62.46142872396695
ZETA,-59.566590436363654
HYPER,-57.21707807603306
MOODENG,-49.21911047603306
STRK,-44.58749576528926
DOT,-43.24848053553718
SOPH,-39.31685787768595
LAYER,-33.686147067768594
POL,-33.29460475041322
TAO,-32.699068819834714
ZORA,-31.710699014876038
YGG,-29.709828138842973
JTO,-28.09699775206612
2Z,-27.495617960330577
0G,-27.32426077685951
MERL,-27.001511970247932
MORPHO,-26.16887541818182
BLUR,-25.819407887603308
ALT,-24.24992719338843
WIF,-22.98047432727273
EIGEN,-21.72327677355372
GRASS,-20.5479265785124
kLUNC,-18.288558961983476
USUAL,-16.736053120661158
kNEIRO,-15.48105570247934
MANTA,-15.091272624793389
ZRO,-14.859157239669424
SKY,-14.251776485950414
ICP,-13.226076049586776
MEW,-12.456148790082647
APT,-12.14209772231405
OP,-12.117425652892562
TIA,-10.251043219834711
S,-9.976855219834711
MEME,-8.675912687603306
kSHIB,-8.18733201322314
FET,-7.936512218181818
COMP,-7.637791150413223
UMA,-7.019267097520661
DYM,-6.728396003305784
PNUT,-6.717737038016528
INIT,-6.483531560330578
kPEPE,-6.356056909090907
MELANIA,-6.314659755371897
SOL,-6.305732519008265
PYTH,-5.670334244628099
ATOM,-5.221335738842973
AIXBT,-4.06488614876033
BRETT,-3.989046991735536
KAITO,-3.6622997157024786
RENDER,-2.4429866280991734
HBAR,-2.394561927272726
kBONK,-2.3717960628099157
NXPC,-2.212037553719007
MON,-1.562786895867768
SUI,-1.0427476859504126
BCH,-0.5159220099173553
AVNT,-0.24362066776859478
SEI,-0.08092140495867772
