coin,fundingRate_avg_5d
WCT,-248.48824926
BLAST,-109.74469235
MOVE,-46.30870997
BERA,-46.04384407
LAYER,-42.294569179999996
ZRO,-34.028296649999994
BABY,-32.57999563
IO,-32.02873613
BIO,-25.764229450000002
XAI,-13.96325239
USUAL,-11.56804355
SEI,-9.36196749
NEIROETH,-8.47621542
TRUMP,-8.295388580000001
REZ,-6.8442756
OMNI,-4.2336145599999995
JTO,-3.98945292
YGG,-3.451284509999999
ME,-2.8173254999999986
CELO,-1.7145269099999996
KAITO,-1.2817391099999988
ETHFI,-0.16032478999999994
