coin,fundingRate_avg_5d
0G,-302.6732959735537
BIO,-57.18398192727272
REZ,-56.85222914380166
SUPER,-54.42412076033058
BLAST,-36.94953448264463
CELO,-35.4691111338843
KAITO,-27.9769734446281
ME,-27.24114647603306
APT,-16.44745600661157
BSV,-15.242919808264462
MAV,-7.3063026148760315
PAXG,-3.3650041388429743
GMX,-2.8506726842975203
