coin,fundingRate_avg_5d
DOOD,-461.79390835000004
0G,-282.2315269
REZ,-69.39437305
BLAST,-53.62935948
CELO,-39.52020053
BIO,-30.66495451
KAITO,-30.366853170000002
APT,-23.88517514
2Z,-10.374312510000003
SUPER,-9.697283500000001
MAV,-8.334789599999999
ME,-2.916476289999999
GMX,-1.2559963899999997
