coin,fundingRate_avg_5d
SOPH,-581.11522469
HYPER,-477.91445893
ZORA,-149.69542936
BLAST,-127.52929764
SYRUP,-117.10919661
SUPER,-106.75675344000001
MOVE,-95.93859071
MERL,-74.85747624000003
BERA,-68.13336521
GRASS,-45.92172383
ZRO,-29.345138600000002
OM,-22.088640759999997
REQ,-19.369367399999998
NXPC,-18.444188030000003
GMT,-13.69343417
OMNI,-11.91675141
USUAL,-11.464365300000004
REZ,-5.60913531
BABY,-4.440747679999999
