coin,fundingRate_avg_5d
MELANIA,-349.17288689256196
BANANA,-255.18070910082648
MOVE,-138.25153698842973
IP,-135.5183445917355
BLAST,-123.92080756363634
ZRO,-110.63315667768593
LAYER,-110.3999061123967
BERA,-104.99212354710744
REZ,-103.12018249586778
USUAL,-96.6459676661157
JELLY,-62.61354503801654
REQ,-50.0094058214876
MAVIA,-45.42078388760331
MNT,-44.4792279570248
SEI,-36.15378694214876
MAV,-30.373378591735538
KAITO,-29.676257067768596
IO,-28.431477719008264
ATOM,-27.870904323966943
TRX,-26.617530763636363
ARK,-25.003889533884298
TIA,-24.660871824793393
GRASS,-21.783341414876034
COMP,-20.627906102479344
IMX,-19.75249903140496
VINE,-19.415294052892563
ZETA,-15.13108067107438
MERL,-14.755151424793391
XLM,-14.435854492561983
EIGEN,-14.215654155371901
RDNT,-13.569953107438018
CELO,-12.924949239669424
W,-12.838237547107438
VIRTUAL,-12.463785917355372
FXS,-12.194918350413223
KAS,-11.675194066115703
BADGER,-11.351389715702476
ADA,-10.821280849586778
ALT,-9.763344337190084
TNSR,-9.622424171900825
MANTA,-9.620111821487603
SPX,-9.529951150413222
DYM,-9.293545537190083
XRP,-8.836217791735537
STRK,-8.115739646280991
STG,-7.899615966942146
APT,-7.852713044628101
BNB,-7.088397252892562
PIXEL,-6.817832707438017
ORBS,-6.4516031702479335
ENA,-6.235187008264462
SOL,-6.1303898975206605
OMNI,-6.0320274049586775
BLUR,-5.959056604958677
JTO,-5.764875639669421
APE,-4.717058737190083
PNUT,-4.619818393388429
TAO,-4.137431256198347
USTC,-3.544511742148758
TRUMP,-3.3073329322314047
CFX,-2.8238460892561985
ETHFI,-2.626399309090909
ETC,-2.4606173950413224
PYTH,-2.402734790082645
LDO,-2.3443490280991734
TON,-2.3327322545454545
BRETT,-2.2855078909090905
XAI,-1.947949616528925
OM,-1.7076924991735534
POL,-1.2686615702479338
SAND,-0.8866473818181814
NOT,-0.8573549553719008
HMSTR,-0.841592023140495
TURBO,-0.5374440991735536
UMA,-0.060043646280992985
