coin,fundingRate_avg_5d
BABY,-622.0397080363637
STABLE,-209.5027410247934
TRX,-66.75431016198347
SNX,-54.89931383801653
BSV,-54.562142885950415
SEI,-51.125083041322306
NIL,-47.6837322446281
TRUMP,-45.527390915702476
UMA,-43.446439884297526
AVNT,-42.74899257520661
MEME,-41.64279280661155
ZK,-41.64217309090908
AIXBT,-38.18611490578513
GMT,-34.204119352066115
ZORA,-33.05919821157025
JTO,-32.12618436694215
kLUNC,-30.3226799107438
S,-28.22309541818182
STX,-26.69238749752066
ZEC,-26.446910578512394
kNEIRO,-25.87919307768595
ME,-25.04122812892562
VIRTUAL,-23.73061919008265
MERL,-22.433603454545455
STRK,-21.05526523636364
MON,-20.46084928264463
IO,-20.331408337190076
MOODENG,-19.407518647933887
SAGA,-19.371082839669423
ALT,-18.498122776859503
W,-17.622271190082643
POPCAT,-17.61560562644628
CAKE,-16.74777631735537
ADA,-14.1312077553719
SOL,-13.426021239669419
TON,-12.176201633057852
HYPER,-10.80757977520661
AERO,-10.413214710743802
WIF,-10.228409841322312
MORPHO,-10.215058442975204
SUSHI,-9.922042958677686
COMP,-9.906533414876034
ICP,-9.072412730578513
ZEN,-8.579693137190082
APT,-8.43073187107438
TURBO,-8.376773166942147
JUP,-8.042617537190083
2Z,-7.425954803305785
ATOM,-6.814916568595041
BIO,-6.603925090909089
CHIP,-6.460167699173552
PUMP,-6.2649478413223125
ETC,-4.983266449586775
DASH,-4.751376218181815
OP,-4.6209723966942144
kSHIB,-4.595320799999999
PENGU,-4.440244909090908
XRP,-4.384689857851241
WLD,-4.205564509090908
XLM,-4.194492882644628
FIL,-3.796872138842974
YGG,-3.606228476033058
MOVE,-3.4797999570247917
INJ,-3.3484071966942155
kFLOKI,-2.8920980727272725
AVAX,-2.885798836363636
IP,-2.879180330578512
kBONK,-2.401215183471074
CRV,-2.302749887603305
MEGA,-2.0852738380165285
INIT,-2.0353874479338834
DOGE,-1.7255563834710745
TIA,-1.343513236363636
PROVE,-1.0657973454545442
AXS,-0.6183589884297519
ORDI,-0.579976433057851
DOT,-0.3435360694214873
PENDLE,-0.23242669090909066
