coin,fundingRate_avg_5d
SOPH,-468.19130814545457
HYPER,-188.6098688132232
BLAST,-72.56510919669422
MERL,-69.42184310082644
BERA,-39.51811417190083
UMA,-36.46764543471074
ARK,-32.34794702479337
SUPER,-19.736058466115704
ZRO,-17.46741393719008
RESOLV,-8.768032413223143
REQ,-6.729374806611568
GRASS,-5.729302799999998
GAS,-4.678333745454543
BABY,-1.196484961983468
NXPC,-0.6855518082644632
