coin,fundingRate_avg_5d
ZORA,-206.15035239
REZ,-178.54654994999999
BLAST,-107.04944474999999
BSV,-59.400172999999995
GMX,-56.17198160000001
GAS,-40.90946717999999
TAO,-38.948028719999996
COMP,-37.34418733
BIO,-34.12706492
MOVE,-28.02074705
BERA,-27.448451139999996
CELO,-26.6618265
SPX,-24.63865194
VVV,-23.642266179999996
ME,-22.38916059
WCT,-18.173742739999998
MELANIA,-16.92963148
AIXBT,-15.119835920000002
IP,-13.692688109999999
BNB,-13.24527549
ETC,-12.474431260000001
NEO,-11.45039894
LAYER,-10.925056629999998
PYTH,-10.66059223
VIRTUAL,-10.322819040000002
ARB,-9.799192229999997
ZRO,-9.067171590000001
TNSR,-8.243806780000002
ZETA,-7.99180056
POLYX,-7.3348253800000025
AVAX,-7.19106502
SUI,-7.034785890000001
BLUR,-6.932400469999999
CFX,-5.94368847
PENGU,-5.718041089999999
SEI,-5.62594575
INJ,-5.4949443299999965
IMX,-5.00974326
APT,-4.346820769999999
FTT,-4.33469328
RENDER,-4.246309989999999
SAND,-4.196814529999999
IO,-4.05537119
ATOM,-3.7863822499999986
POL,-3.4303926399999995
MEME,-2.8277133999999995
DYM,-2.39292394
ENA,-2.24042694
KAITO,-2.0657744399999998
TURBO,-1.8886720600000004
TON,-1.7212706499999997
ETH,-1.04083619
FET,-0.7724859999999997
ACE,-0.7495333399999997
kSHIB,-0.6343970099999995
