coin,fundingRate_avg_5d
POLYX,-416.4088308799999
AVNT,-208.92332528
0G,-155.74702789
REZ,-119.43758636000001
IP,-115.99571155000002
kLUNC,-109.86591323
RESOLV,-100.0417039
KAITO,-92.1947149
BLAST,-80.09887624000001
GAS,-60.04621935
ZORA,-55.29503697999999
ANIME,-49.51747315
USTC,-48.381163910000005
SOPH,-45.005645369999996
MANTA,-34.88237694
kNEIRO,-25.880603129999997
PROVE,-25.323218930000003
USUAL,-24.295941029999998
WCT,-23.449131540000003
TNSR,-22.743458060000002
CELO,-21.496064720000007
SUPER,-21.04162512
ZETA,-20.929178109999995
TST,-20.446778780000006
UMA,-19.472827380000002
XAI,-18.87888186
ZEC,-17.584048010000004
DOOD,-17.032888519999997
VVV,-16.88168435000001
TRUMP,-15.849239510000006
HYPER,-15.670918760000001
IMX,-15.339197270000009
MEME,-14.685062519999999
NEO,-14.221148250000006
DYM,-14.203898350000003
LAYER,-13.19659106
MERL,-12.51241389
ATOM,-12.160090339999998
MINA,-11.8080201
MELANIA,-11.5324451
TURBO,-9.69370723
ACE,-9.423745199999999
SCR,-8.944879069999999
XLM,-7.927662759999999
MOODENG,-6.34664847
BSV,-3.31056825
FTT,-2.559091649999997
FET,-2.5123614299999977
ETC,-2.1601262099999983
DOT,-2.00079787
BLUR,-0.9224703399999985
ADA,-0.7201055799999999
NXPC,-0.13193946999999903
