coin,fundingRate_avg_5d
WCT,-777.0681740429751
SOPH,-536.0738288429751
BLAST,-117.70134149752064
MOVE,-81.18965932561983
BERA,-57.608524829752064
BABY,-47.602716723966935
ZRO,-44.99270875041322
LAYER,-42.87672785454545
IO,-35.64356472396694
BIO,-28.40519337520661
XAI,-23.682471768595043
USUAL,-20.889384138842978
SEI,-20.05877759008265
MORPHO,-19.676636707438018
KAITO,-17.141123484297523
TRUMP,-14.203576938842975
OMNI,-11.058031795041321
AIXBT,-8.66569534214876
JTO,-8.529371642975207
REQ,-6.73027469752066
ME,-6.71747134214876
BLUR,-5.738458085950413
YGG,-5.173265057851238
ETHFI,-5.104035719008264
CELO,-4.970447890909091
DYM,-4.661857705785123
PYTH,-4.615120571900826
GMX,-4.124456320661157
IP,-1.4357958545454539
XLM,-1.4198917487603304
REZ,-1.2456495570247919
MANTA,-1.1458572297520653
WIF,-1.109985391735537
NEIROETH,-0.32106703140495657
