coin,fundingRate_avg_5d
KAITO,-113.5476289487603
BLAST,-74.39037537520662
POLYX,-28.411999388429745
BERA,-25.662186882644626
LAYER,-19.063949276033068
ZRO,-16.811961778512394
IO,-15.322753814876034
BCH,-10.392337676033058
GMX,-9.44369483305785
WCT,-8.859947256198344
TRUMP,-5.963588638016529
MOVE,-2.3592555074380166
PAXG,-1.9740710677685946
REZ,-0.579988740495867
MERL,-0.3174551603305766
