coin,fundingRate_avg_5d
KAITO,-396.75165117024795
0G,-348.3340850380165
SUPER,-332.96652852892566
PROVE,-83.30921879008264
BERA,-61.0520779338843
ME,-52.09756104793388
BIO,-51.25257723966942
OM,-34.17224453553719
REZ,-29.78666781818182
BLAST,-27.55857557355372
YZY,-18.86695135537191
RESOLV,-18.81154471735537
MEW,-17.47659456198347
MAV,-16.66944743801653
TURBO,-12.391077917355371
kFLOKI,-11.015992482644629
IP,-8.581660879338845
ZORA,-7.965515057851246
MEME,-7.236568671074379
BSV,-6.964325970247934
TIA,-4.477238895867768
STRK,-4.313096042975205
kLUNC,-4.1438079570247925
kSHIB,-4.13019520661157
ENA,-3.9286963834710744
USUAL,-2.9969842314049573
HYPER,-2.429656224793388
RUNE,-1.573883861157024
TRUMP,-1.2831800033057847
BABY,-0.9007929719008259
