coin,fundingRate_avg_5d
OMNI,-624.9922631404959
KAITO,-169.49293963636364
BIO,-97.33408014545455
BLAST,-72.12241789090909
PROVE,-55.8076085553719
ME,-35.29823756033058
ZORA,-29.896562380165282
BERA,-28.26412262479339
MAV,-24.40302086280992
ARK,-14.467426690909088
PYTH,-5.611278089256198
