coin,fundingRate_avg_5d
SUPER,-416.06139979
0G,-413.39448348999997
KAITO,-376.9400062899999
PROVE,-83.65109055
ME,-62.67054234
BIO,-52.334379629999994
REZ,-46.64867681
BSV,-39.57458042
BLAST,-28.74787742
OM,-19.62357749
BERA,-12.16280886
MAV,-11.772850160000003
BABY,-9.57269221
TURBO,-8.46673856
RESOLV,-7.361345549999999
ZETA,-7.208502529999998
MEW,-7.111344639999997
kFLOKI,-6.28906753
TRUMP,-4.659046149999999
TIA,-3.677377919999999
HYPER,-3.5401999699999993
