coin,fundingRate_avg_5d
BLAST,-150.52290045619833
NXPC,-104.52825693223143
ZRO,-24.42056547768595
BERA,-19.658050304132235
KAITO,-16.536501044628103
OMNI,-16.056152598347108
IO,-14.29463822479339
BIO,-12.189399550413226
XAI,-7.299092628099174
BABY,-6.306329791735537
REZ,-5.628986320661156
STG,-4.366010786776858
PROMPT,-1.0544050016528925
