coin,fundingRate_avg_5d
DOOD,-514.40050863
0G,-184.71248181
REZ,-94.08606314000001
KAITO,-59.911312429999995
BLAST,-41.95703542999999
CELO,-34.14864809999999
APT,-29.42521303
MEME,-0.4788799999999988
