coin,fundingRate_avg_5d
XAI,-352.0138975140496
TURBO,-225.9941121421488
RESOLV,-197.85698200661156
ICP,-168.5099518016529
REZ,-144.58775430743802
YZY,-141.65019328264464
AXS,-139.02166840661155
TRUMP,-137.5962817487603
DOOD,-134.2811292495868
BLAST,-114.20187353057851
VVV,-89.25126941157025
AVNT,-86.13525922314051
WIF,-78.2029728
DYM,-75.63691975537189
NEO,-71.93267049917355
POLYX,-69.16963039338843
COMP,-63.790367781818176
SOPH,-54.46041249917355
0G,-53.62355377190083
MOODENG,-51.58862242314049
STABLE,-49.29922031404958
DOT,-48.68910441322313
ACE,-47.02656935206612
GRASS,-37.475668770247935
UMA,-37.11747237024794
ZETA,-34.71236152066116
POL,-33.26906681652892
YGG,-32.78359702809917
ZORA,-32.297553857851234
ALT,-27.940316102479336
2Z,-27.917322188429754
TAO,-27.20107997355372
MEME,-26.82294262809918
ZRO,-26.66182740495868
GAS,-26.27864835371901
BANANA,-25.4667867570248
STRK,-25.30615803966942
kLUNC,-23.735099821487605
BLUR,-22.9071972892562
ANIME,-21.4319857785124
JTO,-20.410090512396696
ARK,-19.445227914049582
LAYER,-17.904705173553722
HYPER,-17.57999296859504
APT,-16.47299176859504
SEI,-15.940516254545457
kSHIB,-15.85030345785124
ATOM,-15.849640304132233
EIGEN,-14.831020264462808
kPEPE,-14.79037748429752
FTT,-14.628235676033063
FIL,-14.05900798016529
kNEIRO,-13.87398447272727
MERL,-13.832792925619835
S,-12.876915480991736
HBAR,-11.822910833057852
SCR,-11.464227927272727
OP,-11.320754330578511
SUI,-10.38388101818182
KAITO,-10.296409884297521
MORPHO,-9.555431890909091
SOL,-8.26590269752066
BIGTIME,-8.204196823140496
MELANIA,-8.130414456198347
kBONK,-8.057507365289254
W,-7.957901821487602
MEW,-7.955103689256198
RENDER,-7.487705563636362
TIA,-7.179881335537189
SKY,-6.696671771900825
PYTH,-6.686052624793388
BRETT,-6.389543276033056
BABY,-5.998931980165288
CRV,-5.82405269752066
MANTA,-5.6510875834710745
INIT,-5.490500856198347
STX,-5.014784350413223
PROVE,-4.784347844628098
IMX,-4.769961173553718
BCH,-4.300113143801654
USUAL,-3.5836559107437997
KAS,-3.456876267768593
PNUT,-3.393107811570248
BTC,-3.382578436363636
IP,-2.669571629752064
NXPC,-2.4009943735537185
ZEN,-1.905947950413223
HYPE,-1.7218250578512388
XRP,-1.5022256132231404
SNX,-1.4441562247933877
LTC,-1.4156058644628098
AIXBT,-1.2213756694214872
kFLOKI,-1.0436338214876029
SAND,-0.9786954347107432
ARB,-0.9299435008264461
MON,-0.6456518181818178
TNSR,-0.598911064462805
APE,-0.4454814743801648
PUMP,-0.24979465785123972
