coin,fundingRate_avg_5d
MOVE,-365.0820836132232
SOPH,-197.53201568925618
LAYER,-180.23135957355373
STABLE,-178.54166851239674
ME,-79.95315781487604
ZEC,-64.71888796363638
TRX,-54.79001872066116
IO,-51.02088247933885
TRUMP,-47.6581530446281
HMSTR,-46.59245053884297
AVNT,-40.54869342148759
CHIP,-35.58987026776859
kNEIRO,-35.168507752066105
kLUNC,-33.8452648661157
EIGEN,-31.289927256198354
UMA,-30.17244518677686
PROVE,-29.686442558677687
MERL,-29.52691499504132
ZORA,-26.480803090909088
AIXBT,-24.426413682644625
S,-24.139221064462813
ZK,-22.51610817520661
ALT,-22.402446813223143
SNX,-22.311289963636362
SEI,-21.757157702479336
W,-21.72669317355372
JUP,-19.62687701157025
POL,-19.088823332231403
IP,-17.191861983471078
0G,-16.97355409586777
TON,-15.03951116033058
SAGA,-15.037948839669422
WLD,-14.807352337190085
MOODENG,-13.386626578512397
AERO,-13.174252323966947
VIRTUAL,-13.080104042975206
OP,-11.96021912727273
XLM,-11.542001523966942
STRK,-11.275104595041322
APT,-9.999535656198347
MINA,-9.899088138842977
HYPER,-9.79696174214876
ADA,-9.558266221487603
AVAX,-9.557278730578513
PYTH,-8.431349414876033
ETC,-8.389538152066114
BABY,-7.888840442975207
PNUT,-7.333013375206611
INJ,-7.074480436363636
FIL,-6.702480158677685
SAND,-6.586173421487602
SOL,-5.805082591735537
ICP,-5.5157325520661145
SUSHI,-4.908011533884297
BRETT,-4.045506277685949
2Z,-3.4445970644628088
TIA,-3.413942856198347
kSHIB,-3.3487358776859484
MORPHO,-3.279253150413224
POPCAT,-2.8285359471074374
NIL,-2.717229649586775
KAITO,-2.6165678380165294
XRP,-2.2026672495867774
ALGO,-1.8764173388429757
JTO,-1.83794573553719
KAS,-1.382570528925618
ZEN,-1.2686948727272724
ARB,-0.48442872396694203
PENDLE,-0.23445814214876015
BIO,-0.0992153256198341
