coin,fundingRate_avg_5d
OMNI,-405.50093874000004
KAITO,-134.26209567
BIO,-103.50803298
BLAST,-67.89558085
PROVE,-66.91320306
ME,-36.52938323
BERA,-33.54221739
MAV,-31.89868152
ZORA,-15.185249760000003
ARK,-14.797424119999999
PYTH,-6.4848747
