coin,fundingRate_avg_5d
AVNT,-253.7344585
ANIME,-171.56435107
BLAST,-142.41408305
BABY,-123.54337864999998
POLYX,-116.94686943
IP,-105.57563899
0G,-103.22561642000001
ZK,-81.85607238000001
kLUNC,-80.74931135
SOPH,-52.853541029999995
KAITO,-51.86266604
VVV,-42.80294337
ACE,-41.36727792
GAS,-41.02579414
BERA,-39.682372949999994
ZETA,-34.53212513
REZ,-34.10839955
TNSR,-33.88179003
XAI,-25.64364659
MINA,-19.70014719
USTC,-17.757938390000003
WCT,-17.396114620000002
ATOM,-13.906043020000002
SUPER,-12.788224679999999
SCR,-12.688942489999999
PROVE,-12.391566039999999
USUAL,-11.396694299999998
CELO,-11.02558055
BSV,-10.80496725
LAYER,-10.548040829999998
TRUMP,-8.876962059999999
MELANIA,-5.161723419999996
ZORA,-4.881304869999999
ZRO,-4.176386209999999
DOOD,-3.171374769999997
ARK,-2.037106609999998
MEME,-1.9599879499999981
SKY,-1.8946062299999995
2Z,-1.5374938799999998
HYPER,-0.8002143199999996
RESOLV,-0.6270167099999983
