coin,fundingRate_avg_5d
PROVE,-302.21536158
SUPER,-259.16787478
DOOD,-245.10815143
SOPH,-220.02561277
BLAST,-197.09192400999999
BANANA,-189.64994558
REZ,-173.16655288
AXS,-150.13097072000002
0G,-133.90385547
STABLE,-131.96136416000002
GAS,-103.42648614000001
POLYX,-92.21487896
TURBO,-75.61340803
LAYER,-60.55946045
DYM,-58.67997909
MOODENG,-55.945996230000006
2Z,-50.54240702
JTO,-46.95568123
SAND,-44.87931303
IMX,-43.79526011
MEW,-43.54873546
kNEIRO,-41.64184771
XAI,-40.1542267
MEME,-39.077449689999995
MOVE,-38.9175629
TRUMP,-36.58467781
W,-36.200473699999996
APT,-35.53553276
ANIME,-35.3785959
USUAL,-33.868815739999995
IP,-33.41338990999999
BSV,-31.788454440000002
NEO,-30.102012820000002
ALT,-29.465852860000002
kLUNC,-28.37400281
EIGEN,-26.575668980000007
FET,-26.52777587
STRK,-25.677088620000003
NIL,-24.936736489999998
OP,-24.61819661
BLUR,-23.728118560000006
RESOLV,-23.70257221
BIGTIME,-23.655217840000002
MANTA,-23.5904391
SKR,-23.159798960000003
SOL,-22.94923046
UMA,-22.241408590000002
MINA,-21.91249103
AIXBT,-21.109751640000002
YGG,-20.93972223
HYPER,-20.181389470000003
S,-18.345916889999998
ATOM,-17.89002678
INIT,-17.575231799999997
POL,-16.046812550000006
PENGU,-15.585135730000001
BABY,-15.568353029999999
WLD,-15.075173060000003
PYTH,-14.90318579
SEI,-14.87053946
ACE,-14.503821769999998
TIA,-13.82780016
XRP,-13.788353149999999
STX,-13.585133560000003
FIL,-13.4953786
PNUT,-13.192517659999998
GOAT,-13.03805112
ZORA,-12.68993602
BCH,-12.18067853
AERO,-12.01562699
IOTA,-11.68124173
kBONK,-11.33002705
kPEPE,-11.225853129999997
GMT,-11.04316406
DOT,-10.77165954
ADA,-10.718898059999999
ME,-10.640683670000001
CELO,-10.244331630000001
ETC,-9.21172692
RSR,-9.15741346
APE,-8.9234032
ICP,-8.79846954
kFLOKI,-8.77008787
ARB,-8.71738333
USTC,-8.1245861
KAITO,-8.11299735
ENA,-7.73437701
MERL,-7.711202429999999
BERA,-7.495863379999999
JUP,-6.859102629999999
AVNT,-6.349602780000001
MON,-5.753719109999998
CAKE,-5.708097759999999
BRETT,-5.63811485
MET,-5.166672819999999
ARK,-5.006604989999999
kSHIB,-4.977258260000001
FOGO,-4.88652291
ASTER,-4.267308439999999
ALGO,-4.034742119999999
SYRUP,-3.653960249999999
HEMI,-3.2761859799999966
VIRTUAL,-2.9903668899999998
SUI,-2.2203234700000003
INJ,-2.1436742000000004
SCR,-1.7546214299999996
TRX,-1.72821587
SKY,-1.1901795899999994
ORDI,-1.16325354
TAO,-0.3490604499999997
TON,-0.09027325999999992
SUSHI,-0.06878205999999955
