coin,fundingRate_avg_5d
OMNI,-248.16240125950418
MERL,-161.3061411867769
KAITO,-122.354035953719
BIO,-55.353007993388424
BLAST,-49.59526270413222
ZORA,-30.239409957024804
MAV,-25.99322149090909
BERA,-24.357916274380166
ME,-21.008154535537187
PROVE,-12.654783600000005
ENA,-5.9964922115702475
ARK,-5.983615011570247
PYTH,-3.3260322743801645
TRX,-2.3641763107438005
