coin,fundingRate_avg_5d
kBONK,-168.20510861
STABLE,-79.72679524
POLYX,-44.50556836
0G,-41.445882129999994
SUPER,-40.5772836
XAI,-37.23403105999999
MOVE,-33.41519374
kNEIRO,-30.24175234
ZETA,-29.552857180000004
TRX,-28.82960092
MINA,-27.759407780000004
W,-23.677179159999998
TRB,-23.624665150000002
ATOM,-18.60130082
IO,-17.754255540000003
MEME,-16.79013286
ME,-15.06576482
OP,-14.113990819999998
RENDER,-13.89028378
WCT,-13.836741930000002
TRUMP,-13.57452593
MOODENG,-13.064220159999998
VIRTUAL,-12.89802617
MET,-12.878407419999998
S,-12.240142140000001
STRK,-12.142196580000002
UMA,-11.77425176
BCH,-11.70208177
ALT,-10.932282899999999
HYPER,-9.95765844
BSV,-8.698508449999999
SEI,-7.76586775
POPCAT,-7.587421440000001
CELO,-6.963736450000002
AERO,-6.944558619999999
SOPH,-6.1425769699999995
BLUR,-6.020382999999998
MORPHO,-4.63763744
BIGTIME,-4.50328824
SNX,-4.424987709999999
AVNT,-4.19012992
TURBO,-3.751830619999999
SPX,-3.7414660799999986
ZK,-2.2548437099999985
PENGU,-2.1276076299999995
BIO,-1.9420408999999996
KAS,-1.8819465699999995
NOT,-1.5625182799999986
PROVE,-1.4353734499999982
PYTH,-1.3300227699999994
AIXBT,-1.1572412599999997
CRV,-0.918335619999999
SAND,-0.7655984499999998
RSR,-0.6595768999999986
kFLOKI,-0.5876828499999984
ANIME,-0.4079984599999998
STX,-0.20374810999999893
