coin,fundingRate_avg_5d
MOVE,-141.34407472066118
BSV,-133.96483316033058
BLAST,-104.46757112727272
IP,-97.4255099305785
ZRO,-66.9946215768595
RESOLV,-66.49955850247935
MERL,-62.183473199999995
MAV,-59.788553633057845
KAITO,-48.31099457851239
PENGU,-44.193363094214874
IO,-40.157803398347106
GRASS,-34.594169573553714
SOPH,-31.05700175206612
ARK,-25.945945001652895
MOODENG,-25.172741067768595
SPX,-24.310171378512397
BERA,-22.03640623140496
SEI,-21.94432270413223
BIO,-21.831151467768596
VVV,-17.07935534876033
OGN,-16.740265884297518
HYPER,-13.795426819834717
MNT,-12.721786016528927
DYM,-12.254799104132232
XLM,-11.980540879338843
LAYER,-11.490221960330578
OMNI,-11.211286909090907
W,-10.303318700826447
CELO,-9.628520697520662
kSHIB,-8.931019814876032
BCH,-8.455961395041323
TNSR,-8.428420244628098
GMX,-6.311999900826445
GAS,-6.212969186776859
MEME,-5.986333507438016
BABY,-5.9141156330578495
kFLOKI,-5.877788419834709
XAI,-4.769166981818182
DYDX,-3.814979276033057
BLUR,-3.761786528925619
MEW,-3.728682416528924
GMT,-3.553318799999999
FET,-3.47701630413223
TRUMP,-3.354479831404959
IMX,-3.2990507504132225
USUAL,-3.24831949090909
APT,-3.2121949884297516
ACE,-2.517943269421487
NXPC,-2.465231960330578
ONDO,-1.7903673520661156
TURBO,-1.5683158314049583
DOT,-1.3925576528925618
OP,-1.2304520429752057
ENA,-1.1525090380165284
JUP,-1.00286507107438
ZETA,-0.9849244462809915
SAND,-0.8255633950413219
EIGEN,-0.4665901785123963
ANIME,-0.1928220793388428
APE,-0.18351910413223135
