coin,fundingRate_avg_5d
MAVIA,-502.81942947
MOVE,-348.55596087000004
MEW,-150.23639659
BERA,-134.70219222999998
BLAST,-118.54439048
REQ,-89.91537239
ZETA,-70.87967047000001
OM,-62.93237947
USUAL,-46.07934397
VINE,-45.297265769999996
MELANIA,-42.82979934
MNT,-42.37972222
REZ,-35.469499150000004
ARK,-31.718389769999995
POLYX,-31.1029421
BANANA,-30.30816482000001
LAYER,-28.187650600000005
IMX,-28.005936079999994
W,-27.496544269999998
FTT,-26.75579137
XAI,-24.82656854
ZRO,-19.72010685
RDNT,-16.874499690000004
IO,-16.20121339
BNB,-15.76131466
ALT,-15.65931395
IP,-13.06359382
STG,-11.25472536
TURBO,-9.6601484
PYTH,-9.41705256
SUSHI,-9.311680710000001
MANTA,-8.980306699999998
ADA,-8.44669203
DYM,-8.23769522
SUPER,-7.641390340000002
kFLOKI,-6.235350479999999
MORPHO,-6.16139491
ATOM,-5.59093495
INJ,-5.12676518
EIGEN,-4.839631359999999
ENA,-4.837808549999999
TRUMP,-4.212826349999999
MAV,-3.96712149
SEI,-3.91604047
DYDX,-3.8402087999999996
RLB,-3.1792441700000014
PNUT,-2.7544067999999995
ARB,-1.99002599
XRP,-1.9386274199999993
USTC,-1.45727564
RENDER,-0.49340480999999964
PIXEL,-0.4773564900000001
NEIROETH,-0.24308707999999968
JELLY,-0.014170760000000006
