coin,fundingRate_avg_5d
TNSR,-1194.42661831
LAYER,-982.4942118600002
RESOLV,-721.2603896300001
0G,-572.09630099
USUAL,-369.01581175999996
DYM,-368.96613379999997
SUPER,-332.91541302999997
MAV,-274.93555503999994
OM,-250.06989281000003
HEMI,-190.82958616000002
2Z,-188.25085678
MERL,-161.67860201
ME,-144.7134991
KAITO,-144.42906336000001
ZORA,-136.14620741999997
BLAST,-133.0164901
XAI,-120.72604584999998
DOOD,-104.40664692000003
REZ,-100.67898222
MOODENG,-92.21921297000002
WLFI,-85.07512491
MOVE,-78.09166678000001
ANIME,-74.05430980000001
WCT,-67.94484855
BABY,-62.48647795000001
BSV,-56.87466646000001
IP,-55.37746201
ZRO,-48.07624875
GMX,-47.0047146
ZETA,-43.745370449999996
APT,-41.893616679999994
BERA,-41.25739393999999
ARK,-40.908447370000005
IO,-37.5893206
AR,-34.10928504
STRK,-32.947757949999996
BIO,-31.959740909999997
INIT,-31.446688880000007
NIL,-28.211181419999996
TURBO,-27.619101050000005
FXS,-25.263291040000002
BRETT,-24.80845432
ATOM,-23.797410890000002
MEW,-23.27023555
SKY,-21.181120819999997
ZK,-21.12440128
IMX,-19.69668042
ZEN,-19.586179590000004
STX,-19.319543440000004
HYPER,-16.192154820000003
AVNT,-13.413739050000002
JUP,-13.095118140000002
CC,-11.865842669999997
PROMPT,-11.670976469999998
RSR,-11.22980827
TRUMP,-10.336613119999999
kLUNC,-10.32610404
ZEC,-10.201680649999998
kFLOKI,-10.097998749999999
DOT,-10.0607943
FET,-9.695437329999999
WLD,-9.689890059999998
SOL,-9.306221769999999
PENGU,-8.87007889
S,-7.975153639999998
MANTA,-7.772329709999998
VVV,-7.53104427
kSHIB,-7.2537837
ACE,-6.488067719999999
PYTH,-6.286276740000001
SEI,-6.134296580000002
SAND,-5.59494995
RENDER,-5.233991959999998
CELO,-5.2169596
HBAR,-4.81592607
FIL,-4.38521585
kBONK,-4.34591046
GRASS,-4.2284155
W,-4.22798115
EIGEN,-4.0887935099999995
ICP,-3.9003615300000005
ALGO,-3.847925629999999
PROVE,-3.837669129999999
ENS,-3.6735023499999997
INJ,-3.62949868
SCR,-3.4889050599999987
SOPH,-3.1490659699999983
BANANA,-3.1113483299999993
MELANIA,-2.669071990000004
ADA,-2.3791970200000003
XLM,-2.356637829999999
SUSHI,-2.32125035
COMP,-1.569024039999999
SNX,-1.3652394299999984
