coin,fundingRate_avg_5d
DOOD,-500.0171866809918
0G,-209.30444141157025
REZ,-97.92315973884297
KAITO,-60.99464346446282
BLAST,-44.54584305123966
CELO,-35.77748195702478
APT,-32.534767418181815
BIO,-5.654319371900825
