coin,fundingRate_avg_5d
CELO,-108.22435274
MANTA,-102.78383648000002
IP,-102.18442983
STABLE,-82.98959448
TNSR,-82.50201360999999
GAS,-77.38845632000002
ME,-67.26186493000002
BSV,-65.4752914
LAYER,-60.558510720000015
TRUMP,-59.077586
ZORA,-50.82387457999999
0G,-48.93011004
S,-36.09390026999999
POLYX,-35.41577772000001
PROVE,-35.05103687
kNEIRO,-31.24256117
IOTA,-28.95246357
AVNT,-28.759768390000005
TRX,-26.10503944
AIXBT,-22.634331820000007
STRK,-20.245198770000002
INJ,-19.88469557
kSHIB,-18.544599530000003
OP,-18.158562389999997
PYTH,-17.94910057
MON,-17.936621220000006
SNX,-17.451539140000005
POPCAT,-16.919651649999995
ZETA,-16.013745739999997
ANIME,-15.527128469999997
MINA,-14.7504968
USUAL,-13.799542590000003
GMT,-13.306435620000004
APT,-13.285838670000002
BIO,-13.256937240000005
XAI,-13.01647816
ADA,-12.911520220000002
kPEPE,-11.953344119999999
NOT,-11.464826660000002
AXS,-10.265831589999998
YGG,-9.319591719999998
FIL,-8.72023179
KAITO,-7.800705540000001
WLFI,-7.469646889999998
SOPH,-7.05765679
ALGO,-6.7534161500000005
XRP,-6.35014444
ALT,-5.249996479999999
ATOM,-4.468005149999999
ZK,-3.8540598199999985
DOT,-3.39708639
DOGE,-2.51461932
HYPER,-2.40826051
BLUR,-2.3795488799999993
IO,-2.31270935
ETH,-2.08373098
W,-1.5491665799999994
MOODENG,-1.3119742499999985
