coin,fundingRate_avg_5d
BLAST,-145.29959420000003
NXPC,-118.12248771000002
ZRO,-28.67264216
KAITO,-24.36397338
BERA,-23.87482812
BIO,-18.086217930000004
IO,-16.942761990000005
OMNI,-16.77984716
XAI,-11.19377766
BABY,-9.53686746
REZ,-6.064397619999999
STG,-6.060649069999999
PYTH,-1.7810138499999975
