coin,fundingRate_avg_5d
BLAST,-83.96516575
BERA,-37.30510167
ZRO,-28.29828064
MOVE,-27.204423090000002
LAYER,-25.74804973
IO,-20.23848642
BABY,-15.71551592
NEIROETH,-13.9366344
REZ,-9.64001573
BIO,-7.970299140000001
WCT,-7.902205469999999
SEI,-3.499341869999998
SOL,-2.68895208
TRUMP,-2.5898173499999997
