coin,fundingRate_avg_5d
MAVIA,-788.93779465
ZRO,-226.36410933000002
BANANA,-203.62969013
MELANIA,-170.40639441
IP,-147.84327993
BERA,-126.71915531999998
MOVE,-124.71860711000001
REZ,-123.40373987
REQ,-113.72250030999999
BLAST,-112.58562312999999
LAYER,-97.50744758
MNT,-63.040126009999994
USUAL,-60.98819675000001
TRX,-44.55105539
GRASS,-34.13994723
OM,-32.67455326
VINE,-32.2788772
SEI,-30.651637850000004
IO,-29.14015241
FXS,-23.994612359999998
MAV,-23.002915390000005
ATOM,-20.84471492
XLM,-18.821163680000005
ADA,-18.542186149999996
IMX,-17.427958679999996
VIRTUAL,-16.055062279999998
KAITO,-15.124096199999999
RDNT,-14.628870039999999
ARK,-13.58235007
ALT,-12.9137219
MANTA,-11.036858319999999
TON,-11.023754089999999
W,-10.74988291
BADGER,-9.29197728
KAS,-9.259915679999999
CELO,-9.249131389999999
COMP,-8.352748329999999
ZETA,-8.24244606
ORBS,-8.21431843
HMSTR,-6.937652819999999
MERL,-6.507929559999999
TIA,-6.40782466
BNB,-6.390967500000001
TRUMP,-6.093981599999999
XRP,-5.985511629999999
AVAX,-5.43616911
BTC,-5.2179151699999995
JTO,-4.76297406
SOL,-4.20894348
TNSR,-4.111650539999999
OMNI,-4.0728043199999995
ETHFI,-3.6251062699999994
STG,-3.5778482599999992
BLUR,-3.4113367199999995
PIXEL,-3.3133743699999996
PYTH,-3.20099306
STRK,-3.1374290399999993
SUI,-2.9950002000000002
APE,-2.77463729
APT,-1.62569248
EIGEN,-1.5834218299999996
SPX,-1.5589281399999988
ETH,-1.50318753
ETC,-1.2893033699999998
LDO,-1.2485423599999999
CFX,-1.0576634200000001
BCH,-1.02504337
BRETT,-0.7411178999999996
XAI,-0.7027899799999997
ARB,-0.4973884199999995
PNUT,-0.38703066999999963
VVV,-0.27807743999999823
NOT,-0.1512340999999998
DYM,-0.13756630999999955
