coin,fundingRate_avg_5d
RESOLV,-1009.7038322181817
WCT,-906.4400964892559
TNSR,-740.7853037950414
ZORA,-440.5982384429752
KAITO,-323.9080137917355
0G,-270.87808829752066
AVNT,-226.72118707438017
BIO,-153.50023405289258
LAYER,-110.9854143768595
YZY,-100.88504170909091
BSV,-100.87663717685952
REZ,-88.13032822809916
ME,-82.12182540495867
IP,-73.99071738842974
OM,-69.40762366611571
BLAST,-68.08757130247933
MOVE,-67.91179502479339
IO,-56.39520329256198
MEW,-51.99789758677686
MORPHO,-48.506110909090914
WLFI,-45.9901100429752
DYM,-41.29921257520661
BERA,-41.05624492561983
TURBO,-40.59226464793388
PROVE,-40.141048631404956
GAS,-39.925145761983465
MANTA,-37.21418856198347
GOAT,-37.04965766280991
MOODENG,-35.8628818214876
ZETA,-35.47977009917355
ZK,-34.15511258181818
ZEN,-33.58660378512396
USUAL,-30.128134066115706
XAI,-29.41070020165289
POPCAT,-27.32994826115703
2Z,-24.5774064
CAKE,-23.14616429752066
AIXBT,-20.682478006611564
HYPER,-19.921845758677684
APT,-18.849799854545456
TST,-17.90889259834711
BRETT,-15.667758813223141
STX,-15.078239771900826
SKY,-14.23575147768595
MERL,-13.661617457851237
ANIME,-12.870913795041327
COMP,-12.817298975206613
ZEC,-12.486741461157026
PROMPT,-12.0505188
SOPH,-11.589652304132235
YGG,-10.903843487603305
SAND,-10.602060763636365
GRASS,-10.303433087603306
MAV,-10.214529947107437
ALGO,-10.003361821487603
kLUNC,-9.835878585123968
INIT,-9.298549596694214
SUPER,-8.893325752066115
BANANA,-8.726771365289258
GMT,-7.839038033057852
kFLOKI,-7.802828102479339
MAVIA,-7.665713831404958
INJ,-7.558872961983472
BABY,-7.494031586776858
GMX,-7.383241477685949
VVV,-7.01464746446281
W,-6.696832492561983
FXS,-6.269359695867768
APE,-5.751313566942147
RSR,-5.325985160330578
PYTH,-5.1958557223140485
ETHFI,-4.671222218181817
SEI,-4.491321500826445
ZRO,-4.432024988429751
OP,-3.980321018181817
MET,-3.5420459107438065
XLM,-2.6882970347107435
HEMI,-2.3454400462809915
ATOM,-2.318730733884297
BLUR,-2.290921715702479
NXPC,-2.277256115702479
FIL,-2.0688455801652887
AERO,-2.068798522314049
SUSHI,-1.6826244198347107
ETC,-1.6229861950413216
ALT,-1.2226607107438014
ADA,-1.0577779636363638
NEO,-0.9107605487603306
DOOD,-0.7675562677685942
MINA,-0.13217102479338694
