coin,fundingRate_avg_5d
kBONK,-167.72182963
STABLE,-84.25124691
0G,-43.96021529
POLYX,-40.90158975
MOVE,-38.98624640999999
XAI,-34.760515119999994
SUPER,-34.72626206
TRX,-32.8505621
ZETA,-29.97331382
kNEIRO,-29.764943349999996
MINA,-29.072365340000005
W,-24.832599069999997
TRB,-20.55156955
IO,-18.241527620000003
TRUMP,-17.276702680000003
MEME,-15.938457919999998
ME,-15.06761756
ATOM,-14.509707029999998
STRK,-14.42872594
RENDER,-14.33166441
ALT,-13.990195230000001
MOODENG,-13.938428739999999
OP,-13.215295119999999
WCT,-13.208122140000002
MET,-12.600809589999999
BCH,-11.865032370000002
HYPER,-11.27658302
S,-10.199069439999997
VIRTUAL,-10.08965923
SEI,-8.93031046
BSV,-8.4837315
POPCAT,-8.27188331
CELO,-7.574905590000002
MORPHO,-6.76361498
UMA,-6.669655949999999
BIGTIME,-6.6551690999999975
PROVE,-6.441014839999998
SNX,-6.285540169999999
BLUR,-6.020382999999997
PENGU,-5.466932769999999
SOPH,-4.567763299999999
ANIME,-3.884370149999998
AVNT,-3.6293826099999995
SPX,-3.5929023199999994
ZK,-3.331771829999999
SAND,-3.1305612
BIO,-2.922778379999999
LIT,-2.875233479999999
CRV,-2.839671529999999
KAS,-2.3883490299999997
AERO,-2.349179419999998
STX,-1.8347944099999984
NOT,-1.5218945099999988
AIXBT,-0.9862073699999998
SUSHI,-0.9067030700000002
YGG,-0.6684544299999987
RSR,-0.3551063099999986
