coin,fundingRate_avg_5d
BLAST,-84.66899087603305
BERA,-26.931759203305788
MOVE,-25.999918909090912
ZRO,-25.013072330578513
LAYER,-20.572652945454543
REZ,-20.330017596694212
IO,-18.001211414876035
BABY,-13.157241272727275
NEIROETH,-11.673544145454546
BIO,-3.2689315537190082
SOL,-3.113306895867768
BANANA,-2.2281631933884296
BNB,-1.2924561917355364
TRUMP,-1.2117809355371902
