coin,fundingRate_avg_5d
TNSR,-1119.59115741
RESOLV,-790.37385284
WCT,-578.99400237
DYM,-388.6182302
ZORA,-369.13117074
KAITO,-330.52125393
XAI,-179.40451749000002
BSV,-165.36288208000002
0G,-162.09075052000003
LAYER,-140.35952798
AVNT,-125.97224852
YZY,-97.35871300000001
BIO,-90.66793741999999
REZ,-89.85987414
BLAST,-82.6709597
2Z,-71.69756101
MOVE,-65.88986205000002
ME,-63.65795932
IP,-60.17033102999999
IO,-56.592593730000004
MEW,-55.45453395
BERA,-48.75189003
MANTA,-47.691348219999995
OM,-46.13663583
MORPHO,-45.0947572
TURBO,-40.398724869999995
ZK,-40.2254674
WLFI,-39.690222639999995
GAS,-38.85406458
MOODENG,-34.000371959999995
GOAT,-31.309841619999997
APT,-26.5584366
PROVE,-26.372404859999996
AIXBT,-25.923227100000002
ANIME,-24.065755969999994
ZEN,-23.898545090000002
ZRO,-22.339496500000003
BABY,-21.08718077
USUAL,-21.040755690000005
ZETA,-20.012222190000003
HYPER,-19.384799600000004
SKY,-18.85615988
MAV,-18.74899807
SAGA,-18.666443830000002
CAKE,-13.780953140000001
STX,-13.613861250000001
POPCAT,-11.825838670000001
GMX,-11.488199069999999
SOPH,-11.411656379999998
MET,-10.851044120000003
CC,-10.29403003
SAND,-9.159533380000001
kLUNC,-9.01643659
GRASS,-8.705836919999998
FXS,-8.179227330000002
NIL,-7.137118749999998
COMP,-6.7704872
kFLOKI,-6.523572730000001
ALGO,-5.959644809999999
RSR,-5.760224139999999
YGG,-5.51420757
ATOM,-5.38042777
INJ,-5.295619289999999
ZEC,-5.140416179999999
VVV,-5.137752409999998
ALT,-4.7099249599999995
TST,-4.556052639999999
DOOD,-4.465091719999999
INIT,-4.296736200000001
PROMPT,-3.9355584799999987
BRETT,-3.792280649999998
SEI,-3.3108084199999994
OP,-3.0442744699999995
W,-2.913008059999999
HEMI,-2.8825035499999996
GMT,-2.79302891
kNEIRO,-1.9222338099999987
AR,-1.80546009
ACE,-1.6225899799999992
EIGEN,-1.4443290899999994
SOL,-1.1304772699999999
MELANIA,-0.6914691399999987
DOT,-0.5925008499999999
MERL,-0.5383049199999999
BLUR,-0.5256810299999992
NEO,-0.08183810999999944
