coin,fundingRate_avg_5d
TRUMP,-76.88761061999999
STABLE,-55.87012003
kNEIRO,-40.37620802
MOVE,-37.97966109
TRX,-33.743307570000006
BRETT,-30.033994340000003
LAYER,-29.820834339999998
IO,-25.536866569999997
ME,-23.851857940000002
EIGEN,-23.08058082
MINA,-19.061178190000003
VVV,-19.05500677
HYPER,-18.23733304
0G,-17.87575893
GAS,-16.353249030000004
AVAX,-15.159384399999999
ADA,-13.911994710000002
XAI,-13.49237319
KAITO,-11.67486956
CHIP,-10.829129519999999
XLM,-9.42944723
UMA,-9.30551002
ZORA,-9.264246040000003
SKR,-7.945551410000001
DOT,-6.987408890000001
kLUNC,-5.9659198899999994
IP,-5.79625329
BLUR,-5.71653802
SOPH,-5.614621260000001
kSHIB,-5.35313891
MOODENG,-5.346398089999999
2Z,-4.822550819999999
POLYX,-3.5482540599999988
ORDI,-3.05549822
BABY,-2.971633629999999
ATOM,-2.8770628599999992
BCH,-2.71553138
ALT,-2.5431535599999986
NOT,-1.5691656599999995
SEI,-1.5269439199999997
OP,-1.511143799999999
RENDER,-1.3798766599999992
ETC,-1.2960106099999988
BNB,-1.2588171099999996
IOTA,-0.9769078999999999
SUSHI,-0.9572088499999996
STRK,-0.49975581
INIT,-0.4504202199999992
XRP,-0.3935583299999999
APE,-0.34469285999999905
AIXBT,-0.21218106999999903
