coin,fundingRate_avg_5d
BLAST,-83.37165369917356
REZ,-24.10952756033058
IO,-18.787186125619836
BABY,-17.9778113553719
ZRO,-17.102905269421484
BERA,-16.36905979834711
MOVE,-11.411222687603304
BANANA,-3.0829415504132225
LAYER,-2.0643881157024793
BNB,-1.8559037355371901
CELO,-1.7699855107438014
IP,-1.405938733884297
