coin,fundingRate_avg_5d
POLYX,-176.90801538842973
CHIP,-139.72941052561984
STABLE,-129.96651287603305
kLUNC,-46.0791905553719
SAGA,-36.34248096198347
SKY,-24.363713801652892
MOVE,-24.305682059504132
WLD,-21.7844092661157
BLAST,-21.1792134446281
COMP,-20.807992879338844
INJ,-18.835739692561983
W,-18.427281163636366
TRUMP,-17.906095914049587
BIO,-16.35881349421488
BSV,-15.91687583801653
APE,-14.985741411570247
EIGEN,-12.633123233057852
ICP,-12.41367871735537
0G,-12.316643980165288
BLUR,-11.46040176198347
NOT,-9.189022809917354
ATOM,-8.802606902479338
AXS,-7.184549474380165
APT,-7.131672376859504
KAITO,-6.997622657851238
PENGU,-6.927077147107438
BABY,-6.684824052892561
TURBO,-5.960991768595041
MON,-5.402513533884295
POL,-4.8397327636363645
BCH,-4.1186537256198354
JTO,-3.833759702479338
GALA,-3.244322469421487
BERA,-2.715085983471074
SAND,-2.562389047933884
INIT,-2.4944092760330574
MERL,-1.7747528330578517
SEI,-1.2965219900826441
MEGA,-0.8871447471074385
MINA,-0.5868794578512386
ADA,-0.26292597024793374
ALT,-0.23856520661156974
