coin,fundingRate_avg_5d
BIO,-118.8868569123967
PROMPT,-109.58219558677685
OMNI,-88.2204519768595
BLAST,-71.8105278644628
UMA,-65.30165239338844
PROVE,-62.96423100495869
VVV,-30.06269976198346
GAS,-28.61413385454545
REZ,-23.447583590082647
BERA,-22.11396263801653
BSV,-21.826080803305786
SUPER,-13.107375153719007
HYPER,-11.072823887603306
NEO,-7.936508598347109
GRASS,-6.413668750413223
ME,-4.603726056198344
MAVIA,-1.6117241652892549
PAXG,-1.2256825487603307
