coin,fundingRate_avg_5d
OMNI,-469.0244731933885
KAITO,-264.97001272066115
BIO,-213.12267129917353
BLAST,-83.38953061487604
ME,-66.4307353090909
PROVE,-39.80326954710743
TRX,-30.495862938842976
BERA,-26.563145642975204
MERL,-7.9697401289256184
UMA,-7.075271008264464
ZORA,-3.0693613785124008
WLFI,-2.3778875206611567
LINEA,-0.7689079140495845
