coin,fundingRate_avg_5d
OMNI,-228.69492487000002
GAS,-196.74820351
SUPER,-104.30848601
BERA,-97.10553804999999
OM,-91.26087481
BLAST,-72.83798453
SOPH,-53.43111776
HYPER,-53.0149068
MOVE,-50.51176746
BIO,-45.66196647
ENA,-45.17971606
SEI,-23.124096120000004
ZRO,-19.523187890000003
ME,-18.728677790000003
APT,-9.778534689999999
SYRUP,-9.458017239999998
kFLOKI,-7.906417570000001
KAITO,-7.493840549999999
MEW,-6.26475342
XLM,-6.098247719999999
PENGU,-5.104433019999999
TIA,-4.8499506399999985
TRUMP,-4.200115589999999
DYDX,-3.37230289
W,-3.3005336699999996
FET,-2.497977509999999
REZ,-2.24783133
DYM,-2.2291937
GRASS,-1.383678499999998
MOODENG,-0.619096939999999
IMX,-0.28322759
MEME,-0.2615086299999995
