coin,fundingRate_avg_5d
BLAST,-345.7846845000001
ARK,-200.62436627
BSV,-154.60181776000002
MOVE,-122.74746111
MERL,-74.22137249
IP,-73.76428007
RESOLV,-68.63354515000002
ZRO,-62.695709820000005
SOPH,-57.744836680000006
PENGU,-57.4739585
MOODENG,-56.765953399999994
IO,-52.8957781
KAITO,-52.211536689999996
MAV,-45.508761370000016
BERA,-42.527518750000006
GRASS,-42.13562847
BIO,-39.0138791
DYM,-29.114941130000005
FET,-26.581928
LAYER,-24.56179973
XLM,-21.089664959999997
SEI,-19.96095502
ZETA,-19.50823165
SPX,-18.926441360000002
TRUMP,-17.95333457
USUAL,-15.808476309999998
BCH,-15.739503719999998
HYPER,-13.36491008
BABY,-13.1311159
OMNI,-13.12719069
MEW,-13.09917767
TURBO,-12.5352826
kSHIB,-11.79719639
CELO,-11.205586139999996
GMT,-10.73150005
TNSR,-10.20507004
ACE,-9.12580665
BLUR,-8.992618149999998
APT,-8.98916233
DOT,-8.61548263
SAND,-8.34065734
GAS,-8.332858020000002
W,-8.13214671
XAI,-7.762917819999998
GMX,-7.731437299999998
MEME,-7.511454720000001
JUP,-6.982439050000001
kFLOKI,-6.471014189999998
MNT,-4.8804157299999975
ETC,-3.79546564
POLYX,-3.34271818
ALGO,-3.1590998200000002
INIT,-2.7532380699999996
OP,-2.60497434
ENA,-2.3785378299999995
NEAR,-2.1724938700000003
APE,-2.0267209000000004
KAS,-1.2805214699999998
STG,-1.1321073599999993
PROMPT,-1.0014767800000002
AIXBT,-0.91322197
PYTH,-0.8747078999999999
PNUT,-0.6897580199999999
SAGA,-0.5789257700000001
NXPC,-0.5719031699999994
ONDO,-0.47134932000000046
ALT,-0.46972725999999976
ANIME,-0.08901619999999989
SCR,-0.04431610999999967
