coin,fundingRate_avg_5d
CHIP,-214.03989601
POLYX,-114.73499425000003
WLD,-54.76284727
HYPER,-52.72366089
STABLE,-50.14348464999999
BSV,-47.877313529999995
LAYER,-38.836632910000006
kLUNC,-26.03357609
BIO,-25.98822265
0G,-25.84041444
JTO,-24.85917691
FOGO,-24.556913839999996
TRUMP,-24.44687291
MINA,-22.16498562
POL,-21.79762991
BABY,-21.74999595
APE,-20.292777250000004
MOVE,-20.118438649999998
SAGA,-16.4167948
BCH,-15.966289170000003
CAKE,-15.56043253
ACE,-15.47544009
BANANA,-14.962924610000002
W,-12.607951179999997
APT,-12.562781699999999
BLAST,-12.42104198
SKY,-11.174240669999998
DASH,-11.019272619999999
2Z,-9.05093347
EIGEN,-9.010558629999998
PROVE,-8.963424719999999
AXS,-8.919618880000002
ANIME,-8.687821250000002
MERL,-8.55351804
kSHIB,-8.546977239999999
STX,-7.7853850300000005
SAND,-7.55056301
MON,-7.23856174
ICP,-6.938940539999997
PYTH,-6.5230602699999976
COMP,-6.413098179999999
BIGTIME,-6.24538068
GAS,-6.194996810000001
ALT,-5.973597299999998
IO,-5.66234136
ZORA,-5.090511189999999
YGG,-3.7532949999999987
BLUR,-3.5660061999999995
AERO,-3.1755598599999995
MEGA,-2.5046402199999993
XRP,-2.3840865600000005
ATOM,-1.8616992899999987
TURBO,-1.7455884099999994
STRK,-1.4141654899999991
kFLOKI,-1.0939969800000005
SUSHI,-0.6276247999999999
S,-0.5425140999999994
