coin,fundingRate_avg_5d
AVNT,-758.01241337
BIO,-599.35332861
DOOD,-410.06403733999997
0G,-311.36500273
MERL,-244.13688351000002
BLAST,-238.58413850999997
KAITO,-231.34035727000003
REZ,-184.00666232999998
OM,-149.44717169
MOODENG,-117.76011498
ZORA,-108.75466927000002
APT,-99.07475758000001
IO,-79.86516893000001
ZETA,-72.20578336
BSV,-70.11857028
PROVE,-64.76436776
ME,-62.82665430000001
JUP,-61.76248293
SUPER,-60.769044179999995
NXPC,-54.85764799
kLUNC,-51.88091677
GRASS,-46.901696269999995
MAV,-45.82723044
HYPER,-45.07742554000001
VVV,-44.69945417
ATOM,-43.04886796
BERA,-40.25450534
DYM,-36.973411569999996
MORPHO,-35.749371659999994
UMA,-34.37932736999999
AIXBT,-31.577884479999998
kFLOKI,-29.724769259999995
MEW,-28.645878900000003
RSR,-27.92103343
IOTA,-27.09493404
INIT,-26.84314828
YZY,-23.716526889999997
MEME,-22.823182820000003
ALT,-22.161696969999998
SAND,-21.567741959999996
XAI,-20.53607092
IP,-20.011666660000003
TIA,-18.823655170000002
ARK,-18.763374690000003
SEI,-18.3919923
RESOLV,-17.27395277
BABY,-17.239534000000003
MOVE,-16.717322659999997
SKY,-16.50151787
TRUMP,-15.928662050000002
BANANA,-15.248835680000001
DYDX,-15.240125319999999
ZK,-14.787915140000004
LAYER,-13.399845690000001
STX,-13.186036719999999
ACE,-12.53799236
JTO,-12.323990670000002
WCT,-12.0808065
STRK,-11.20067397
CELO,-10.9394223
PROMPT,-10.68967251
VIRTUAL,-10.54397765
GOAT,-10.37874507
SUSHI,-10.34140995
GMX,-9.924890200000002
POLYX,-9.2865855
TURBO,-9.189586019999998
PNUT,-8.839063379999997
WLFI,-8.74271579
BRETT,-8.21228246
2Z,-8.0081146
TRX,-7.7341171300000005
CFX,-7.418385559999999
GALA,-7.322980399999999
kPEPE,-6.726009759999999
BCH,-6.631259409999999
OP,-6.62039263
SOPH,-6.30229075
CHILLGUY,-6.245321549999997
TNSR,-5.2165500699999985
PENGU,-4.962581609999998
S,-4.293511789999999
INJ,-4.14176815
PYTH,-3.8727828600000005
NEO,-3.8113022599999997
ENA,-3.244166720000001
BLUR,-3.090969649999998
USUAL,-2.9676149799999982
COMP,-2.8251657000000003
GAS,-2.7540943599999985
WLD,-2.4314234099999985
FIL,-2.2119503700000003
YGG,-2.019242779999999
GMT,-1.7447802999999997
BNB,-1.1146508700000002
kSHIB,-0.5482387599999995
RENDER,-0.4760731499999997
RUNE,-0.27585531999999885
SNX,-0.07340149999999959
LINEA,-0.0055844999999998535
