coin,fundingRate_avg_5d
BABY,-635.91915417
STABLE,-317.24006609
MOVE,-291.38615176
LAYER,-133.61926205
AVNT,-71.35264915
ME,-66.49081703
ZEC,-59.270806050000004
NIL,-58.297818979999995
TRX,-57.97387856
SNX,-52.390177910000006
ZK,-50.73009512999999
TRUMP,-49.88754081
IO,-47.21199299
AIXBT,-46.929171280000006
UMA,-45.2449182
SEI,-45.01861528
ZORA,-44.94152801
S,-43.43759296
BSV,-40.55681585999999
kNEIRO,-38.217785629999995
MERL,-37.46276707
PROVE,-33.30015012
MEME,-30.710433509999998
GMT,-30.636562619999996
W,-28.30694501
SAGA,-26.899177970000004
VIRTUAL,-26.819013750000003
AERO,-26.538374010000002
STRK,-23.989386290000002
JTO,-23.85036509
POPCAT,-23.11210149
MOODENG,-21.918578500000002
MON,-20.78154729
kLUNC,-20.61072729
STX,-20.378674160000003
ALT,-18.573302400000003
HYPER,-16.5963018
ICP,-16.062450610000003
JUP,-15.24608431
SOL,-14.530379900000002
ADA,-14.00355569
CAKE,-13.893614770000005
WIF,-13.385985179999999
COMP,-12.917979990000003
MORPHO,-12.75139472
TURBO,-12.620555360000001
TON,-12.18679374
INJ,-11.84754376
WLD,-11.068214010000002
IP,-10.28155068
2Z,-10.03764162
ATOM,-9.12401815
OP,-9.103497119999998
APT,-8.58608407
AVAX,-8.52872286
ZEN,-8.102302120000003
FIL,-7.8688525
ETC,-7.632018599999999
kSHIB,-6.750513669999999
SUSHI,-6.74748709
CHIP,-6.427244849999998
BIO,-6.1550023000000005
PUMP,-5.7234949199999985
HMSTR,-5.263342339999998
PYTH,-4.701394179999999
MEGA,-4.407887459999999
MINA,-3.853140749999999
POL,-3.7862143500000007
INIT,-3.4314431099999996
PNUT,-3.29662306
kFLOKI,-2.6783940899999985
ARB,-2.6569941400000006
kBONK,-2.149534639999999
MELANIA,-1.6464295899999983
PENGU,-1.5081179499999995
CRV,-1.497657779999999
XAI,-1.4190827699999995
XRP,-1.40424114
ALGO,-1.0843930999999996
TAO,-1.05853723
PENDLE,-0.8241203599999992
DOGE,-0.7488661200000001
XLM,-0.5721141399999999
ONDO,-0.2970880999999994
RENDER,-0.21177372999999983
