coin,fundingRate_avg_5d
SUPER,-287.84807901
PROVE,-250.40735283
JTO,-228.07702805000002
0G,-214.10403380999995
STABLE,-186.31523696
GAS,-178.06431779000002
RESOLV,-167.81402425000002
BANANA,-157.43171459
TURBO,-152.58354223
BLAST,-146.81928192
AXS,-140.50496077000003
POLYX,-93.14493181
NIL,-74.68968574
TST,-73.71211062000002
REZ,-72.1408411
ANIME,-63.23300953
SOPH,-58.852253250000004
IMX,-56.199859569999994
YZY,-53.37946369
kNEIRO,-50.73880767999999
IP,-50.57735285
ZETA,-49.67802862000001
MON,-49.35919747
FET,-48.557541400000005
AERO,-44.53909799
GOAT,-43.71923279999999
TRUMP,-41.99345732
XAI,-41.539855759999995
DYM,-39.86780609
2Z,-37.059331109999995
ZORA,-35.728039599999995
USUAL,-34.23916883
ALT,-33.15866663
kLUNC,-31.772584240000004
MOVE,-29.442397230000005
INIT,-29.077432999999996
EIGEN,-28.886067150000002
DOT,-28.679328960000003
MEME,-28.09270388
W,-27.91258295
SCR,-27.360623380000003
SAND,-25.280023370000002
MOODENG,-24.426286180000005
POL,-24.35152396
TAO,-24.30113279
PYTH,-23.626057260000003
BLUR,-22.28916081
NEO,-22.17259076
OP,-21.626519369999997
APT,-20.99245013
AVNT,-20.941677170000002
LAYER,-20.758033989999998
MANTA,-17.333898910000002
kBONK,-16.94465999
SEI,-16.591060399999996
UMA,-16.56237943
BABY,-16.37133697
S,-15.22678165
MERL,-14.851947089999996
ACE,-14.475140070000002
ASTER,-14.1489768
BIGTIME,-13.615751220000003
SOL,-12.14317113
MEW,-11.58943839
APE,-11.586503059999998
STRK,-10.424089749999998
TIA,-10.340288670000001
PNUT,-10.17103306
MINA,-10.165861740000002
ENA,-8.381087659999999
KAITO,-8.13952117
XRP,-7.333053669999999
BERA,-6.907195759999999
WLD,-6.0122310899999984
ARB,-5.62336374
ADA,-5.616543349999999
ETC,-4.6056284
kFLOKI,-4.2261459299999995
BRETT,-4.096284769999999
USTC,-3.9804337700000016
GMT,-3.66628338
PUMP,-3.090038169999999
ARK,-3.0884336299999995
SNX,-2.9979493999999987
PENGU,-2.94638585
ICP,-2.77332694
VIRTUAL,-2.206403099999999
YGG,-1.9365337799999998
KAS,-1.85946987
ATOM,-1.77956042
SYRUP,-1.7410412399999997
ZEC,-1.58987357
kPEPE,-1.5103342299999971
CRV,-1.4482871499999996
SPX,-1.4458942099999998
AR,-1.38366901
INJ,-1.3011359399999998
COMP,-1.01292172
HYPER,-0.9804104399999994
BCH,-0.9786460299999997
LIT,-0.635694949999999
ONDO,-0.11256599999999908
