coin,fundingRate_avg_5d
ANIME,-859.80012616
SOPH,-666.21045672
POLYX,-641.7450622499999
SUPER,-310.31080097
0G,-263.16393712
ACE,-231.89880654000004
RESOLV,-219.08159940000002
VVV,-182.71528138
DOOD,-172.53365967
ZORA,-152.93801928000002
WCT,-150.73565381
MOVE,-140.46531447
AVNT,-134.94072046
TURBO,-117.52188532000004
HMSTR,-115.00221294000002
IP,-112.76760045000002
MOODENG,-101.91039294000001
NIL,-98.17866214
BLAST,-88.7442823
USUAL,-79.80814498
2Z,-72.09111130999999
REZ,-66.5377845
TNSR,-62.70835269
DYM,-60.060777740000006
IMX,-59.134582210000005
YGG,-58.73692201
ME,-53.86389023000001
BANANA,-51.43035347
XAI,-50.493818950000005
OM,-49.142473609999996
GMT,-48.84853911
HEMI,-47.65192019
IO,-45.98050197
APEX,-44.606457279999994
MANTA,-44.308191689999994
CELO,-42.02064106
kLUNC,-41.61526256999999
HYPER,-35.20639912
BRETT,-34.594688319999996
USTC,-33.55631442
ZRO,-33.1164135
BIGTIME,-27.356770440000002
MORPHO,-24.08598135
SEI,-23.99588183
GMX,-23.827643840000004
KAITO,-23.59739454
PROMPT,-22.89399209
PROVE,-21.79035911
MERL,-21.67830192
SYRUP,-21.082344520000003
NXPC,-20.715929780000003
ATOM,-20.55107607
COMP,-20.25232065
JUP,-19.88131932
BSV,-19.774737130000005
POPCAT,-19.665272169999998
BLUR,-19.621750300000002
RSR,-18.81078381
WLFI,-18.509371920000003
CAKE,-17.515091480000002
MEME,-17.14920453
UMA,-17.020887319999996
PNUT,-16.599391160000003
JTO,-16.318725139999998
FIL,-16.29134138
ZK,-15.679110089999996
MEW,-15.557773869999998
SKY,-15.293341589999999
TRUMP,-15.051996289999996
kFLOKI,-13.686255349999998
LAYER,-13.34604615
AR,-13.04786378
kSHIB,-12.95602978
ALGO,-12.601847650000002
GOAT,-12.523804809999998
NEO,-11.501126639999999
DOT,-10.941586019999999
MAV,-10.7818518
ZETA,-10.44031035
STRK,-9.720487280000002
POL,-9.70226356
OP,-9.07320942
EIGEN,-9.044650359999999
XLM,-8.956836469999999
FXS,-8.478842689999999
STX,-8.232953140000001
APT,-8.194881449999999
FET,-7.573766059999999
LINEA,-7.07106689
W,-6.5030655699999995
ONDO,-6.42303056
BCH,-6.196029760000001
BERA,-5.949416049999999
S,-5.51658883
TIA,-5.435820899999999
MELANIA,-5.185456449999998
PYTH,-3.9214249500000005
kNEIRO,-3.7479448300000002
ENA,-3.5667486099999994
SUSHI,-3.55498977
PENGU,-3.1759964
NOT,-2.5684195899999978
ETC,-2.16989361
kBONK,-1.5293864999999998
TAO,-1.3036493299999996
SAND,-0.4358099999999998
IOTA,-0.19798694999999936
