coin,fundingRate_avg_5d
SOPH,-576.8187730512396
HYPER,-474.1014788826447
ZORA,-148.2217042016529
BLAST,-126.71032024462811
SYRUP,-116.05085614214876
SUPER,-106.12529036033058
MOVE,-96.04548052561984
MERL,-74.1483235438017
BERA,-68.55699870743801
GRASS,-45.451709583471064
ZRO,-29.302499722314053
OM,-21.815594142148758
REQ,-19.118794115702478
NXPC,-18.20126085619835
GMT,-13.489769424793389
OMNI,-11.92275094214876
USUAL,-11.279122611570251
REZ,-5.472282952066116
BABY,-4.313551418181818
