coin,fundingRate_avg_5d
OMNI,-370.9195593818182
KAITO,-122.66963486280993
BIO,-106.62602281983472
PROVE,-68.11983416528926
BLAST,-65.65531024462811
MAV,-36.86342440661158
ME,-36.33806403966942
BERA,-36.31996269421487
ARK,-14.58463549090909
PYTH,-6.762033679338842
ZORA,-5.55746562644628
