coin,fundingRate_avg_5d
BLUR,-300.54180373
ME,-166.08770638000001
STABLE,-77.75701142
ZETA,-38.11647404
HMSTR,-30.202831660000005
MINA,-28.340335210000003
CELO,-28.03896347
ATOM,-25.88583285
kNEIRO,-24.713411970000003
HYPER,-15.152814400000002
0G,-14.61340207
IOTA,-13.378692480000002
MANTA,-9.496081629999999
DYDX,-9.29429795
SNX,-6.702480399999999
AIXBT,-6.257175289999999
TRUMP,-5.907224239999999
ZORA,-4.414369859999999
W,-4.4056142399999985
MEME,-4.322603019999999
TRX,-4.013040679999998
ANIME,-1.2475057599999992
PYTH,-0.6779217999999997
BCH,-0.5338307500000001
