coin,fundingRate_avg_5d
ALT,-313.65321912
IO,-109.58312218
CHIP,-94.70218241
ZORA,-54.04690196
TRUMP,-41.255709100000004
ME,-41.08032295
0G,-39.98062904999999
BCH,-28.181614229999997
COMP,-26.633903270000005
JUP,-26.529924259999998
TON,-24.62926122
ETC,-22.74795632
SUPER,-22.39139512
MEGA,-20.828533009999997
TRX,-19.64334881
MINA,-19.49602386
MOVE,-17.40816984
FOGO,-16.759675800000004
HEMI,-16.370363880000003
VVV,-16.370056549999997
HYPER,-16.046809630000002
OP,-14.843936800000002
ADA,-14.479406920000002
STABLE,-14.22259146
MON,-13.54273662
kLUNC,-13.523852980000001
STX,-13.103704400000002
STRK,-12.67645657
DASH,-12.542738819999999
2Z,-12.074880359999998
SUSHI,-11.88692653
SNX,-11.44483269
BSV,-10.917493829999998
kNEIRO,-10.74102947
SEI,-10.622854879999998
GMT,-10.58271948
INJ,-10.42967206
S,-9.80164795
PENGU,-9.79005701
SAND,-9.747460049999999
CRV,-9.09169521
SAGA,-7.9396106699999995
kSHIB,-7.237255769999998
BLUR,-7.18109322
TURBO,-6.831626159999998
AIXBT,-6.556351189999999
BABY,-5.5627102299999995
PROVE,-5.472648669999999
PENDLE,-5.136528199999999
ZETA,-4.451324649999999
KAITO,-3.669784459999999
JTO,-3.338457169999998
MERL,-3.0901352599999994
XRP,-3.0063006
ZEC,-2.3548033399999997
APT,-2.256662869999999
SPX,-2.060205269999998
MOODENG,-1.9856905199999997
INIT,-1.9559138199999992
PURR,-1.5890705700000034
NOT,-1.4606139299999994
ONDO,-0.8499835299999996
DOT,-0.40547485000000005
VIRTUAL,-0.2599435099999995
