coin,fundingRate_avg_5d
BLAST,-126.11018201999998
BERA,-30.155370709999996
HYPER,-27.22296728
USUAL,-14.852464659999999
SOPH,-13.182947359999998
ZRO,-10.20055645
REQ,-4.959830969999998
REZ,-4.3574984799999985
VVV,-4.323419159999998
BSV,-1.0410887699999984
