coin,fundingRate_avg_5d
REZ,-498.01478409000003
MELANIA,-362.55671993
BLAST,-207.90539649
MOVE,-114.19511106999998
USUAL,-109.28139858
KAITO,-100.76604567000001
REQ,-98.49490398000002
BERA,-96.01266965
BANANA,-67.99918172
SEI,-65.32106795000001
JELLY,-62.11900179
DYM,-51.02606414
COMP,-43.211287850000005
ALT,-35.93593484
USTC,-35.57904806
TIA,-35.26859366
IP,-34.89430076
ATOM,-28.844898799999996
RDNT,-27.677289349999995
XLM,-27.657878650000004
TNSR,-27.546936899999995
ADA,-26.60704219
CELO,-25.856283910000002
XRP,-25.825301250000003
STG,-20.206913189999998
BLUR,-19.58009431
ORBS,-19.532094620000002
APE,-19.143640450000003
FET,-18.12121121
VIRTUAL,-17.95288489
ONDO,-15.391600319999998
PNUT,-15.314937180000001
ARK,-14.821575440000002
SUI,-13.646892290000006
IMX,-13.34958227
MAV,-13.328672149999997
kSHIB,-13.208353550000002
LAYER,-12.95316307
EIGEN,-12.21494035
W,-11.98038259
MNT,-11.877259870000001
APT,-11.56608204
OMNI,-11.36397497
SAND,-10.530635440000001
ZETA,-9.164501030000002
UMA,-9.040274740000001
MERL,-8.71892436
kBONK,-8.69516651
IO,-7.6976434099999995
POL,-7.579396549999999
DOT,-7.4981249199999995
PENGU,-7.41235065
TRUMP,-7.337949779999999
BNB,-7.084278429999999
PIXEL,-6.377630399999999
ME,-6.121370469999999
SOL,-5.92898408
kLUNC,-5.66963406
BRETT,-5.515018599999998
ENA,-5.26736464
MAVIA,-4.96720981
MANTA,-4.694317559999999
ETHFI,-4.4975467899999995
CFX,-4.11103807
BIGTIME,-3.7320614899999986
TRX,-3.6828054700000004
TON,-3.46768177
GALA,-3.04956113
ANIME,-3.0205574999999993
JUP,-2.8875325199999993
RUNE,-2.5476036399999984
BCH,-1.7702507299999994
CYBER,-1.75546896
ETH,-1.29332713
AVAX,-0.9724512499999997
DOGE,-0.80153343
INJ,-0.62379084
BSV,-0.5372471499999997
ETC,-0.25778635999999977
