coin,fundingRate_avg_5d
0G,-1192.4416145752068
POLYX,-786.1205915305784
AVNT,-625.7786867107438
MOVE,-555.2407124628098
BANANA,-387.05780331570253
LAYER,-385.83368743140494
ANIME,-355.4795779438017
KAITO,-351.3860031570248
GAS,-254.71542423471078
RESOLV,-237.82991320661156
TNSR,-180.8881373157025
INIT,-102.52326306446282
MERL,-97.27235182809918
BLAST,-92.2495763305785
NIL,-88.65227581487605
2Z,-85.93579981487603
SUPER,-81.3380204231405
MOODENG,-75.1317595140496
HMSTR,-64.58802442314048
VVV,-63.033604413223145
BIO,-53.9575515768595
ZORA,-52.88019320330579
USTC,-50.308110238016525
IMX,-49.48691743140496
DYM,-48.766222095867775
SOPH,-48.55936519338843
REZ,-35.22023229421488
TURBO,-34.983904145454545
XAI,-34.17702995702479
OM,-34.14480691239669
MANTA,-30.354367219834707
IP,-29.36329195041322
FXS,-27.978118036363643
WCT,-25.135251887603303
ME,-24.601519566942144
HYPER,-24.509583004958678
ARK,-22.637413180165293
MEME,-20.910010680991736
IO,-20.40463831735537
FET,-20.198204211570257
NOT,-19.95534226115703
ETC,-17.33096281983471
ACE,-16.0788409983471
TRUMP,-15.343921160330577
GMX,-15.27661178181818
kLUNC,-15.061154876033056
UMA,-14.296888314049587
PROVE,-13.909059947107439
SKY,-13.504341431404956
ADA,-13.334056442975205
BABY,-13.227002727272726
DOOD,-12.3221439570248
CELO,-11.679736234710742
ZETA,-11.511505140495869
GOAT,-11.262714624793393
NEO,-11.00968673057851
STX,-10.86619358677686
DOT,-10.823478089256197
CFX,-10.817293963636365
BLUR,-10.241186409917354
RSR,-9.975105391735537
BSV,-9.42992787768595
S,-8.757787557024793
SUSHI,-8.523676919008267
BERA,-7.108738552066115
POL,-6.4394919272727265
SYRUP,-5.743667028099172
SEI,-5.722788545454544
CC,-5.624814823140495
BIGTIME,-5.277867421487603
YGG,-5.1062626413223136
MELANIA,-3.6321660396694195
kFLOKI,-3.5535504694214874
ZRO,-3.493052895867769
MAV,-3.4346265917355367
BCH,-3.1343004892561983
COMP,-2.918029120661156
EIGEN,-2.0809177289256198
JUP,-1.8366628661157025
ONDO,-1.3320195371900825
USUAL,-1.3109991570247923
TIA,-1.109705216528925
POPCAT,-0.9512172694214872
AR,-0.9372910413223136
W,-0.8681007966942139
ALT,-0.6650744033057845
kSHIB,-0.39726889586776865
BNB,-0.1819263768595043
