coin,fundingRate_avg_5d
0G,-1198.3938897818182
POLYX,-832.3533542975206
AVNT,-625.8475917123967
MOVE,-561.2300880793389
BANANA,-389.2200674181818
LAYER,-387.26280469090904
ANIME,-361.9797831867769
KAITO,-343.63176843966943
RESOLV,-244.91525459504132
GAS,-190.8412275966942
TNSR,-179.49954482975207
INIT,-103.72724470413223
BLAST,-92.78524236694216
NIL,-89.90185216859504
SUPER,-89.28247890247934
MERL,-89.19400290247934
2Z,-88.42687739504133
MOODENG,-77.17144877355372
VVV,-65.08436312727274
HMSTR,-64.5536924628099
BIO,-54.01845240000001
ZORA,-53.727182400000004
SOPH,-51.7818853983471
USTC,-50.60002022479338
DYM,-50.21070120991735
IMX,-49.75484601322314
REZ,-36.65966318677686
XAI,-35.16418711735537
OM,-34.68783641652892
TURBO,-33.40287473057852
IP,-31.464464102479337
MANTA,-29.976305166942154
ACE,-28.46136959008263
FXS,-27.978118036363636
WCT,-26.466229636363632
HYPER,-25.45239357024794
ME,-24.702747520661156
NOT,-23.297990300826452
MEME,-21.74485243636364
FET,-20.60966285950414
IO,-20.1855890876033
ARK,-18.163904885950412
ETC,-17.95445256198347
kLUNC,-16.77062905785124
TRUMP,-16.25922894545455
GMX,-15.812403064462806
SKY,-14.778479087603309
UMA,-14.584657209917356
GOAT,-14.221645705785132
PROVE,-13.551072049586777
BABY,-13.227002727272726
ADA,-13.183417021487603
DOOD,-12.631535573553723
ZETA,-12.482369424793387
CELO,-11.868113157024792
DOT,-11.104909378512396
NEO,-11.084637580165287
CFX,-10.999034280991738
STX,-10.500960952066114
RSR,-10.303129745454543
S,-9.964281361983472
BLUR,-9.508471051239669
BSV,-9.099632439669419
SUSHI,-8.311988261157026
BERA,-7.487384122314051
POL,-7.354212575206611
YGG,-6.221166664462809
SYRUP,-6.118102730578511
SEI,-5.841772512396694
MELANIA,-4.596594257851238
ZRO,-4.528681090909091
BIGTIME,-4.300273140495866
MAV,-4.277577500826445
BCH,-4.058233616528925
CC,-3.947756261157024
JUP,-3.410960836363636
kFLOKI,-3.3460195537190076
COMP,-2.879207117355371
EIGEN,-2.6034148066115694
POPCAT,-2.244109289256198
ONDO,-2.116764952066116
USUAL,-1.8356037024793377
W,-1.591841861157024
TIA,-1.4490060793388428
SAND,-1.3209370512396688
AR,-1.059257752066115
ALT,-0.6650744033057847
BNB,-0.5342904991735538
kSHIB,-0.4066391999999998
ZK,-0.3920585057851234
WLFI,-0.24972443305785116
