coin,fundingRate_avg_5d
OMNI,-281.2266419008264
MERL,-161.58469687933888
KAITO,-152.9439885322314
BIO,-65.03678981157026
BLAST,-54.37103154049587
ME,-32.98527611900826
BERA,-16.89391628429752
ZORA,-16.432702284297523
ENA,-15.51563091570248
kLUNC,-6.496124241322313
MAV,-5.755708770247932
PYTH,-4.862589847933884
TRX,-2.285062651239668
PROVE,-0.6187991603305759
