coin,fundingRate_avg_5d
ME,-291.2984692760331
IP,-166.1814750247934
CELO,-130.14859707768593
MANTA,-128.89806725950416
STABLE,-103.05813780495868
GAS,-70.2692688495868
TNSR,-37.03132754380165
TRX,-32.430233831404955
IOTA,-29.483879504132226
PYTH,-27.582470102479334
ZETA,-23.190776588429753
BSV,-22.219218743801655
kNEIRO,-21.50805443305785
TRUMP,-18.137153583471076
0G,-16.817006380165292
MINA,-15.412567705785126
HYPER,-13.505102320661159
PROVE,-12.039838115702478
OP,-11.174977795041325
INJ,-10.7144023338843
ALT,-10.343179596694213
LAYER,-9.968548423140495
AVNT,-9.251050849586775
kSHIB,-8.185590872727271
POLYX,-6.569709689256199
ATOM,-6.087630238016529
ANIME,-5.883593186776856
ALGO,-5.698132403305783
POPCAT,-5.476376261157023
TIA,-4.200687867768594
BLUR,-2.846089973553718
GMT,-2.513149884297519
IO,-2.2857583834710735
APT,-1.2495966247933872
kPEPE,-1.0601149289256189
XAI,-0.12950031074380042
