coin,fundingRate_avg_5d
OMNI,-93.72601108
GMX,-50.798724620000016
SUPER,-47.552706619999995
SOPH,-35.221893370000004
HYPER,-34.43041714999999
REZ,-33.529873089999995
BERA,-25.84666543
BLAST,-21.802982270000005
PROVE,-2.3707122299999983
