coin,fundingRate_avg_5d
BLAST,-192.52409816528925
CHIP,-79.76117770909092
STABLE,-77.07433512396695
kLUNC,-51.83294244297521
COMP,-42.465816525619836
WIF,-37.51868109421487
2Z,-32.798431110743806
XAI,-31.6747497123967
IO,-28.696250528925617
STX,-26.110547573553717
HYPER,-25.104179950413222
WLD,-24.550288046280997
BERA,-24.221967590082645
BABY,-22.02791627107438
KAITO,-19.941466710743804
BIO,-17.146616945454547
REZ,-15.388988826446278
TRUMP,-15.115319186776864
APE,-13.617509047933885
kNEIRO,-13.084027943801654
ARB,-11.10151686942149
0G,-10.533488062809917
APT,-10.085361937190083
MEGA,-9.814605540495869
ICP,-9.159457447933884
FTT,-8.474734581818177
MERL,-8.228435236363639
USTC,-7.135106876033057
MINA,-6.848904644628098
WLFI,-6.318774783471072
IMX,-5.9650713223140475
SEI,-4.775902770247933
DYM,-4.084169732231405
ATOM,-3.9113088694214877
CAKE,-3.736435378512396
SUI,-2.9600648132231404
TIA,-2.281825795041322
BANANA,-1.9908605851239658
EIGEN,-1.6686192793388424
ORDI,-1.0648105785123962
JTO,-0.734913322314049
SCR,-0.32646999669421467
XRP,-0.15957534545454552
