coin,fundingRate_avg_5d
BLAST,-148.06142443636367
CHIP,-145.80683210578516
STABLE,-71.40986283966943
WLD,-46.168058221487605
BERA,-43.2373676429752
APE,-41.9673153322314
REZ,-39.84634992396694
kLUNC,-39.805160548760334
TRUMP,-39.634136390082645
kNEIRO,-38.701318016528916
MERL,-32.90733094214876
BIO,-28.190787669421493
WLFI,-25.10133114049587
XAI,-20.759186647933884
COMP,-20.030112119008265
0G,-18.916595216528933
MON,-17.852136485950417
KAITO,-16.723531388429752
CAKE,-15.991946142148757
SEI,-15.75588730909091
IMX,-13.323266439669423
2Z,-11.212357656198346
STX,-10.944141659504133
ALT,-10.011836578512396
AXS,-9.350001927272723
BABY,-9.053854561983469
SUI,-8.58947320661157
GRIFFAIN,-6.818311249586778
USTC,-6.097293748760328
BANANA,-5.680299649586775
ICP,-5.617066928925619
ARB,-5.253841130578513
GAS,-3.6365561752066116
XRP,-3.510690902479339
DYM,-3.037681309090908
TURBO,-2.9870897752066106
MOVE,-2.8926519074380157
GALA,-2.7687710280991737
TIA,-1.7707956297520657
BTC,-1.7480862347107442
STRK,-0.7784034644628094
SAND,-0.593574704132231
POLYX,-0.440168280991735
SUSHI,-0.3091013057851234
