coin,fundingRate_avg_5d
OMNI,-114.81678281652891
SUPER,-55.16811769586776
GMX,-54.41271466115703
REZ,-33.345925319008266
SOPH,-33.32700661487604
BERA,-32.35807677024793
HYPER,-29.895685656198346
BLAST,-16.55094997685951
TRUMP,-3.266966707438016
