coin,fundingRate_avg_5d
SOPH,-635.1223626148761
HYPER,-495.97028025123967
ZORA,-166.92567973884297
BLAST,-131.65307205619837
SYRUP,-115.82563147438015
SUPER,-97.15728162644628
MOVE,-90.99939112066114
MERL,-74.12561414876036
BERA,-65.96255167933884
GRASS,-45.451709583471064
ZRO,-32.27008872396694
REQ,-20.831274208264464
OM,-20.058742115702476
NXPC,-17.488694945454547
GMT,-14.106458221487605
USUAL,-11.27912261157025
OMNI,-10.358532763636363
REZ,-5.472282952066114
GAS,-4.910514287603302
BABY,-4.160362909090908
