coin,fundingRate_avg_5d
DOOD,-462.586842585124
0G,-268.865998829752
REZ,-70.4977455768595
BLAST,-54.712366026446276
CELO,-39.22071723966941
KAITO,-29.33162491239669
BIO,-27.7044911107438
APT,-24.699621431404964
2Z,-8.793195332231406
MAV,-8.223337785123967
SUPER,-6.9065592
ME,-2.5095517685950406
GMX,-0.0506487272727271
