coin,fundingRate_avg_5d
WCT,-804.57791909
RESOLV,-773.30756974
ZORA,-674.93564959
0G,-346.13691899
AVNT,-340.56666713000004
IP,-336.94896598
OM,-225.31516064999997
KAITO,-210.02122921999998
BIO,-199.84314874
ME,-100.74863224999999
DOOD,-96.29437519000003
BABY,-95.04888715000001
REZ,-90.87021750000001
MOODENG,-90.27631724
LAYER,-81.52594594
BSV,-79.11589984999999
YZY,-77.29840425
BLAST,-73.9307792
WLFI,-67.62760734
DYM,-56.621406830000005
POPCAT,-54.8788888
USUAL,-53.20236496
GOAT,-51.886517330000004
IO,-50.43332312
BERA,-49.33669084
MEW,-48.705221859999995
MERL,-41.972709259999995
SUPER,-41.36159633
ZETA,-39.868485719999995
ETHFI,-37.09910151
ARK,-35.60712532
GAS,-34.539141889999996
MORPHO,-34.39172715
ANIME,-33.51145811
MAVIA,-30.573708160000002
TURBO,-30.104436420000006
PROVE,-27.576196030000002
XAI,-26.92072173
ZEN,-26.698792969999996
VVV,-23.594903050000003
TNSR,-23.19230878
INIT,-21.50449403
CAKE,-21.46037502
POLYX,-21.050474180000002
MANTA,-21.02825152
TST,-19.69830613
kLUNC,-19.15544528
ZK,-19.128230150000004
2Z,-18.927019519999998
APT,-18.76083064
BANANA,-18.3616681
MELANIA,-17.3484865
kFLOKI,-17.22103288
MOVE,-16.4058156
HYPER,-15.84950304
COMP,-15.55240253
YGG,-14.29854869
STX,-12.420937590000001
ALGO,-10.857676899999998
INJ,-10.817083789999998
HEMI,-10.71329093
FXS,-10.47329759
MINA,-10.333588730000002
PYTH,-10.30204251
SEI,-10.13048156
MAV,-9.71214484
PNUT,-9.68881258
SOPH,-9.19812337
APE,-8.83254886
BRETT,-8.658227049999999
GMT,-8.41625833
PROMPT,-7.67089986
XLM,-7.1636535199999996
ALT,-6.885349779999999
AIXBT,-6.8299318300000005
ENA,-6.6593738999999985
kSHIB,-6.552498979999999
CELO,-6.184395020000001
ACE,-5.919332019999999
WLD,-5.80506147
TRUMP,-5.15686089
SAND,-5.065210120000001
kBONK,-4.9992706799999995
OP,-4.97567124
BLUR,-4.3980280800000005
ATOM,-4.229798119999999
NEO,-3.9756982600000006
RUNE,-3.772456769999999
W,-3.7052865500000003
GRASS,-3.4804195399999993
IOTA,-3.3810709199999986
AERO,-3.19527716
RSR,-2.9102537699999993
NXPC,-2.8251292
SUSHI,-1.92685179
ETC,-1.8936207299999994
WIF,-0.8584829199999998
RENDER,-0.7865049199999997
AVAX,-0.5983087299999993
FIL,-0.5882405699999997
PENGU,-0.5153179499999999
EIGEN,-0.4917484399999996
BIGTIME,-0.4096672399999996
HBAR,-0.08185927999999976
