coin,fundingRate_avg_5d
LAYER,-277.65360875702476
KAITO,-59.73328382479338
BLAST,-27.02338301157025
IO,-17.65804674049587
MOVE,-12.698338175206615
REQ,-11.237225196694217
POLYX,-6.6358245223140475
GMX,-6.527663137190082
XAI,-5.400789768595041
TRUMP,-2.976425742148759
GAS,-0.7531609090909077
