coin,fundingRate_avg_5d
ALT,-223.1097402446281
ZORA,-177.40278453223144
IO,-119.10400210909094
CHIP,-47.0067442413223
ME,-44.61614820495867
0G,-42.7831616429752
TRUMP,-40.897320426446285
COMP,-34.30675542148761
JUP,-31.94271014876033
BCH,-29.090493966942145
TRX,-26.985627411570245
kLUNC,-25.55687213553719
2Z,-23.152929768595044
MOVE,-20.38703940495868
STRK,-18.333874948760332
STABLE,-18.043250003305786
OP,-17.364821305785128
S,-17.35313792727273
ETC,-17.29955785785124
POLYX,-16.842621054545454
HEMI,-16.568501107438017
MON,-14.997652115702481
STX,-14.797270373553722
HYPER,-14.787662608264464
XLM,-13.455239821487602
APT,-13.17224331570248
ADA,-12.219130700826447
kNEIRO,-12.021363927272729
MINA,-11.815903557024795
BABY,-11.698234314049586
BSV,-11.244940512396695
INJ,-10.521287047933885
SUSHI,-9.793874747107438
DASH,-8.7453708
SNX,-8.635076608264463
AXS,-7.793423047933884
SEI,-6.951099818181818
CRV,-6.235329629752064
TON,-6.071569031404956
JTO,-5.85213827107438
AIXBT,-5.233664171900825
PENGU,-5.220506796694215
GMT,-5.12077962644628
SAND,-5.020963408264463
MEGA,-4.944519738842971
ATOM,-4.5009010314049585
ONDO,-4.404651074380165
ZETA,-4.349415292561982
INIT,-4.123697603305784
TURBO,-3.8563105487603284
VIRTUAL,-3.6727776892561974
PROVE,-3.504550938842974
PENDLE,-3.3672723272727265
MERL,-2.837430604958676
XRP,-2.658652036363637
ZK,-1.9619750280991735
DOT,-1.5010535107438017
BLUR,-1.4623321388429749
KAITO,-1.2817284495867765
LAYER,-0.9112369190082631
NOT,-0.8845891438016519
SAGA,-0.4389903867768586
MEME,-0.31401124958677396
kBONK,-0.16493704462809874
