coin,fundingRate_avg_5d
BLAST,-102.5847618842975
SOPH,-54.293080571900816
ARK,-50.18388330247934
BERA,-25.601766049586775
UMA,-24.60692832396694
HYPER,-13.039832657851237
FTT,-11.045654856198343
ZRO,-8.909026423140498
REQ,-2.655104598347106
