coin,fundingRate_avg_5d
BLAST,-99.62587035
SOPH,-77.75893423999999
ARK,-50.69333233
UMA,-31.551210279999996
BERA,-29.595427129999997
HYPER,-12.50082003
ZRO,-10.15201656
REQ,-2.342454659999998
GAS,-0.2986933699999967
