coin,fundingRate_avg_5d
AXS,-1011.6799933785122
RESOLV,-768.103617183471
BERA,-759.88888953719
0G,-592.241574753719
MEME,-326.8896325487603
ME,-245.41094245289256
DASH,-222.9963337190083
MOODENG,-208.92652994380168
AVNT,-199.20631738512398
KAITO,-170.60956670082646
LAYER,-84.38086940826446
FOGO,-71.98548171570249
ZORA,-70.78110117024794
IP,-62.07327384793387
DYM,-61.82594864132231
IO,-58.67383060165289
BLAST,-54.08476849586776
ACE,-53.92799273057852
ANIME,-53.66182773223141
MOVE,-53.36867107438017
REZ,-48.3631665322314
YZY,-47.628103348760334
MANTA,-46.744105685950416
WLFI,-46.372277712396695
SUPER,-43.305558089256195
XAI,-41.66930954380165
FET,-35.19345565289257
EIGEN,-34.106448247933876
SKY,-33.68118861818182
POPCAT,-29.88885792396694
WCT,-28.2623467338843
IMX,-26.80394790743802
APT,-25.194112571900828
ZETA,-24.66469075041322
POLYX,-24.557168628099173
TURBO,-24.461957563636364
kLUNC,-23.284224069421494
BSV,-22.75281640661157
STRK,-22.67483792727273
SAND,-21.697234234710745
BABY,-21.669640958677697
kPEPE,-21.071632680991733
AIXBT,-19.910146452892562
kFLOKI,-18.92929432066116
TRUMP,-16.71405031735537
TNSR,-16.458430621487608
GOAT,-16.427203755371902
SOPH,-16.057924145454546
FIL,-15.551042310743805
HEMI,-15.270515256198347
ZEC,-15.209472535537191
POL,-15.076236555371905
ATOM,-14.515946955371898
RSR,-14.11433498181818
AVAX,-12.538827262809917
ETC,-12.421848684297519
LINEA,-12.189145438016528
NIL,-11.672601540495869
TRX,-10.38636132892562
PROVE,-10.08424992396694
PYTH,-9.934923778512397
BCH,-9.163089590082645
SPX,-8.821756552066114
PENGU,-8.701208092561982
NOT,-8.519152849586776
RENDER,-8.326793385123965
ENA,-8.074167292561983
SAGA,-7.716581196694216
2Z,-7.446173752066117
SEI,-7.4279008264462805
PNUT,-6.994141824793387
BRETT,-6.634643732231402
ICP,-6.6323321057851246
BIGTIME,-6.4495471041322325
CAKE,-5.934983980165288
KAS,-5.776386714049587
ADA,-5.248155818181817
SNX,-5.104067573553719
XLM,-4.900213685950414
ZRO,-3.468832581818181
DOOD,-3.4472453355371906
STX,-3.1794448958677686
LTC,-3.0912946809917354
MEW,-2.860654740495869
PAXG,-2.826920776859504
STABLE,-2.823691160330578
GMT,-2.5853815140495846
JTO,-2.2632480793388425
MERL,-2.105957573553719
BTC,-1.525827659504132
BLUR,-1.4549476760330573
AERO,-1.4191641619834696
NEO,-1.0596624495867766
DOT,-0.9085307305785124
JUP,-0.7423752495867769
SOL,-0.6640268231404959
VIRTUAL,-0.0077203834710741145
