coin,fundingRate_avg_5d
OMNI,-597.08782325
KAITO,-328.55724879
BIO,-140.52033821999999
BLAST,-70.99000194000001
ME,-68.44967129
PROVE,-50.650414899999994
TRX,-27.4395101
BERA,-19.97317814
ZORA,-19.33675173
UMA,-6.036262689999999
MAV,-4.607774599999999
MERL,-3.412630279999998
WLFI,-2.20489127
