coin,fundingRate_avg_5d
PROVE,-154.34768943
OMNI,-51.574295600000006
BLAST,-46.52553311
REZ,-46.166149000000004
SOPH,-42.66815471
VVV,-36.33873059
BIO,-27.11794802
HYPER,-26.87979866
GAS,-24.29988595
ME,-21.927680140000003
GRASS,-20.270377200000002
SUPER,-18.67808952
MEW,-12.06044388
MAVIA,-10.71625473
BERA,-6.505075260000001
PENGU,-5.0563420799999985
MOODENG,-4.2324239299999995
ZRO,-3.278008789999999
ETHFI,-3.1441311700000005
SEI,-2.0789699199999996
PNUT,-0.7259901099999996
RESOLV,-0.1924009899999993
