coin,fundingRate_avg_5d
ANIME,-702.27712653
MOVE,-515.4872450299999
MELANIA,-381.48632729999997
ARK,-206.25485116000002
BABY,-163.2689968
IP,-139.45288696000003
OM,-135.91606908
REZ,-129.64655532999998
BLAST,-102.39341569
BIO,-93.32060996
GMX,-92.23388159000001
DYM,-88.12803163000001
ME,-83.70268403
BERA,-79.25151998000001
GAS,-72.90857333999999
USUAL,-72.69589879
IMX,-59.16524367000001
VIRTUAL,-49.420102830000005
OMNI,-48.29364858999999
XLM,-39.39134239
LAYER,-38.89731416
MORPHO,-34.89671195
PROMPT,-33.72278143000001
ONDO,-27.409241379999997
SEI,-25.451319330000004
PYTH,-25.37214426
kFLOKI,-23.3280917
BIGTIME,-21.800506109999997
ZRO,-21.76491131
REQ,-21.30836347
BANANA,-18.98937466
kSHIB,-18.623120519999997
ADA,-18.188444210000004
AVAX,-17.661098780000003
VVV,-15.451622380000002
APT,-15.05537546
SPX,-14.99200635
ETHFI,-14.9291351
UNI,-14.865948489999997
INJ,-14.303068119999997
FET,-12.684546430000001
RENDER,-12.386336319999998
TRUMP,-12.382402350000001
SCR,-11.57911619
ARB,-10.770284949999999
POL,-10.76232211
STRK,-10.373983280000001
MANTA,-10.295365199999999
BCH,-8.99307002
DOT,-8.86833492
XAI,-8.45390954
BNB,-7.737062679999998
EIGEN,-7.682812729999999
ZETA,-7.661717190000001
CELO,-7.401559059999999
OP,-7.159887449999999
S,-6.784086369999999
ATOM,-6.173209959999999
NEO,-6.041228149999999
KAITO,-5.30616268
POLYX,-4.231285129999998
XRP,-4.05658518
CFX,-3.8026670900000004
BSV,-3.5155704999999986
ETC,-3.193447049999999
BLUR,-3.12811059
MEW,-3.0769791999999994
GMT,-2.8051812199999993
PNUT,-2.5844708299999994
ACE,-2.3569969899999994
TIA,-2.29650919
ETH,-1.9971164799999996
DOGE,-1.76777092
SAND,-0.9305631199999999
SUPER,-0.42147133999999864
W,-0.26610032999999933
