coin,fundingRate_avg_5d
NXPC,-168.74931631
BLAST,-118.48245655000001
KAITO,-63.499374120000006
ZRO,-46.91900822
BERA,-40.880054019999996
BIO,-36.23185859
BABY,-33.699159359999996
WCT,-32.84517688999999
REZ,-27.241553810000003
IO,-26.303600169999996
OMNI,-22.66598827
PENGU,-20.23719797
XAI,-18.45933626
GMX,-16.651792750000002
PYTH,-15.076562980000002
MERL,-13.166684420000003
STG,-9.81128176
BCH,-9.57648967
MOVE,-6.005761099999998
ETHFI,-5.414526799999998
S,-2.1824437699999994
BLUR,-1.1469102999999998
