coin,fundingRate_avg_5d
MEME,-398.8981407570248
MOVE,-371.3175225619835
GMT,-358.86454402314047
MELANIA,-305.27498267107444
WCT,-301.14411634710746
ANIME,-207.94683833057854
ARK,-172.67462376198347
BIO,-170.9115304165289
BLAST,-125.23101904462811
GMX,-95.42675520991735
REZ,-87.8083113520661
MORPHO,-69.04618823801651
XAI,-68.84781912396694
REQ,-67.4264070446281
ME,-67.15795793057852
VVV,-64.01279866115702
USUAL,-58.796839824793395
IP,-57.03505323966942
DYM,-52.67310390743802
OM,-52.62766267438017
LAYER,-51.71804092561984
BERA,-48.18269026115702
TAO,-45.72744759669421
PYTH,-31.48086774545455
FET,-31.26125309752066
GAS,-31.20467508099173
TRUMP,-30.418580191735533
BIGTIME,-24.50481857851241
XLM,-23.46119851239669
VIRTUAL,-22.51980619834711
BABY,-21.206798757024796
ATOM,-17.887055583471074
SOL,-17.53200047603306
RENDER,-14.483361927272728
SEI,-13.422654069421485
POLYX,-13.012589781818182
ADA,-12.250773123966942
OGN,-11.305476456198345
IMX,-10.456843854545454
BNB,-10.356348555371902
ACE,-10.279296029752068
INJ,-9.797858737190083
OP,-9.76439119338843
SPX,-9.365276905785125
APT,-9.309621947107438
NEO,-9.030902638016526
OMNI,-8.779025127272726
BANANA,-8.73018197355372
ETC,-8.026045933884298
W,-7.934944829752067
TON,-7.61416810909091
ZRO,-7.588942204958677
MERL,-7.385396003305785
MANTA,-7.245532829752066
ONDO,-7.159183120661156
DOT,-6.197057117355371
TURBO,-6.131672042975206
BCH,-6.1068653157024775
kSHIB,-5.5761063272727265
XRP,-5.231098433057851
BSV,-5.206232340495865
IO,-5.012558876033056
kFLOKI,-4.179296092561983
SUI,-3.855962320661157
UNI,-3.7636478479338846
AVAX,-3.0086060727272725
VINE,-2.6995018710743803
BRETT,-2.538246922314049
EIGEN,-0.7937255008264463
TIA,-0.7575387371900828
DYDX,-0.5443283008264462
ETH,-0.524539388429752
ETHFI,-0.44469814214875936
POL,-0.2628159272727273
COMP,-0.2404554842975208
CFX,-0.11360851239669431
