coin,fundingRate_avg_5d
YZY,-305.08895328999995
BLUR,-210.33510878
SUPER,-195.65006669999997
MOVE,-146.39132088
BLAST,-132.39856992
COMP,-111.85367841000001
BIO,-106.86832883
WLD,-93.66323546
UMA,-83.41013507000001
FET,-82.04480731000001
FTT,-80.63781188000004
STABLE,-80.60857538000002
IP,-62.00669420999999
ACE,-59.30729583
kNEIRO,-57.58709900999999
AXS,-49.21237111000001
ALT,-45.03353867
MEME,-43.16922306000001
BOME,-34.10088785000001
AERO,-33.931373820000005
USTC,-29.602306650000003
0G,-29.47509465999999
2Z,-27.60374842
JTO,-25.49240227
ZETA,-22.416944390000005
KAITO,-22.37760104
AVNT,-21.71031023
W,-21.543390620000004
SAND,-20.0011313
MET,-19.12526124
JUP,-18.401573550000002
XAI,-18.124491829999997
PNUT,-14.91237503
TRUMP,-14.596317880000003
DYM,-14.48551118
TAO,-14.04300051
INIT,-13.10759019
PYTH,-11.849820630000002
ARB,-11.731037220000001
EIGEN,-11.281124350000002
PROVE,-11.2035582
IMX,-10.790321989999999
S,-10.73321263
MORPHO,-10.51763414
DASH,-9.08818172
OP,-8.975329559999999
kLUNC,-8.943066479999999
BABY,-8.53829608
STRK,-8.48124804
DOT,-7.924420830000001
BERA,-7.838458950000001
MERL,-6.923357959999999
TON,-6.614892809999998
BANANA,-6.527635179999999
TIA,-5.9593309099999985
GAS,-5.811713229999998
TURBO,-5.39219902
ETH,-5.18467827
USUAL,-4.745184689999998
MANTA,-4.429862649999999
YGG,-3.8249444999999995
REZ,-3.5895757099999996
ARK,-3.3216058499999983
IO,-3.1740129899999983
ANIME,-3.0538469599999982
BTC,-2.86433531
SAGA,-2.3879898699999997
LAYER,-2.0007912999999995
ENA,-1.665127809999999
ADA,-1.58216404
ONDO,-0.003594519999998978
