coin,fundingRate_avg_5d
UMA,-126.00099336198348
SOPH,-78.8642876429752
BLAST,-69.8499211338843
ME,-65.42492514049587
WCT,-58.53736355702479
IO,-45.24454209917354
KAITO,-42.414230261157016
ZRO,-39.563099305785116
BABY,-37.325622277685945
USUAL,-33.24796462809917
TRUMP,-26.323424261157022
BERA,-24.926583619834712
AIXBT,-21.47823495867769
MORPHO,-19.68310462809918
BANANA,-17.020407064462816
LAYER,-16.46169788429753
DYM,-15.894842628099171
ALT,-15.65981472396694
MOVE,-13.783560277685948
CELO,-13.576424647933887
ANIME,-10.084574261157027
HYPER,-9.823148350413222
kSHIB,-6.379368644628097
BNB,-6.339058889256196
IP,-6.0233159107438
VVV,-5.995152872727272
XAI,-4.823739609917355
MANTA,-3.1383004066115703
W,-3.1060317520661154
BIO,-2.963919937190082
TNSR,-2.4199840264462806
SEI,-2.2266095603305773
kFLOKI,-1.8691805652892557
XLM,-1.7648981950413223
DYDX,-1.7555959438016522
OMNI,-0.47855011239669315
CFX,-0.45831958016528895
MOODENG,-0.44831797685950403
SAGA,-0.30235176198347113
