coin,fundingRate_avg_5d
PROVE,-113.03113572892562
OMNI,-67.55500891239669
SOPH,-40.724713676033055
REZ,-38.071998168595044
HYPER,-35.400659335537185
BLAST,-35.003303563636365
SUPER,-27.460856687603314
BERA,-14.763497315702482
GRASS,-13.1723244
ME,-11.319482320661157
GAS,-9.826380138842975
MAVIA,-7.168014793388428
VVV,-6.091753229752065
MEW,-1.9253784991735525
ZRO,-0.11822669752066017
