coin,fundingRate_avg_5d
OMNI,-672.82102574
KAITO,-370.73992503
BIO,-94.49568877000002
BLAST,-79.15546876999998
PROVE,-68.50686752
ME,-55.451509560000005
ZORA,-35.46253202999999
BERA,-25.589823690000003
MAV,-16.22649986
PYTH,-3.1123075499999993
