coin,fundingRate_avg_5d
VVV,-93.94235315
STABLE,-70.61423882000001
TRUMP,-60.50084145000002
CHIP,-47.133298260000004
kNEIRO,-39.28634503
0G,-35.229774449999994
IO,-30.215741709999996
BLUR,-29.93630282
LAYER,-29.857094170000003
ADA,-27.7027116
HYPER,-27.26988438
ME,-24.46198683
KAITO,-23.816636170000002
TRX,-22.55381793
XAI,-22.53029295
MINA,-22.362986440000004
ANIME,-21.48068873
GAS,-21.204710769999995
BABY,-18.88116457
kSHIB,-18.582657349999998
ATOM,-18.386080030000002
MOVE,-16.252261559999994
AXS,-16.06122494
BRETT,-15.90780522
kLUNC,-14.067211690000004
AVAX,-12.44925867
DOT,-11.877752619999999
USUAL,-11.53018502
IP,-10.89682461
EIGEN,-10.730064870000003
ICP,-9.405379129999998
INIT,-8.390444799999997
UMA,-6.960683589999999
OP,-6.847629219999999
AVNT,-6.276344359999998
BCH,-6.132632179999999
SUSHI,-5.88661853
ARK,-5.75680482
REZ,-5.033757339999998
POLYX,-4.6885417999999985
STRK,-4.343968659999999
IOTA,-3.959739729999999
XLM,-3.5047789099999993
SAGA,-3.0257295499999994
ARB,-2.3337917499999996
APT,-1.9229200100000001
ALT,-1.7812671599999994
AIXBT,-1.7689608199999998
YGG,-1.5222251999999987
ZORA,-1.4512414599999985
MORPHO,-1.3094995500000002
S,-0.7916952199999988
MON,-0.6637138099999995
SEI,-0.3099667599999994
