coin,fundingRate_avg_5d
SOPH,-634.5893029500002
HYPER,-494.97812863
ZORA,-151.54640422
BLAST,-136.9663157
SYRUP,-118.00147122999999
MOVE,-86.10503446
SUPER,-84.65349735000001
MERL,-74.83457760000003
BERA,-62.02338638999999
GRASS,-45.92172383
ZRO,-31.48993992
REQ,-21.188677779999995
OM,-18.294407359999994
NXPC,-14.76593119
GMT,-14.14725254
USUAL,-9.17398373
RESOLV,-8.966825790000001
REZ,-5.609135309999998
OMNI,-5.54649547
GAS,-5.042685239999998
UMA,-2.9471289899999977
BABY,-2.4570931299999987
