coin,fundingRate_avg_5d
ZORA,-172.18898579
kLUNC,-58.29240749000001
ALT,-50.117741929999994
TRX,-48.55702529
BSV,-39.21061483
IO,-28.51872823
STABLE,-26.29108213
POLYX,-24.60726486
BIO,-21.31833235
JTO,-19.601222699999997
TRUMP,-18.57017508
BCH,-17.057301910000003
XLM,-15.99053174
ME,-15.873833940000004
S,-14.210880069999998
ETC,-14.13231309
0G,-12.966389940000003
APT,-12.904626100000002
ATOM,-11.843442620000001
MEME,-11.68455155
SNX,-11.193065909999998
COMP,-10.9306331
2Z,-10.90535539
SUSHI,-10.85510365
HYPER,-9.960727360000002
STRK,-8.85084485
CHIP,-7.361393
SEI,-7.11669773
DOT,-6.901771129999999
MOVE,-6.681159289999999
BABY,-6.4552388899999995
STX,-6.307971609999998
AXS,-5.979192749999998
OP,-5.954090969999998
JUP,-4.851999019999997
XRP,-3.5465882000000004
ADA,-2.76022198
ZK,-2.71273767
AIXBT,-2.1370158700000004
IP,-1.8937265799999994
MORPHO,-1.8575791699999997
NXPC,-1.7888460199999991
DASH,-1.5047387799999996
kNEIRO,-1.3522249899999998
INIT,-0.34518634000000115
ONDO,-0.08398211999999944
