coin,fundingRate_avg_5d
OMNI,-400.15046286999996
KAITO,-258.37366544
BIO,-251.5851341
BLAST,-82.86620549999999
ME,-66.73183529
PROVE,-41.93766195999999
TRX,-31.53261718
BERA,-27.704149699999995
MERL,-9.757374180000003
UMA,-6.3608988
WLFI,-4.149797419999999
