coin,fundingRate_avg_5d
BLAST,-369.80981232
ARK,-194.71797423
IP,-144.895875
SOPH,-114.24318741
MOVE,-88.31566791
MOODENG,-68.40560776
ZRO,-54.765195680000005
IO,-49.02514217
PENGU,-48.28106995999999
BSV,-41.33039248
DYM,-38.454141379999996
BERA,-36.35616225999999
KAITO,-36.17389732
CELO,-32.922262700000005
BIO,-31.245644690000006
XLM,-31.14123133
GRASS,-29.909755640000007
USUAL,-29.58555826
MERL,-28.235213750000003
LAYER,-25.04570724
FET,-22.816171169999997
ZETA,-20.964525440000003
TURBO,-17.62112325
BCH,-16.22458215
BABY,-15.493240410000004
ACE,-14.043176440000002
POLYX,-13.639563090000001
HYPER,-13.50113757
MEW,-11.636916129999998
TRUMP,-11.433232989999999
OMNI,-10.477924329999999
SAND,-10.1631038
GMT,-9.702836609999999
BLUR,-9.59444256
DOT,-9.39662789
SEI,-8.449193009999998
ALGO,-8.202872030000002
GMX,-7.94058668
XAI,-7.66965302
DOOD,-7.436318739999999
PYTH,-7.407234079999999
kSHIB,-7.3631931800000014
W,-6.595224419999999
APT,-6.586723569999999
TNSR,-6.126122769999999
UMA,-5.23646228
ETC,-5.06640586
SPX,-4.767530719999999
PNUT,-4.7206997600000005
JUP,-4.069720799999998
GAS,-3.531883809999999
kFLOKI,-3.4507567199999993
BNB,-2.99495421
kNEIRO,-2.979350459999999
CHILLGUY,-2.7941881499999996
NEAR,-2.1094853799999997
VVV,-1.7566544799999992
IMX,-1.3724751899999998
RESOLV,-1.1246547899999997
APE,-0.9777933900000002
AIXBT,-0.7864647699999996
STG,-0.7566982899999991
ME,-0.7504071499999998
MNT,-0.6614391299999994
KAS,-0.5300216099999988
SAGA,-0.3851574899999996
GOAT,-0.34982840999999953
