coin,fundingRate_avg_5d
0G,-301.35843952066114
BIO,-57.62196020826447
REZ,-56.28467163966942
SUPER,-56.16026950413224
BLAST,-36.51074535867768
CELO,-31.51591064132231
ME,-29.604915917355363
KAITO,-25.596159649586777
BSV,-16.05835345785124
APT,-15.404406426446279
MAV,-7.021088598347107
PAXG,-3.683679907438016
GMX,-1.249433008264463
