coin,fundingRate_avg_5d
BLAST,-85.81700493
BERA,-25.868417239999996
MOVE,-25.43414608
ZRO,-24.26654101
REZ,-20.04098711
LAYER,-19.94174434
IO,-17.12134262
BABY,-14.026501779999998
NEIROETH,-11.65534717
SOL,-3.02340158
BANANA,-2.3421838299999993
BIO,-2.08373244
BNB,-1.4045645299999994
TRUMP,-0.3621486199999999
