coin,fundingRate_avg_5d
BIO,-273.5224810809917
OMNI,-141.07384537190083
BLAST,-65.51958671404958
ME,-47.493823408264454
KAITO,-45.597722856198345
PROVE,-44.40651344132231
TRX,-37.37717161983471
BERA,-30.77503183140496
YZY,-28.394309256198337
MERL,-25.990647064462813
WLFI,-16.56263045950413
MOVE,-10.515215137190085
UMA,-5.473044565289256
USUAL,-4.093881024793389
SUPER,-0.6849769785123955
OM,-0.3055401123966933
