coin,fundingRate_avg_5d
MAVIA,-1367.2394328999997
REQ,-435.27682917000004
ZRO,-261.58707580000004
BANANA,-207.15366074
DYM,-188.26164326
OM,-168.35888165
MELANIA,-131.41380211
BLAST,-117.11236991999999
IP,-114.31902565
REZ,-102.85088187000001
BERA,-101.94983776000001
MOVE,-82.54149347
UMA,-81.54891247
ORBS,-73.47599723
MNT,-60.410219979999994
VINE,-45.363419830000005
TRX,-40.2036331
USUAL,-31.72607448
GRASS,-31.134835799999998
SEI,-31.091923480000002
ARK,-24.47499324
ATOM,-23.17668167
VIRTUAL,-22.073943670000006
IO,-21.52669479
FXS,-20.815184959999996
RDNT,-20.30361556
LAYER,-19.7447699
MANTA,-16.252911989999998
ALT,-15.98301639
TON,-15.52335364
MAV,-14.553522360000006
IMX,-14.23765501
BADGER,-13.52660143
ADA,-11.81455433
ZETA,-11.372947400000001
XLM,-10.87922066
FTT,-10.277968569999999
CYBER,-9.864401669999998
COMP,-8.875284520000001
BNB,-8.506301639999998
HMSTR,-8.449787959999998
VVV,-7.4093466999999995
BTC,-7.331000910000001
KAITO,-7.189277249999999
XAI,-6.63575402
TRUMP,-6.171859459999999
SOL,-5.447754209999999
W,-5.00512893
JTO,-4.724969529999999
FET,-4.6021901
SUI,-4.19539249
XRP,-3.8505748
AI,-3.7397870799999993
APE,-3.4559784099999997
TIA,-3.444914529999999
kSHIB,-3.4368108000000004
PYTH,-3.073154
AVAX,-3.021280929999999
UNI,-2.76521664
STG,-2.5663237599999995
ETHFI,-1.7171096500000003
ETH,-1.6366928500000002
ARB,-1.529720109999999
BIGTIME,-1.07955977
KAS,-0.8850366699999976
POL,-0.6276751699999996
CELO,-0.6149016299999992
ETC,-0.45531924999999956
OMNI,-0.4321636499999998
SCR,-0.2471809199999998
APT,-0.029436519999999845
