coin,fundingRate_avg_5d
VVV,-221.59703778
BLAST,-194.91837748
AXS,-135.14541465
ZORA,-119.57956186999999
STABLE,-96.97836402
IP,-92.17819791999999
SOPH,-89.84328854000002
ZETA,-82.7940523
ACE,-75.22870094999999
0G,-74.77446283
FTT,-59.15674355000001
MEME,-56.64872781000001
SKR,-55.448171269999996
USUAL,-52.956524320000014
TRUMP,-45.17721143
2Z,-44.93638954
YZY,-41.453618670000004
FET,-40.23358719
ATOM,-40.05636363
UMA,-39.5481223
GOAT,-37.60798159
HYPER,-37.54293932
LAYER,-34.65319709
AVNT,-34.58300978
BABY,-32.80947113
AZTEC,-32.603076769999994
POL,-32.545213319999995
JTO,-30.04110892
ICP,-28.602279650000003
INIT,-28.54115237
ALT,-28.397429240000005
PROVE,-27.88384358
NIL,-27.567701020000005
SCR,-26.734078250000003
APE,-26.612914309999997
AIXBT,-26.38674936
ZRO,-25.305962460000003
POLYX,-25.30037869
APT,-25.29956255
ANIME,-24.621166979999998
EIGEN,-23.9069379
BERA,-23.74130674
REZ,-23.022191770000003
VIRTUAL,-22.52318932
SEI,-22.054906
kLUNC,-20.93792935
BSV,-20.61508174
CELO,-20.559651380000002
MERL,-20.488972049999997
DYM,-20.306954580000003
NEO,-17.48744346
MINA,-17.46091307
XLM,-17.32502649
BIGTIME,-17.086824569999997
BIO,-15.891397739999999
MANTA,-14.354735329999999
BLUR,-14.22319079
FOGO,-13.775081019999998
MEW,-13.610970449999998
MOODENG,-13.334766189999998
DOT,-13.31668409
kSHIB,-12.95255863
kPEPE,-12.88759374
STRK,-12.73110948
DOGE,-12.51895031
ZEN,-10.956427649999998
YGG,-10.93217267
kNEIRO,-10.553799799999998
XAI,-10.349393229999999
PYTH,-9.950369389999999
KAITO,-9.64376063
WIF,-9.32015382
IMX,-8.297477109999999
TNSR,-8.081208769999998
INJ,-7.601731629999998
KAS,-7.418217660000001
W,-7.048784369999999
WLFI,-6.79436915
IO,-6.06554883
ADA,-5.98803013
SKY,-5.949018929999999
RENDER,-5.747062969999999
MOVE,-5.6151621899999995
OP,-5.5869403900000005
XRP,-5.44154264
SAND,-4.85131939
MORPHO,-4.810742339999999
SOL,-4.7909476600000005
ARK,-4.657349629999998
SUSHI,-4.60721104
PENGU,-3.83054433
S,-3.25202079
SPX,-2.44698117
GMX,-2.43632901
NXPC,-2.4361640299999974
ETC,-2.30087532
COMP,-2.2960339600000004
TIA,-2.0659124099999997
kFLOKI,-1.6429993199999995
LTC,-1.53330003
AERO,-1.0035258899999995
TAO,-0.6368096599999987
HBAR,-0.5989379899999998
BANANA,-0.35075258999999914
