coin,fundingRate_avg_5d
BLAST,-142.41078788429752
NXPC,-124.83805268429755
ZRO,-29.930808912396685
KAITO,-28.859222727272726
BERA,-26.426845834710747
BIO,-20.307463130578515
IO,-18.777269950413224
OMNI,-18.279170558677688
BABY,-11.940056647933888
XAI,-11.316078228099176
REZ,-7.663329808264463
STG,-7.127221428099175
PYTH,-3.4176169884297494
MOVE,-0.94764014876033
