coin,fundingRate_avg_5d
TNSR,-467.6465787669421
LAYER,-323.6792634049586
ACE,-153.30868687933884
VVV,-83.40686165950416
CHIP,-70.97873473388431
AXS,-62.72808529586778
STABLE,-54.56527766280991
0G,-52.37134941818182
RESOLV,-47.83193044958677
ME,-45.96870378842976
TRUMP,-45.879928066115696
S,-44.65633850578512
kNEIRO,-39.27015259834712
MINA,-38.68419040661156
KAITO,-37.956445080991735
kLUNC,-37.6411893322314
AIXBT,-36.166801695867775
PROVE,-35.46681688264463
GAS,-33.48297877685951
AVNT,-33.06254655867768
USUAL,-30.96594770578513
BABY,-30.55098216198347
BLUR,-29.23580716363636
ADA,-28.994014512396692
ANIME,-28.413849123966944
ATOM,-28.162835305785123
XAI,-27.54293354380165
HYPER,-23.397661725619837
BIO,-22.881514561983476
RSR,-19.74804229090909
kSHIB,-19.18929836033058
2Z,-18.845151262809917
YGG,-17.963134373553718
MEME,-16.628036528925623
XLM,-14.899884000000002
STRK,-14.311230099173551
ZORA,-14.044185480991736
IO,-11.512221867768593
IOTA,-11.039666925619835
BIGTIME,-10.725964085950412
DOT,-9.772599530578512
INIT,-9.703632267768594
ALT,-8.964686449586775
ARK,-8.273392859504133
MORPHO,-7.679249841322314
UMA,-7.406821804958678
BERA,-6.638363474380164
SNX,-4.970991590082645
AVAX,-4.9365647900826435
SUSHI,-4.025395923966942
TRX,-3.7244044958677684
INJ,-3.412973464462809
ARB,-3.2824349851239667
MET,-3.187361474380165
OP,-2.970590568595041
SUI,-2.6819217818181813
ICP,-2.5574038115702464
SUPER,-2.5053513123966935
FIL,-2.4886761818181817
VIRTUAL,-2.1802575768595034
SOL,-1.2486706710743798
TIA,-1.12149574214876
CRV,-1.0782626082644624
ETC,-0.7592885652892547
RENDER,-0.5186716363636354
IP,-0.4529499173553714
SAGA,-0.18607905123966947
