coin,fundingRate_avg_5d
HYPER,-349.41634689999995
YZY,-263.69908114
STABLE,-236.08351986
SKR,-171.73986789000003
CHIP,-142.38149512
BLAST,-113.73191512
AXS,-88.10103915
APE,-81.79496261999999
BIO,-73.47416712000002
TRUMP,-53.327440970000005
kNEIRO,-33.75869524
2Z,-31.40133982
COMP,-31.12769567
REZ,-29.851575370000003
MORPHO,-28.887003010000008
AZTEC,-28.78792595
AVNT,-27.3505304
0G,-26.349644190000003
TRX,-25.55684521
ALT,-23.78669157
BANANA,-19.526334919999996
INJ,-18.875112870000002
MINA,-17.87843584
BABY,-17.64902239
BLUR,-17.33194981
kLUNC,-14.5799615
USTC,-13.374070119999999
JUP,-12.740315509999999
EIGEN,-12.70736331
STRK,-12.667789279999997
WLD,-12.277161900000001
CAKE,-11.96556651
POL,-11.34570088
JTO,-10.64048219
XAI,-10.292534989999998
PROVE,-10.02571853
PNUT,-9.39868211
S,-9.01657748
DYM,-8.710579730000001
AERO,-7.839083099999998
MOVE,-7.72949842
WLFI,-7.6666133
UMA,-6.723551849999999
TIA,-5.95369604
MON,-5.444165529999999
W,-5.365184640000001
ZK,-5.084041929999999
DOT,-4.586355669999998
KAITO,-4.56634637
BERA,-4.413909959999999
SNX,-3.8505309999999997
SUI,-3.2316326200000005
IMX,-2.79983324
NOT,-2.703180509999999
ACE,-2.5176167
INIT,-1.5662814299999983
USUAL,-1.5143032399999985
MERL,-1.2956572899999996
SOL,-1.1177000799999999
TAO,-0.9106428799999998
GMX,-0.8658318299999995
MET,-0.6904383800000006
SAND,-0.40569676999999854
