coin,fundingRate_avg_5d
BLAST,-84.70913795
REZ,-24.40169029
IO,-18.93355375
BABY,-18.66435895
ZRO,-17.99610965
BERA,-17.661906159999997
MOVE,-13.19775541
LAYER,-3.4447196200000003
NEIROETH,-3.3496414999999975
BANANA,-3.1998827299999992
IP,-1.508904889999999
CELO,-1.3993318899999991
BNB,-0.7211122499999999
