coin,fundingRate_avg_5d
BLAST,-252.21403591735535
BSV,-148.96765874380165
MOVE,-132.03432752727275
ARK,-114.86335126611571
IP,-101.41355495206611
ZRO,-69.49312054214876
RESOLV,-66.47244232066117
MERL,-63.729186783471064
MAV,-55.21588213884298
KAITO,-49.23312285619835
IO,-46.69077393719009
PENGU,-46.130786955371896
GRASS,-41.27364133884298
SOPH,-37.99316613223141
BERA,-29.26965044628099
MOODENG,-27.796800515702483
BIO,-23.631463229752068
DYM,-22.41883452892562
SPX,-22.360079543801657
SEI,-21.905226317355375
OMNI,-17.255415421487605
HYPER,-15.699019705785128
XLM,-14.655174485950413
MNT,-13.036626208264464
LAYER,-12.921337368595042
FET,-11.522377676033056
VVV,-10.773533781818184
TNSR,-10.333259801652892
kSHIB,-10.085639940495868
BCH,-9.638578770247934
MEW,-9.347852469421486
TRUMP,-8.35418974214876
CELO,-8.292638796694213
W,-7.448754694214875
MEME,-7.447440694214875
GMX,-6.223547791735536
ACE,-5.909850743801653
XAI,-5.740894958677685
BLUR,-5.187288297520661
GAS,-5.066552330578512
TURBO,-5.011000175206612
BABY,-4.963051844628099
APT,-4.898007758677686
GMT,-4.305703616528925
ONDO,-4.290303391735537
kFLOKI,-3.975877309090908
DOT,-2.7737142743801653
DYDX,-2.738725676033057
ENA,-2.5518575008264457
JUP,-2.121360694214876
IMX,-1.7660333752066106
SAND,-1.4152105785123963
OP,-1.1698502181818176
NXPC,-0.8206686545454539
ZETA,-0.6839735603305781
INIT,-0.2790168595041322
ANIME,-0.010268747107438095
