coin,fundingRate_avg_5d
MAVIA,-729.0075438299999
REQ,-467.26327202
OM,-246.62310290999997
DYM,-236.48347590999998
BLAST,-133.86494282
UMA,-118.5228803
BANANA,-115.92019085999999
MELANIA,-108.23493554999999
ZETA,-101.20760442
ZRO,-90.84019624999999
ARK,-69.19801838
BERA,-64.50046254
MOVE,-59.230660430000015
ORBS,-57.15074078000003
LAYER,-51.038409169999994
BNB,-28.66745697
VINE,-27.35836622
SEI,-22.61265739
CYBER,-21.579783309999996
RDNT,-18.9686996
IMX,-18.91340137
REZ,-18.59473666
USUAL,-18.098927230000005
XAI,-17.107663149999997
VIRTUAL,-15.83243053
XRP,-15.396078140000002
ALT,-14.474575780000002
GRASS,-14.466315100000003
MANTA,-13.399012030000003
ATOM,-13.3496414
FET,-10.63663436
IO,-10.489330579999999
IP,-9.60753
ONDO,-9.06681316
VVV,-9.006193959999997
CELO,-8.85952236
SUSHI,-8.67971314
MNT,-7.48069325
XLM,-7.47712939
APE,-7.3837726099999985
TRUMP,-7.13523608
SUPER,-6.32556315
JTO,-6.07008213
BADGER,-5.784795209999999
PNUT,-5.73930453
UNI,-5.110235790000001
TIA,-4.627308669999999
PYTH,-4.498222770000001
ENA,-4.493056559999999
ME,-4.174854669999999
FTT,-3.9561181999999993
BIGTIME,-3.7359961900000003
ETHFI,-3.2579900000000004
COMP,-3.057654639999999
W,-2.9482196099999993
TON,-2.1568813600000003
AI,-1.7904563999999996
kBONK,-1.7867326700000001
kSHIB,-1.2851204699999998
kPEPE,-1.1396599399999983
NEO,-1.07023475
SOL,-0.5208316400000002
EIGEN,-0.27472454999999985
MERL,-0.12623232999999962
