coin,fundingRate_avg_5d
OMNI,-149.26042445950415
SUPER,-58.91423251239669
GMX,-58.49809124628099
BERA,-42.062883312396686
SOPH,-30.455211471074385
REZ,-29.23585204958677
HYPER,-26.326543834710744
BLAST,-22.1154134677686
IP,-15.871951517355368
TRUMP,-5.945007302479338
