coin,fundingRate_avg_5d
MOVE,-858.031950614876
LAYER,-124.53068600330577
VVV,-113.9776182545455
BLAST,-90.54744027768595
BERA,-59.98291703801654
BIO,-54.33129878677686
USUAL,-45.0375990446281
VIRTUAL,-42.49814092561983
REZ,-38.540897077685955
TRUMP,-37.82233889256199
GAS,-30.187059183471074
GMX,-25.036617907438014
ME,-23.776555616528924
ONDO,-22.987511285950415
IP,-22.38056056859504
COMP,-20.240810390082643
IO,-20.213683348760334
CELO,-19.476737851239672
MELANIA,-19.171290406611572
SEI,-18.322801874380165
ZRO,-17.735301976859503
MERL,-17.051267603305785
FET,-17.001115517355373
BCH,-16.43267477355372
TURBO,-13.858923788429752
WCT,-13.030585428099174
PROMPT,-12.640011778512395
SAGA,-11.950801765289254
ACE,-11.723156152066116
PYTH,-11.500779570247934
BNB,-11.079134707438016
ETC,-10.737926191735538
SNX,-10.659490165289256
BABY,-10.636217523966943
BANANA,-10.51130281983471
ANIME,-9.505019176859502
TON,-8.719231249586777
ARB,-7.318828690909091
BSV,-7.255152178512395
JTO,-7.014454889256199
CFX,-6.99804762644628
kSHIB,-6.700511692561983
XLM,-5.6647437719008265
POL,-5.2673930677685945
GMT,-4.804948323966943
XAI,-4.4622614677685934
TNSR,-4.071064482644628
RENDER,-3.9440835768595046
MOODENG,-3.7772598743801646
OMNI,-3.68928123966942
FTT,-2.3792941884297503
APT,-2.30049400661157
AIXBT,-2.2868139272727253
SCR,-2.2647003570247923
OP,-2.0055578380165286
NOT,-1.9804926545454538
SAND,-1.823028396694214
REQ,-1.563385616528925
BRETT,-1.1389665123966932
SPX,-0.9299565322314046
PENGU,-0.8717597256198331
ATOM,-0.8702357752066114
S,-0.5825356561983465
MEW,-0.21206874049586627
