coin,fundingRate_avg_5d
ME,-549.5814292900001
OMNI,-352.69586168
BIO,-102.93239075000001
KAITO,-81.89512008000001
BLAST,-63.97882497999999
ENA,-34.33111743999999
BERA,-33.49118017
YZY,-31.791555480000007
kLUNC,-22.19215768
OM,-19.79294625
MERL,-14.953843410000001
MAV,-13.56484394
RESOLV,-11.724425609999999
SUPER,-11.48890279
ZETA,-4.7886525399999975
REZ,-2.9242412999999976
MEW,-1.6216577699999972
PYTH,-1.5706095999999998
TRUMP,-0.768057819999999
