coin,fundingRate_avg_5d
BLAST,-119.90443523
BERA,-32.64098421
HYPER,-21.814160030000004
ARK,-18.57953587
SOPH,-15.769134419999997
ZRO,-11.59792099
VVV,-6.967842699999999
USUAL,-5.70683048
REQ,-4.959830969999999
REZ,-4.874170579999999
BSV,-1.0410887699999987
