coin,fundingRate_avg_5d
DOOD,-538.2257077
YZY,-264.94664895
PROVE,-158.28698697000002
OM,-130.45718164
BLAST,-121.52542578
ME,-115.38065661999997
REZ,-112.92243418
MAV,-110.09598149
0G,-89.95256296999999
APT,-87.12828787000001
ATOM,-81.19201473999999
TRUMP,-73.02308916999999
BSV,-66.01031277999999
IP,-61.077267699999986
MOODENG,-60.36386935999999
ZORA,-58.47983863999998
KAITO,-57.77571641000001
SOL,-46.81449265999999
AVNT,-44.20972637
HYPER,-41.34764092
XAI,-41.04459310000001
IO,-37.242976479999996
ASTER,-35.766409859999996
FARTCOIN,-34.74880519
BIO,-32.70254584
RESOLV,-32.512431209999995
kBONK,-32.339034309999995
AI16Z,-29.33704436
VINE,-28.187904639999985
SUPER,-27.26110978
VVV,-26.249929110000004
DYM,-25.48498839
USUAL,-25.145734029999996
MELANIA,-24.867197419999997
INIT,-24.192877439999997
ALGO,-21.21038141
GRASS,-21.158337519999996
CAKE,-20.795908580000006
SPX,-20.50508315
SEI,-20.309983350000003
SNX,-20.040374639999996
TURBO,-20.013350770000002
XPL,-19.27451777
ONDO,-18.771901089999993
APEX,-17.412276090000002
BERA,-17.262512939999997
TIA,-14.193942609999997
RUNE,-14.03091098
kLUNC,-13.708662699999998
IOTA,-12.56898962
PURR,-12.190096259999997
ZETA,-12.003895159999999
PUMP,-11.945436029999996
ETC,-11.886462979999997
MEME,-11.702529259999999
EIGEN,-11.639481350000004
WIF,-11.060243869999999
DOT,-10.803951819999998
kFLOKI,-10.7443955
FIL,-10.363890299999998
SAGA,-8.506330839999997
JUP,-7.623970349999996
RENDER,-7.115846549999998
SYRUP,-7.032486390000003
kSHIB,-5.997623789999999
SAND,-5.741688709999997
MEW,-5.521938999999998
NEO,-5.503643009999998
IMX,-5.243465899999999
AVAX,-5.150615009999998
XRP,-4.992935740000001
STBL,-4.548519769999995
STRK,-4.202757459999997
HYPE,-4.181291809999998
CELO,-3.9374885999999982
ZEN,-3.9008214299999975
AR,-3.7006473999999994
POPCAT,-3.201082119999997
STX,-2.8224325799999983
PENGU,-2.061771120000003
NEAR,-1.983771349999997
kNEIRO,-1.9091222799999983
PNUT,-1.7341602599999977
BANANA,-1.6343882399999972
PYTH,-1.461000829999998
LINEA,-1.3993545199999982
WLFI,-1.3309454899999975
MORPHO,-1.2305047899999964
kPEPE,-1.0541842399999986
CRV,-0.7088964299999984
GMX,-0.36250047999999946
ZRO,-0.3003665300000045
FTT,-0.26454761999999765
