coin,fundingRate_avg_5d
MEME,-399.69681095206613
MOVE,-364.4328966644628
GMT,-360.14347216859505
MELANIA,-296.20369064132234
WCT,-291.8286947008264
ANIME,-176.56352585454547
BIO,-171.59289407603308
ARK,-169.52468558677685
BLAST,-123.65124716033057
GMX,-94.16756457520663
REZ,-86.77504980495868
XAI,-72.78291827107438
REQ,-68.42435927603307
MORPHO,-67.98971413884297
VVV,-66.177695107438
ME,-65.39117018181818
USUAL,-57.90878143140496
IP,-55.31219725289256
OM,-52.99587950082645
LAYER,-52.27365514710743
DYM,-51.12065815537189
BERA,-48.05981786776859
TAO,-46.12008744793389
PYTH,-31.802832495867765
FET,-31.09370760000001
GAS,-30.707154862809915
TRUMP,-29.702602224793388
BIGTIME,-24.504818578512406
XLM,-23.667944647933886
VIRTUAL,-22.09045905123967
BABY,-21.49738388429752
ATOM,-18.917054935537188
SOL,-17.591854442975208
RENDER,-14.324758869421487
SEI,-13.86596581487603
POLYX,-13.36323810247934
ADA,-12.217977421487603
OGN,-11.305476456198345
IMX,-11.077110495867768
BNB,-10.932712393388428
INJ,-10.06619346446281
ACE,-9.962883381818182
APT,-9.603694423140494
SPX,-9.458169828099175
OP,-9.266340307438018
OMNI,-8.817093480991733
BANANA,-8.673438892561984
NEO,-8.658365176859505
ETC,-8.470452317355374
MANTA,-8.083088737190083
MERL,-8.05886987107438
W,-7.934944829752067
TON,-7.838025927272727
ZRO,-7.46784280661157
ONDO,-6.682631157024793
TURBO,-6.412855011570247
DOT,-6.341148981818181
BCH,-6.068445838016528
kSHIB,-5.487562998347108
IO,-4.959985844628099
XRP,-4.902877160330577
kFLOKI,-4.667089814876032
BSV,-4.115142485950412
SUI,-3.690489540495869
AVAX,-3.5760528099173547
UNI,-3.367052241322314
VINE,-2.6995018710743794
BRETT,-2.5382469223140482
COMP,-1.1192673719008266
ETHFI,-0.4811440859504124
DYDX,-0.4276038347107438
TIA,-0.4027638049586778
EIGEN,-0.38869061157024787
ETH,-0.20401895206611564
POL,-0.07164956033057832
