coin,fundingRate_avg_5d
RESOLV,-1724.0842364399998
TNSR,-1447.2834584
MERL,-942.84267046
SUPER,-763.3300918
ACE,-392.96185357
USUAL,-366.52125649
LAYER,-364.95149515
OM,-350.29361272
TURBO,-337.63277231
DYM,-334.67343042
0G,-300.90055493
HEMI,-232.37291818000003
KAITO,-206.80517626000002
BLAST,-106.59671261999999
XAI,-105.82788830000001
ME,-101.45831051
2Z,-94.98698607
BANANA,-89.47157983999999
DOOD,-89.00798458000001
ZORA,-88.09072279
REZ,-80.202253
WLFI,-74.07931595
MAV,-66.65056658
IP,-66.06920407
ARK,-49.993398109999994
GMX,-42.35885224999999
WCT,-33.3577953
ZRO,-31.689186120000002
ZETA,-30.72753814
APT,-29.92346942
AR,-29.78504609
BRETT,-28.0457532
MOODENG,-26.37379624
BABY,-25.771311180000005
STRK,-24.46267011
IO,-24.097538710000006
BSV,-22.94514611
ATOM,-22.67802451
FET,-22.484776720000003
BERA,-21.3883503
GRASS,-21.2748718
TRUMP,-19.98171768
MEME,-19.114127279999998
MOVE,-18.887264450000004
BIO,-18.87728827
IMX,-18.01177034
MEW,-16.58901494
INIT,-16.14598451
HYPER,-16.120398010000002
ZEC,-14.98561666
SKY,-14.860801259999999
ALT,-14.23219607
ZK,-14.02215171
MANTA,-12.847300660000002
MINA,-10.977169869999997
JUP,-10.317082699999998
FXS,-9.620726209999999
PROMPT,-8.996874779999999
W,-8.43463316
STX,-7.977564829999999
ZEN,-7.484706790000001
UMA,-7.47728853
INJ,-7.392271999999999
CELO,-7.379038560000001
SOL,-7.2020580899999995
PYTH,-6.440500190000001
SEI,-6.226247379999999
ANIME,-6.084211279999999
ADA,-5.91530388
DOT,-5.70568
ICP,-4.9146826599999995
VVV,-4.75032973
NIL,-3.711530969999999
ENS,-3.4455029099999996
kFLOKI,-3.3785933000000004
SCR,-3.319918089999999
RSR,-3.1461109299999985
PROVE,-3.1187534500000003
PENGU,-2.4060413100000004
MAVIA,-2.330214019999999
SUSHI,-1.85841064
GOAT,-1.7815847099999997
BIGTIME,-1.4039228599999996
SNX,-1.3652394299999988
kBONK,-1.0208955099999995
kSHIB,-0.9496489700000001
AERO,-0.633456769999998
ALGO,-0.366552709999999
