coin,fundingRate_avg_5d
KAITO,-99.5169353157025
LAYER,-54.615364591735535
BLAST,-45.10478896859504
POLYX,-21.952926327272724
IO,-9.158310684297522
BERA,-9.145838181818181
TRUMP,-4.156782892561981
XAI,-2.103836350413221
BCH,-1.3517758710743792
GMX,-0.7709205421487598
MOVE,-0.045931358677685594
