coin,fundingRate_avg_5d
ANIME,-666.77837847
MOVE,-465.04956673
MELANIA,-437.21981177000004
MEME,-307.11782769
GMT,-267.30521179
ARK,-214.98185370000002
BIO,-168.07160256
BLAST,-126.60925235999999
GMX,-111.11074427000001
IP,-108.40706152000001
OM,-104.40533073
REZ,-96.66232147
DYM,-94.43028441999999
ME,-94.16346795999999
GAS,-76.82946393
BERA,-75.75342933
MORPHO,-68.52087476
REQ,-60.49594971999999
LAYER,-53.29212868
BABY,-40.89958444
XLM,-38.68893201
VIRTUAL,-38.380718710000004
PYTH,-32.946902390000005
VVV,-32.15939591
OMNI,-31.425975129999998
TRUMP,-31.2062517
USUAL,-27.296444700000002
BIGTIME,-24.800275400000004
TAO,-22.40727554
FET,-22.390392830000003
ONDO,-22.359260519999996
ADA,-22.167936280000003
kFLOKI,-19.893047499999998
SPX,-18.75209838
APT,-18.67294667
RENDER,-16.95043137
SEI,-16.725801609999998
kSHIB,-16.467986780000004
OP,-16.25270102
UNI,-15.624803199999995
ZRO,-14.758795440000002
BANANA,-13.73792548
SOL,-13.30097814
DOT,-12.79260541
NEO,-12.43105174
ETC,-12.29448772
INJ,-11.81219643
STRK,-11.6335355
BNB,-11.10490162
BSV,-9.815434729999998
ETHFI,-9.29526885
POL,-9.27163291
POLYX,-9.196254569999999
AVAX,-8.64010188
ATOM,-8.50366415
ARB,-7.952340409999999
EIGEN,-7.7064574299999995
SCR,-7.326544989999998
IO,-7.17894337
BCH,-6.845839260000001
XRP,-6.55517224
TON,-6.523620909999999
ZETA,-6.204063410000002
W,-5.95005334
XAI,-5.577137949999998
TIA,-5.52068705
S,-5.225845159999999
ACE,-5.202297549999999
TURBO,-4.9106516000000004
CFX,-4.862860689999999
MANTA,-4.30221631
CELO,-3.71360782
ETH,-3.60061258
KAITO,-3.0047763599999997
VINE,-2.836740579999999
MERL,-2.33720888
SAND,-1.8147507999999994
kBONK,-1.5422169799999996
BRETT,-1.4880246999999995
SUI,-1.0733861599999999
IMX,-0.8662128899999992
BLUR,-0.53657628
WIF,-0.46948563000000004
AIXBT,-0.4357048799999999
TNSR,-0.2312559699999998
DYDX,-0.19883667000000027
NOT,-0.17139669999999974
DOGE,-0.09777619999999985
COMP,-0.045875389999999926
