coin,fundingRate_avg_5d
BABY,-634.3088785599999
STABLE,-289.17810689
MOVE,-216.33901641
LAYER,-126.33131289000002
TRX,-63.556433840000004
AVNT,-62.33302465000001
NIL,-58.431630170000005
ME,-57.799234819999995
SNX,-55.608511390000004
ZEC,-54.94432965
TRUMP,-51.565661889999994
SEI,-50.34721743
ZK,-49.83812491999999
UMA,-47.25164075
AIXBT,-47.040698490000004
BSV,-43.203503860000005
S,-42.9509516
IO,-39.833044949999994
ZORA,-39.10320774
kNEIRO,-37.49675003
MEME,-35.70545412999999
GMT,-33.18502109
MERL,-32.9181601
PROVE,-32.08162463
W,-30.079522979999993
VIRTUAL,-28.846621600000002
SAGA,-26.62269777
JTO,-25.411349639999997
STX,-24.05962324
STRK,-23.80910914
AERO,-22.63783655
POPCAT,-21.9216445
MON,-21.06363973
MOODENG,-20.8220236
ICP,-19.775388290000002
kLUNC,-18.68897674
ALT,-17.98637437
ADA,-16.695148179999997
HYPER,-16.426922819999998
CAKE,-15.468556920000005
JUP,-14.63095273
COMP,-14.45863696
WIF,-13.75520093
SOL,-13.64476872
TON,-13.025196550000004
TURBO,-11.655197519999998
MORPHO,-11.04751194
ATOM,-11.02292919
INJ,-10.38561875
APT,-9.8777979
OP,-9.54049264
WLD,-9.450952299999999
IP,-9.300549669999999
ZEN,-9.08889493
2Z,-8.998271270000002
kSHIB,-8.336629199999999
ETC,-7.337632229999998
FIL,-7.263142299999999
AVAX,-7.25914409
PUMP,-6.878260019999998
CHIP,-6.427244849999998
BIO,-6.20828646
SUSHI,-5.896510759999999
HMSTR,-4.243187049999997
MEGA,-3.944657199999999
PENGU,-3.4557053899999985
INIT,-3.454290649999999
DASH,-3.338803919999997
kFLOKI,-3.3068284599999984
kBONK,-2.5590858099999987
XRP,-2.32179712
CRV,-2.123875139999999
PNUT,-2.0517087999999992
PYTH,-1.8951902299999996
ARB,-1.6291468400000002
MELANIA,-1.6026018499999979
DOGE,-1.18204082
MINA,-1.1709214599999997
TAO,-0.92163814
PENDLE,-0.8633848699999993
XLM,-0.8508025899999999
ALGO,-0.6460405099999994
TIA,-0.33166236
RENDER,-0.29064511999999965
AXS,-0.19447053999999991
ONDO,-0.17494814999999964
XAI,-0.12560306999999934
