coin,fundingRate_avg_5d
BLAST,-118.40708332000001
HYPER,-67.26364175
USUAL,-22.64866099
SOPH,-18.049844220000004
BERA,-17.31851708
REZ,-4.740846299999999
BANANA,-2.7644588999999997
GRASS,-2.550246969999999
ZRO,-1.6598937099999997
BSV,-1.0567531099999985
RESOLV,-1.0523986599999984
OMNI,-0.04422120999999981
