coin,fundingRate_avg_5d
BLUR,-844.4970476429753
STABLE,-609.9708258148761
REZ,-315.19079010247935
DOOD,-271.27848183471076
GAS,-160.60440944132233
BLAST,-156.61176940165288
MINA,-144.78839233388427
PROVE,-129.81770147107437
SOPH,-116.74711252561983
0G,-105.22965854876031
HEMI,-96.14638414214878
BANANA,-88.44032146115703
ALT,-81.72066373884296
TURBO,-72.30033421487603
DYM,-66.59209523305786
2Z,-65.89674887603309
JTO,-61.29631976528927
POLYX,-58.64372443636364
MOODENG,-53.53348070082645
ZORA,-51.255492654545456
TRUMP,-49.924042155371886
AXS,-41.77696704793388
FTT,-41.05326218181819
LAYER,-36.597341216528925
kNEIRO,-36.261597203305776
FET,-35.86361737190082
MOVE,-35.75682862809917
MEME,-34.20146456528925
MEW,-33.355746654545456
BERA,-30.040526826446282
ANIME,-29.764116247933885
SEI,-28.745207345454546
BSV,-27.837946452892563
IO,-27.706408175206608
AERO,-27.003061983471074
IOTA,-26.669581814876032
HYPER,-25.56656026115702
APT,-25.543934122314052
INIT,-25.3029284231405
YGG,-25.13833888264463
EIGEN,-24.928151732231402
STRK,-24.81646318016529
AIXBT,-24.28040837355372
RESOLV,-23.522071824793393
DOT,-22.91058473057851
NEO,-22.66959423471074
W,-21.2197309785124
IP,-21.10560338181818
SUPER,-20.880384505785123
MERL,-20.723875160330582
BABY,-18.556806089256202
IMX,-17.485410307438016
kFLOKI,-16.637703659504133
KAS,-16.25785268429752
RSR,-15.800438786776859
AVNT,-15.090614538842976
S,-14.593070429752066
SAND,-14.429483583471074
USUAL,-13.29004214876033
MANTA,-12.525832056198347
OP,-12.350939018181817
KAITO,-12.332432975206615
ZETA,-10.962845345454543
UMA,-10.774278019834707
XAI,-10.54496438677686
POL,-10.096647857851238
CELO,-9.89360481322314
SCR,-9.704443110743801
ATOM,-9.259067335537189
TIA,-8.614711418181818
kLUNC,-8.523657371900827
APE,-7.281675431404959
ENA,-6.864624862809918
CAKE,-6.765192347107438
BIGTIME,-6.509412654545454
PENGU,-6.266049719008264
ACE,-5.505203900826445
BRETT,-5.298489619834709
BTC,-5.178124323966942
VIRTUAL,-5.118410082644628
SOL,-4.872619685950412
XRP,-3.352811087603306
TNSR,-2.9227428694214868
WLD,-2.570947785123966
ADA,-2.2433549157024792
kSHIB,-2.2324143272727266
TRX,-1.9781716165289254
SKY,-1.8493424231404954
PYTH,-1.813112221487603
GMT,-0.9857200859504128
DASH,-0.12642707107437878
HBAR,-0.09178742479338836
