coin,fundingRate_avg_5d
HYPER,-384.8999937818181
ARK,-113.45801052892566
BLAST,-93.63372510743802
SOPH,-72.34439049917356
RESOLV,-39.609763319008245
USUAL,-23.259643219834715
MOVE,-11.878393487603308
GAS,-11.625598710743803
BANANA,-2.895646958677684
GRASS,-2.7168343636363623
BSV,-1.7944773123966933
BCH,-1.785511705785124
REZ,-1.5346289256198318
OMNI,-1.4649145289256198
