coin,fundingRate_avg_5d
MELANIA,-421.59148559
BLAST,-174.31010956
MOVE,-150.96060914999998
BANANA,-132.00182879
REQ,-116.15145851
BERA,-113.82616469
LAYER,-110.39679258999999
USUAL,-93.95426164000001
REZ,-82.21778884
IP,-65.03641175
SEI,-63.32158481000001
JELLY,-63.05107528000003
MAVIA,-43.10088046
KAITO,-41.817766760000005
TIA,-36.62800112
COMP,-32.560612670000005
DYM,-30.072217139999996
MNT,-28.671903400000005
ARK,-27.028777060000003
ATOM,-26.901010999999997
RDNT,-20.82894181
CELO,-20.7696534
XRP,-20.047863709999998
IO,-19.80746157
STG,-19.65528796
XLM,-19.538235380000003
MAV,-19.41807811
MERL,-18.43425127
TNSR,-17.5039327
ADA,-16.22058978
EIGEN,-15.89827069
MANTA,-14.669850779999999
VIRTUAL,-14.443731090000002
IMX,-13.817806460000003
USTC,-12.92203587
APT,-12.818603630000002
ENA,-12.08070211
ORBS,-11.660103850000002
STRK,-10.7270361
TRX,-10.4946041
W,-10.21637993
FET,-9.812828630000002
BLUR,-9.7190959
APE,-9.652614069999998
ZETA,-9.500040420000001
ALT,-9.27656041
UMA,-9.142117770000006
PNUT,-8.74190403
ONDO,-8.6412655
GRASS,-8.1406607
SPX,-8.071434799999999
ZRO,-8.012054410000001
BNB,-7.503653209999999
OMNI,-7.2407444399999985
VINE,-7.0310825999999995
PIXEL,-6.969455269999998
SAND,-6.711183459999999
TRUMP,-6.326090939999999
DOT,-5.4410403999999986
PENGU,-5.29316503
POL,-4.719904789999999
SOL,-4.22281567
ETC,-3.8778454100000004
JTO,-3.6903361499999994
RUNE,-3.606004359999998
ME,-3.3728766699999992
ETHFI,-3.2683326399999997
CFX,-3.16262426
kSHIB,-2.9805980299999995
PYTH,-1.94565221
BSV,-1.88878156
NOT,-1.8436077000000002
BRETT,-1.8102175
BADGER,-1.158518759999998
KAS,-1.062797509999999
ACE,-1.0581488699999992
AVAX,-0.7277771499999995
INJ,-0.47193113000000003
TURBO,-0.2523828999999998
