coin,fundingRate_avg_5d
BANANA,-227.00903002
MAVIA,-209.25956036
MELANIA,-205.98177787
ZRO,-186.37729280000002
IP,-146.75765751
MOVE,-137.95512917000002
BLAST,-130.15327096
REZ,-114.69025474
LAYER,-112.96983235
BERA,-109.05905299000001
REQ,-78.09467438000001
USUAL,-72.51970161
MNT,-54.252248040000005
TRX,-46.149176499999996
SEI,-32.13074633
IO,-29.93517643
GRASS,-29.892218120000003
KAITO,-26.08652591
VINE,-24.066850969999997
MAV,-23.952390620000003
FXS,-22.343486679999998
ATOM,-22.185268670000003
IMX,-19.541427669999997
TIA,-18.77384654
ADA,-18.22191763
ARK,-15.838113580000003
OM,-15.412806819999998
XLM,-14.998590220000002
VIRTUAL,-14.140381779999998
RDNT,-13.56994372
W,-11.28591461
ZETA,-10.97202848
STRK,-10.41208709
COMP,-9.615349759999999
MERL,-9.59788889
KAS,-9.497573749999999
ALT,-9.39378308
ORBS,-9.291123180000001
MANTA,-8.9012696
TON,-8.257454860000001
EIGEN,-8.026894579999997
BADGER,-7.941880969999999
CELO,-7.913727059999999
TNSR,-7.604727549999997
XRP,-6.67936422
SOL,-5.971421899999998
SPX,-5.631249199999997
JTO,-5.39301297
TRUMP,-5.370699790000001
APT,-5.058826269999999
BNB,-4.5918700900000005
BLUR,-4.472645759999999
HMSTR,-4.459489699999999
BTC,-4.10692744
STG,-3.8964582199999995
ENA,-3.72377307
PIXEL,-3.5596041
AVAX,-3.47934498
ETHFI,-2.87880975
NOT,-2.6866817799999994
CFX,-2.65312076
LDO,-2.63903833
PNUT,-2.5391575399999997
BRETT,-2.43210523
PYTH,-2.3901010300000003
OMNI,-2.3053210199999996
APE,-2.09807475
ETC,-1.87399395
DYM,-1.4136639800000002
SUI,-1.0437846599999998
POL,-0.9267700399999997
TAO,-0.74054339
BCH,-0.5471364599999999
ARB,-0.2756122299999996
XAI,-0.2539429099999996
