coin,fundingRate_avg_5d
AZTEC,-1571.7462524727273
OM,-951.965803457851
AXS,-866.8067361917356
YZY,-774.107635755372
JTO,-591.5214332528926
INJ,-347.2308752528926
BIO,-249.62318121322315
INIT,-239.98384227768597
BERA,-233.80334228429754
ACE,-232.52610387768598
YGG,-197.94866083636364
SNX,-197.15114030082643
0G,-187.59098235371897
ZORA,-142.82435327603307
STABLE,-136.07318344462806
UMA,-133.18653105123968
MOVE,-104.16516723966943
BLAST,-102.77458456859503
SOPH,-87.92795847272727
MOODENG,-77.2719187338843
OP,-66.82979167933885
VVV,-66.060862046281
ICP,-65.54485678016529
SUPER,-63.309747847933885
AVNT,-62.42428777190083
SKR,-61.0269519371901
IO,-60.45102247933886
FET,-47.77269547438016
ME,-43.62493682975206
RESOLV,-37.81603531239669
POLYX,-35.4791836859504
2Z,-35.0403040661157
TRUMP,-35.01523960661157
NXPC,-34.8952572892562
SEI,-30.44449458842975
XAI,-29.411585613223142
S,-28.73688172561984
APT,-28.534138403305786
REZ,-28.365711114049585
IP,-28.332776409917358
MERL,-27.012331656198352
ANIME,-26.05803463140496
SCR,-23.884748132231405
SKY,-23.36259421487603
SAND,-22.95514272396694
APE,-22.386836638016533
DASH,-21.852221801652895
kFLOKI,-21.628330680991734
SPX,-20.115144208264464
MINA,-20.036614066115703
GAS,-19.129634072727278
CELO,-18.7866909322314
KAS,-17.135551834710746
STX,-16.37583612892562
BABY,-16.081838945454546
EIGEN,-14.486415619834712
DYM,-13.195203927272727
ATOM,-12.640486700826449
USTC,-12.609051332231404
BIGTIME,-12.086339960330577
POL,-11.962558264462809
IOTA,-11.680348710743802
CAKE,-10.914808690909089
XLM,-10.695998370247931
MANTA,-8.62542323305785
kLUNC,-8.575613583471075
ZK,-8.317696016528926
MEME,-8.254011540495867
SOL,-8.089604439669422
DOT,-7.647118740495867
ARK,-7.122011761983472
ALT,-6.787375418181817
XRP,-6.065955391735536
ZETA,-6.053594380165289
WCT,-6.051349358677686
RSR,-5.97746708429752
TNSR,-5.237981186776859
JUP,-5.223530806611571
W,-5.094248409917355
UNI,-4.7666620561983475
HYPER,-4.181709798347106
LTC,-4.170932102479339
kNEIRO,-4.169331411570247
kSHIB,-3.4753475603305786
VIRTUAL,-3.1858454876033058
NEO,-2.8084610677685946
COMP,-2.718279401652891
ZEN,-2.703589388429752
ARB,-2.4718613256198343
POPCAT,-2.4005853322314046
BLUR,-1.9772941685950411
TIA,-1.776075520661157
BANANA,-1.6546720561983463
TON,-1.0838885553719004
ADA,-0.9813502214876029
AERO,-0.7871562247933872
AIXBT,-0.668344561983471
PNUT,-0.6082053520661156
SUI,-0.3579582148760328
STRK,-0.2725062247933879
