coin,fundingRate_avg_5d
TNSR,-120.90751452892563
IP,-108.42360233057853
GAS,-75.83320456859504
STABLE,-73.73763881652893
TRUMP,-72.95462875041322
MANTA,-69.54806673719007
ZORA,-65.44647039669422
BSV,-64.95716358347107
LAYER,-61.51217050909092
CELO,-59.35771511404959
0G,-57.87151233719008
S,-49.29090627768595
FOGO,-48.79501281322311
AVNT,-45.07333550082644
ME,-43.65744294545455
PROVE,-37.14408901487603
POLYX,-36.93433769256198
kNEIRO,-31.313252023140492
AIXBT,-28.86212221487603
IOTA,-27.68406293553719
USUAL,-26.9289082214876
TRX,-25.38216443305785
SNX,-23.90728884297521
STRK,-20.706097428099177
kSHIB,-20.51362936859504
XAI,-19.61450296859504
MON,-19.37295357024794
MINA,-17.75051179834711
APT,-17.08146136859504
ZETA,-16.920578538842978
ADA,-16.60780672066116
INJ,-15.579439190082645
AXS,-14.188113004958677
ANIME,-14.013509553719008
KAITO,-13.63949809586777
BIO,-13.224486942148763
POPCAT,-13.046034882644628
NOT,-13.032976690909091
OP,-12.599696955371902
GMT,-12.443774747107442
YGG,-11.442715249586776
FIL,-10.043203170247935
SOPH,-9.612904730578514
kPEPE,-9.599268813223137
XRP,-8.621025857851238
WLFI,-8.344959163636362
MERL,-8.27851275371901
W,-7.4790252
DOT,-6.552233127272727
ALGO,-5.937979031404958
SUSHI,-5.5398239999999985
ETH,-5.413969586776859
PYTH,-4.978842287603306
ATOM,-4.196708221487603
HYPER,-3.2485004826446273
STX,-3.1918631008264455
ZK,-3.0846928264462807
KAS,-3.067246671074379
kFLOKI,-2.9758863867768586
DOGE,-2.63664199338843
ALT,-2.4236907371900824
MOODENG,-2.377768066115701
ARB,-1.932012932231405
