coin,fundingRate_avg_5d
0G,-412.53371129
SUPER,-392.84033266
KAITO,-387.7741669699999
PROVE,-83.92923880000001
ME,-61.18744148999999
BIO,-50.04489377
REZ,-45.64752999
BSV,-37.936594740000004
BLAST,-28.543940239999994
OM,-20.724391209999997
MAV,-13.026672610000004
BERA,-12.90298287
BABY,-9.43036484
MEW,-9.021896989999998
RESOLV,-8.92835333
TURBO,-8.892955629999998
ZETA,-7.78205696
kFLOKI,-7.081619039999999
TRUMP,-4.659046149999999
TIA,-3.677377919999999
HYPER,-2.9998780599999995
