coin,fundingRate_avg_5d
BLAST,-128.08504514380164
ARK,-50.18388330247933
SOPH,-29.27541756694215
BERA,-27.811449262809916
HYPER,-20.409123292561986
ZRO,-13.81942994380165
REQ,-4.970953219834712
REZ,-1.2525569256198348
VVV,-0.7600863768595018
