coin,fundingRate_avg_5d
MOVE,-366.6100339438017
VVV,-146.05273906115707
BLAST,-134.20981922975207
REZ,-127.43873089586778
ZORA,-57.45152970247935
BIO,-42.12521759008265
ME,-36.25041698181818
CELO,-32.352159788429745
GMX,-30.61219935867769
COMP,-28.324457305785128
BERA,-27.25899877685951
GAS,-25.862044472727277
VIRTUAL,-22.10224161322314
LAYER,-16.524198674380163
BNB,-15.493807656198348
ZRO,-14.889482042975207
PROMPT,-14.809833371900828
TAO,-12.908170581818185
ETC,-12.646284228099173
BSV,-11.05465231735537
MELANIA,-10.901117028099176
IP,-10.886698502479339
PYTH,-10.652027514049587
FTT,-9.004642185123968
TNSR,-8.856220998347107
WCT,-8.815819299173553
AIXBT,-8.374160370247933
FET,-7.752727418181819
ZETA,-7.413428003305785
CFX,-6.173469550413223
POL,-6.0393771173553725
TURBO,-5.9983535305785125
ARB,-5.496991943801654
TON,-5.138125874380165
RENDER,-5.000331074380165
IO,-4.972341788429751
BLUR,-3.5346954743801637
USUAL,-3.3841610280991734
APT,-2.480189841322314
SPX,-2.3253144892561983
SEI,-2.2171328330578506
BABY,-2.0612251041322307
SUI,-1.8559051834710736
BCH,-1.6832195206611569
ACE,-1.4375565421487597
IMX,-0.5912652495867763
ONDO,-0.04018740495867691
KAITO,-0.025241831404958677
