coin,fundingRate_avg_5d
ME,-422.66744135
OMNI,-295.29712384
KAITO,-108.24638122
BIO,-81.70070648000001
BLAST,-68.17773242
ENA,-30.232703260000005
BERA,-28.693268309999997
YZY,-14.881260240000005
kLUNC,-12.49854535
MERL,-11.374379659999999
RESOLV,-6.00664805
MAV,-4.475965799999998
PYTH,-2.49165571
SUPER,-2.141283449999998
