coin,fundingRate_avg_5d
ACE,-165.66701180826448
BLAST,-161.303198261157
SOPH,-157.7738007768595
VVV,-134.30748309421492
LAYER,-114.08147710413226
STABLE,-112.40987435702478
AXS,-108.51720112066116
ZETA,-105.27109769256197
ZORA,-77.79753321322312
IP,-77.24760647603307
UMA,-67.49510571570248
GOAT,-66.87774362975208
ATOM,-63.131061223140485
USUAL,-55.04401383471075
0G,-53.97544803966943
AZTEC,-53.516566661157015
MEME,-48.94422674380165
SKR,-44.6636433322314
BABY,-37.965692310743805
NIL,-37.82732268099174
INIT,-37.267130092561985
ICP,-34.22562117024794
2Z,-33.673635471074384
TRUMP,-29.9907910214876
FTT,-28.981520290909092
AIXBT,-28.276711685950414
ALT,-28.135364380165285
NXPC,-27.389401874380162
YZY,-26.944028995041325
AVNT,-26.924757719008266
ANIME,-26.477081176859507
DYM,-26.156241471074377
HYPER,-25.2307735338843
POLYX,-24.318017732231404
PAXG,-24.20788353719008
MERL,-24.12821025123967
BSV,-22.247689467768595
JTO,-21.043535523966938
EIGEN,-20.810802595041324
SCR,-20.78213567603306
PROVE,-19.70766593057851
YGG,-18.793795219834713
APE,-18.191982495867773
SEI,-16.66575593057851
MOVE,-15.958035530578515
VIRTUAL,-15.898270611570242
APT,-15.299549226446281
BLUR,-14.930091520661156
POL,-14.825269795041326
BIO,-14.548592796694214
kFLOKI,-14.475286800000003
REZ,-14.03392397355372
FET,-13.992510168595041
BERA,-13.85085734876033
MINA,-13.440815504132228
kLUNC,-13.366081120661157
KAS,-12.600436125619838
ZEN,-12.543973943801653
SKY,-12.399844433057854
TON,-11.732101487603307
CC,-11.041214766942153
DOGE,-10.11136465785124
ZRO,-9.87238244628099
PYTH,-9.486243818181817
IMX,-9.403538558677685
IO,-9.250313127272726
kNEIRO,-8.810121679338843
XLM,-8.784161672727272
MOODENG,-8.210932611570248
NEO,-7.875596915702478
kSHIB,-7.786210889256196
ARK,-7.456391097520659
BIGTIME,-6.7413687669421485
XAI,-6.079683976859504
WIF,-6.0053477752066105
KAITO,-5.45208934214876
SOL,-4.586652019834712
MEW,-4.580357851239669
MANTA,-4.476104439669421
DOT,-4.043492201652891
BCH,-4.011370512396692
BANANA,-3.8900546479338822
CELO,-3.4245844462809916
SUSHI,-2.696795682644628
XRP,-2.674748717355372
kPEPE,-2.5553615008264456
BTC,-2.110438204958678
RENDER,-1.9432771338842971
W,-1.9332212330578509
LTC,-1.818336366942149
JUP,-1.3353027272727274
PENGU,-0.9869479338842969
S,-0.706625761983471
WLFI,-0.2324440661157024
