coin,fundingRate_avg_5d
TURBO,-248.52727770247932
BANANA,-247.97633161983467
STABLE,-243.47898960991736
0G,-225.2675722214876
RESOLV,-224.25705120000006
JTO,-216.55924174214877
ANIME,-168.3902286644628
BLAST,-164.58628119669422
XAI,-159.50656207933883
ZETA,-137.62693450909092
GAS,-133.7731788396694
AXS,-103.72107578181817
POLYX,-98.49532094876034
REZ,-74.64946866446282
IMX,-63.38356858512398
NIL,-60.18090244958678
TST,-59.618322942148765
IP,-55.72652498181817
AERO,-53.37574567933884
2Z,-46.5639465123967
kNEIRO,-44.708039880991734
YZY,-41.951475659504126
MEME,-40.11543106115702
TRUMP,-39.7365038677686
ZORA,-37.388301163636356
MON,-34.59524321652893
INIT,-33.80785677024793
POL,-31.67317653223141
ALT,-31.612707193388434
PYTH,-31.49437696859504
SCR,-29.264386482644625
FET,-28.90300173223141
TAO,-28.389624466115706
kLUNC,-28.369517008264463
LAYER,-26.955028224793388
EIGEN,-26.46389556694215
DYM,-25.988181233057855
MOVE,-25.341498485950417
GOAT,-23.790439130578513
MOODENG,-23.464474462809918
SOPH,-23.429746492561986
DOT,-23.321824740495874
ACE,-23.309802545454545
OP,-21.981327550413226
SAND,-21.57743942479339
PROVE,-20.745020786776863
APT,-19.470516079338847
MANTA,-19.299111114049587
USUAL,-18.53777372231405
MERL,-18.507528555371902
BIGTIME,-18.15204485950413
W,-17.840623963636364
BERA,-15.732290330578515
kBONK,-15.673940766942154
USTC,-15.588864515702479
S,-15.575998899173554
BLUR,-15.36942651570248
kFLOKI,-15.062760634710745
NEO,-14.891879821487603
AVNT,-14.766733447933882
ASTER,-14.511243342148761
BABY,-14.135038264462807
kPEPE,-13.097485041322319
KAITO,-11.82905296859504
MINA,-11.795061272727274
VIRTUAL,-11.542064509090912
SEI,-11.27762110413223
ADA,-10.990166409917357
UMA,-10.142866631404958
BRETT,-8.665077798347106
ENA,-8.295082185123968
SOL,-8.281868340495867
MEW,-8.061225659504132
APE,-7.848535755371899
TIA,-7.76191600661157
PNUT,-7.619988079338843
ETC,-5.532783421487602
PUMP,-5.391557742148759
XRP,-5.135810628099174
SNX,-5.101412062809916
LIT,-4.756829137190082
BSV,-4.512910195041322
YGG,-4.325457778512396
COMP,-4.189336066115702
SPX,-4.0976442049586765
STRK,-3.6959373917355363
ONDO,-2.251758723966942
ARB,-2.1878787768595043
PENGU,-1.573710109090909
CRV,-0.521487867768595
MET,-0.15554212561983433
BNB,-0.15022531239669398
