coin,fundingRate_avg_5d
OMNI,-428.36382918
KAITO,-261.82448859
BIO,-235.04829882999996
BLAST,-83.20809077999999
ME,-66.81261927999999
PROVE,-40.65601483
TRX,-31.14384838
BERA,-26.82603854
MERL,-8.678483089999999
UMA,-6.5480656900000005
LINEA,-3.8743173199999967
WLFI,-3.128870519999999
