coin,fundingRate_avg_5d
LAYER,-1330.5882892958678
MOVE,-608.2771485917355
KAITO,-335.40262443966947
BIO,-62.90685372892563
BLAST,-60.97124847272727
REQ,-52.65372331239669
TRUMP,-48.587954647933884
BERA,-40.783869738842974
TURBO,-40.15243518347108
USUAL,-39.23743291239668
REZ,-39.09343805950413
VIRTUAL,-39.07026098181818
GMX,-37.66922567603305
IO,-35.619159798347106
MELANIA,-34.442597682644625
SEI,-28.989889348760325
PENGU,-27.005256327272722
BSV,-25.955539011570252
ZORA,-25.39226811570248
MERL,-25.164604403305784
CELO,-24.69157453884297
SNX,-23.06990813553719
ZRO,-21.682524674380165
BCH,-21.228771877685947
XLM,-20.863865752066122
BABY,-20.447285038016535
PYTH,-19.974741679338845
JTO,-17.591359973553722
SCR,-17.208553041322318
WCT,-17.04034221818182
MOODENG,-16.72015335867769
BRETT,-16.415762905785122
IP,-16.363774115702483
BANANA,-14.91679152396694
ACE,-14.08779362975207
BLUR,-14.04902592396694
VVV,-14.02556143140496
AIXBT,-11.975190763636364
ONDO,-11.573109659504134
SUI,-11.374859276033058
ALGO,-10.353445447933884
FET,-9.566809031404958
APT,-9.050913808264463
CFX,-8.297611001652893
DOT,-7.08011145123967
kSHIB,-6.59283753719008
TON,-6.459371335537189
OP,-6.311487332231404
GMT,-6.1697049223140485
ATOM,-5.651680512396694
COMP,-5.412499209917353
GAS,-5.186787312396692
BNB,-5.152925206611568
ETC,-4.807060859504132
DYM,-4.704220631404958
INJ,-4.441966502479337
SAGA,-2.8143845652892554
W,-2.693753573553719
ME,-2.5779470975206604
ANIME,-2.1810351173553717
MEW,-2.113355067768594
POL,-2.0710196528925615
SAND,-1.794781378512397
XAI,-1.7240063702479338
TNSR,-1.3625579107438017
S,-1.3353331338842966
OMNI,-1.0463486975206608
ARB,-0.49860182479338794
RENDER,-0.19339401322314023
POLYX,-0.16220406942148682
MORPHO,-0.007013067768594511
