coin,fundingRate_avg_5d
OMNI,-542.75637605
HYPER,-373.96707764
SOPH,-326.34407129
ZORA,-142.17036671
BLAST,-127.92773018000001
SUPER,-125.34571288
SYRUP,-119.95415553000001
MOVE,-117.53807087999998
BERA,-73.81532532000001
GRASS,-33.154311449999994
OM,-24.44277104
ZRO,-24.110103470000002
USUAL,-18.620198330000004
DOOD,-15.689295050000002
NXPC,-7.290837769999997
REZ,-5.405187910000003
REQ,-4.80850416
GMT,-4.559571969999999
KAITO,-2.6570350199999995
VINE,-1.968112849999999
