coin,fundingRate_avg_5d
BERA,-1131.3061834314049
ME,-537.6004405586777
AVNT,-384.624205814876
XAI,-377.42969962314044
IP,-350.02905960991734
KAITO,-326.3644734446281
RESOLV,-180.95015594380166
MOVE,-170.58586185123968
LAYER,-137.5679862247934
MEME,-130.7689860694215
BLUR,-124.83986332561985
MOODENG,-122.19265286280991
IO,-76.77415381487604
BLAST,-69.21435127933886
FOGO,-66.46170516694214
ANIME,-57.240043031404966
0G,-54.073134347107434
ZEC,-42.79275782479339
ACE,-40.66204999338843
GMT,-39.819445140495866
WLFI,-38.91394131570248
TURBO,-35.62720524297521
EIGEN,-34.85799253884298
BSV,-31.246920723966937
DYM,-31.112899963636366
ZORA,-29.089668644628098
kLUNC,-26.86599621818182
TRUMP,-22.620975510743804
STABLE,-22.609030056198353
BABY,-22.607343937190084
POLYX,-20.67924404628099
USUAL,-20.28092757024794
REZ,-20.18413536198347
WCT,-20.140721236363635
AERO,-18.430375398347106
SUPER,-18.405559259504134
ATOM,-17.97614623140496
MEW,-17.78633513057851
kFLOKI,-16.6904830214876
IMX,-16.65345935206612
FIL,-14.951716413223142
TNSR,-14.516916347107436
APT,-14.487160581818184
SKY,-12.611474449586776
SAND,-12.102888396694215
FET,-11.817219728925616
ZRO,-11.1668976
ADA,-11.08645111735537
LINEA,-10.951941679338844
POPCAT,-9.859727504132232
PURR,-9.623257457851235
kNEIRO,-9.32887150413223
BRETT,-8.857116545454545
AIXBT,-8.393375900826445
XLM,-8.049979557024793
STRK,-7.823648667768594
BCH,-7.626067229752066
PNUT,-7.45644467107438
RENDER,-7.284076105785124
MELANIA,-6.845751768595038
kBONK,-6.7299286413223145
JTO,-6.640945140495868
DOOD,-6.568392069421486
RSR,-6.3089483801652895
ETC,-5.592458568595041
VVV,-5.555842492561982
NOT,-5.521162304132232
2Z,-4.54194561322314
AVAX,-4.390910905785124
PENGU,-4.297760975206613
NEO,-3.0151413223140495
GOAT,-2.9131184528925607
SYRUP,-2.31441227107438
GMX,-2.1527164264462813
SNX,-1.3630458644628092
SEI,-1.2843926479338839
PYTH,-0.8725358181818181
ENS,-0.6673324561983465
ONDO,-0.20206930909090864
