coin,fundingRate_avg_5d
OMNI,-224.86671679338843
SUPER,-61.837392386776855
GMX,-60.170981206611565
BERA,-49.37618668760331
BLAST,-32.10565194049586
PROVE,-28.534581471074365
REZ,-21.81230081652893
HYPER,-21.732744089256194
SOPH,-17.15887949752066
GAS,-14.259799487603315
IP,-11.497948135537186
TRUMP,-9.378657262809917
BIO,-6.053298277685953
MOVE,-2.1249363669421477
