coin,fundingRate_avg_5d
LAYER,-1392.24918983
MOVE,-500.51266669999995
KAITO,-338.5484368599999
REQ,-62.73748333999999
BLAST,-49.493657629999994
BIO,-38.17856857
ZORA,-34.7555263
GMX,-32.054949699999995
TRUMP,-31.677472539999993
TURBO,-31.36792188
IO,-30.388725430000004
VIRTUAL,-27.06586836
BSV,-23.78713979
BERA,-22.420797330000003
USUAL,-22.363850760000005
PENGU,-21.688370080000002
REZ,-20.55351646
PYTH,-20.09386101
CELO,-19.290241969999997
MELANIA,-17.954112750000004
SEI,-16.842466560000002
VVV,-16.51957515
SNX,-15.548611640000003
MERL,-15.40631055
ZRO,-15.406274780000002
BABY,-15.043185920000003
SCR,-13.696709680000001
MOODENG,-13.029240749999998
XLM,-12.326834750000002
AIXBT,-11.33609262
BCH,-11.15992756
IP,-10.741806920000002
JTO,-9.202119389999998
BLUR,-8.92590418
BRETT,-8.86668658
WCT,-7.67869918
BANANA,-7.363254499999999
ALGO,-7.116907239999997
APT,-6.019868349999999
SUI,-5.399543549999998
FET,-4.48753557
GMT,-4.380546039999997
CFX,-3.7228715199999987
ACE,-3.17951062
OP,-2.938606239999999
DOT,-2.770307659999999
INJ,-2.5852161599999985
ATOM,-2.090890089999999
DYM,-1.512256319999999
ONDO,-1.185815649999999
W,-0.8604991799999998
TON,-0.766565699999999
