coin,fundingRate_avg_5d
ARK,-520.83626893
USUAL,-269.11113616
MELANIA,-184.62393865
REZ,-150.89776126
BADGER,-116.80129867000002
MOVE,-114.75531964000001
BLAST,-87.78240874999999
LAYER,-79.87356028
IMX,-53.69987674999999
BERA,-51.34465731
SAGA,-48.13332234
XLM,-46.81843466
kSHIB,-45.27751269999999
GMX,-42.76528121
DYM,-39.822081080000004
XRP,-38.74531064
BIGTIME,-38.53945867
PIXEL,-37.33899849
VIRTUAL,-35.29181058
SPX,-34.69376246
GRASS,-30.03779253
STRK,-30.020078350000002
ONDO,-29.906469180000002
kFLOKI,-29.697300090000006
AVAX,-27.98876794
IP,-27.785118380000004
ETC,-26.40886617
DOT,-24.15979384
kBONK,-23.994561259999998
UNI,-23.98798177
ADA,-22.162568590000003
SUPER,-21.671618040000002
TRUMP,-21.48387299
INJ,-21.32821071
TNSR,-21.18666517
OMNI,-20.343203459999998
EIGEN,-20.23745347
MNT,-19.828570249999995
HBAR,-18.998814290000002
SOL,-18.68588665
SEI,-18.578213110000004
STG,-17.50426339
ARB,-17.476943140000003
ETHFI,-17.31869301
MANTA,-17.03932931
S,-15.010719170000002
SUI,-14.413255779999998
SNX,-13.83390807
ZRO,-13.4483009
TON,-13.30626991
GAS,-12.97378849
JTO,-12.777087070000002
ATOM,-12.377535439999999
ENA,-12.352065739999999
RLB,-12.257234360000002
IO,-12.071125969999999
SAND,-11.521882
W,-11.221269460000004
COMP,-10.853982369999999
MAVIA,-10.682856500000002
RDNT,-10.46646333
TURBO,-10.216292329999998
OP,-10.110689800000001
NEO,-9.415030459999999
PYTH,-9.262798450000002
WIF,-8.916948539999998
ETH,-8.65846503
DOGE,-6.99425994
AI,-6.90265662
FET,-6.56075382
PNUT,-5.7148363899999985
KAITO,-5.310985059999999
CAKE,-4.8368120999999995
MAV,-4.834074599999999
MERL,-4.819704549999998
ALT,-4.771501189999999
OM,-4.067097179999998
CELO,-4.0565151
NTRN,-3.9801286300000003
BLUR,-3.910302669999999
GMT,-3.76739276
VINE,-3.73166583
JUP,-3.6679579999999987
MEW,-3.5308566999999993
CFX,-3.4869377100000003
NEAR,-3.29844295
REQ,-3.1922148099999985
BCH,-2.24560629
LTC,-1.8934666999999996
ACE,-1.8267804699999992
BSV,-1.7390162200000001
TRX,-1.68175721
CYBER,-1.4870873799999995
RUNE,-1.3475712399999997
PENDLE,-1.1097605999999995
LISTA,-1.1081056899999995
FXS,-0.4158277099999992
