coin,fundingRate_avg_5d
DOOD,-392.16669304000004
0G,-294.61217287
REZ,-61.488897910000006
BLAST,-44.64053733
BIO,-42.92596953999999
CELO,-38.70392183
KAITO,-33.19859106
2Z,-27.77361139
APT,-22.0528328
SUPER,-14.568487360000004
ME,-8.80337149
MAV,-7.545113559999998
GMX,-4.089719879999999
PAXG,-2.1751882999999985
