coin,fundingRate_avg_5d
KAITO,-105.25695603000001
BERA,-47.18486546
WCT,-45.10477572
ZRO,-42.44462652
BLAST,-41.52526378999999
GMX,-24.645394949999996
BABY,-23.0341572
REZ,-21.04959672
BCH,-20.584523940000004
MERL,-19.473140550000004
BIO,-16.05373806
IO,-14.004574039999998
PYTH,-10.65772552
POLYX,-10.568771370000002
XAI,-6.980651279999999
MOVE,-6.141347649999999
PENGU,-5.710139569999999
OMNI,-3.24394115
S,-2.98121853
