coin,fundingRate_avg_5d
HYPER,-401.54994514000003
SOPH,-393.36771605
OMNI,-312.35865390999993
ZORA,-135.94964908
BLAST,-127.93878092000001
SYRUP,-120.22589876000002
SUPER,-120.21063884
MOVE,-108.05100913
BERA,-73.95605472
GRASS,-36.68517106999999
ZRO,-26.613447209999997
OM,-23.20276092
USUAL,-18.36319964
REQ,-14.49228193
DOOD,-11.64843115
NXPC,-9.797717630000003
GMT,-7.15236553
REZ,-5.472374920000002
BABY,-4.4407476799999985
