coin,fundingRate_avg_5d
PROVE,-145.34342376198347
OMNI,-57.11281308099174
BLAST,-49.68096156694215
SOPH,-37.98143931570248
REZ,-33.683457530578515
HYPER,-27.711411510743797
GRASS,-21.87902305785124
SUPER,-18.04025567603306
ME,-15.598266674380163
BERA,-12.872261821487605
GAS,-10.540586558677687
BIO,-9.042947276033056
VVV,-7.550556029752067
MEW,-7.191101375206612
MAVIA,-5.278568221487601
ZRO,-3.1855812396694208
PNUT,-0.12311419834710681
ETHFI,-0.0732922413223138
