coin,fundingRate_avg_5d
OMNI,-686.1398414299999
KAITO,-302.38517418
BIO,-102.93223744999999
BLAST,-76.84238201
PROVE,-67.12935898
ME,-44.32167552
ZORA,-33.27375696999999
BERA,-28.06436309
MAV,-15.953786460000003
ARK,-5.332388659999997
PYTH,-4.076955829999999
