coin,fundingRate_avg_5d
BLAST,-104.01799492
SOPH,-63.03941207000001
ARK,-50.69333233
UMA,-31.547815049999993
BERA,-27.92999637
HYPER,-9.738658439999998
ZRO,-8.347280629999998
REQ,-1.5596406199999977
