coin,fundingRate_avg_5d
OM,-1073.09286863
ME,-916.2595715400001
BERA,-751.63791029
AXS,-725.9993350100001
INIT,-689.92795524
MOVE,-631.28265991
0G,-544.25842186
VVV,-455.13769680999997
YZY,-337.39266509
MOODENG,-332.86543138999997
COMP,-268.73958514000003
TNSR,-259.6995308599999
ACE,-174.84951167
DYM,-173.97843333
BLAST,-162.20486047
RESOLV,-150.95250542
LINEA,-126.59124983000001
SOPH,-121.68743613999997
AVNT,-121.09911235
ZORA,-113.10195286000001
NIL,-89.63918273000002
ARK,-84.25953533
STABLE,-83.15068139
NXPC,-60.555671749999995
WCT,-59.52858511
WLFI,-50.641171639999996
REZ,-50.27769004
MANTA,-43.78739435999999
SKR,-42.40491452
SCR,-40.98037572999999
JTO,-39.339949659999995
MINA,-38.20445656
CELO,-37.248326649999996
2Z,-34.09761672
PYTH,-30.083954809999998
TRUMP,-29.45833386
ANIME,-28.41570698
HYPER,-27.26104262
BSV,-27.07261137
AERO,-25.734760079999997
ICP,-25.214464990000003
MEW,-24.47194038
SAGA,-23.338713929999997
APT,-22.99546866
BIGTIME,-21.362171040000003
LAYER,-21.19012902
YGG,-19.868841430000003
XAI,-19.664946589999996
SEI,-17.212485309999998
ZETA,-16.58651323
SAND,-16.43905323
MERL,-15.93192223
DASH,-15.808932559999999
SOL,-14.642023909999999
MEME,-14.629934380000002
KAS,-14.519928490000002
IO,-13.913691960000001
AIXBT,-13.842305989999998
kLUNC,-13.592545249999999
XRP,-12.98998354
XLM,-12.726874019999999
ENS,-12.574601130000003
KAITO,-12.415469160000002
NEO,-12.111459929999999
POLYX,-10.361265220000002
BLUR,-10.292542289999998
SUPER,-9.025103879999998
GAS,-8.398101039999997
ZK,-8.266058639999997
kFLOKI,-7.52092209
TIA,-7.309092149999999
W,-6.447303789999998
UNI,-4.883051029999998
kSHIB,-4.6382667
GOAT,-4.53918745
FET,-4.39796895
RSR,-4.39163912
JUP,-4.160359789999999
PNUT,-4.0321455099999985
VIRTUAL,-3.7710449499999994
DOT,-3.7096570599999996
CAKE,-3.5120628499999995
SKY,-3.2658710799999993
ETC,-3.0967760699999984
OP,-2.9843699399999983
SUSHI,-2.770413509999999
STRK,-2.7643727599999988
RENDER,-2.228414789999999
EIGEN,-2.0379694699999997
STX,-1.9476261299999988
BABY,-1.037143119999999
IOTA,-0.8902839099999983
DOOD,-0.7976717299999985
FOGO,-0.7473134099999998
MON,-0.7464301099999981
PENGU,-0.70856428
SUI,-0.6743761900000002
BIO,-0.4182710199999988
SPX,-0.17430501999999964
kNEIRO,-0.1569222599999995
