coin,fundingRate_avg_5d
OMNI,-97.70244755702481
GMX,-51.45706604628101
SUPER,-50.39914039338842
REZ,-32.950732760330574
SOPH,-32.68042305123967
HYPER,-31.760627395041325
BERA,-20.938318512396698
BLAST,-16.403278819834714
