coin,fundingRate_avg_5d
BIO,-266.07405145999996
OMNI,-262.83536558000003
KAITO,-234.14367845
BLAST,-78.9306952
ME,-65.05937463
PROVE,-42.733091859999995
TRX,-32.426265660000006
BERA,-28.356497409999996
MERL,-11.489862010000001
WLFI,-7.2416817600000005
UMA,-6.21367386
MOVE,-0.565055039999998
