coin,fundingRate_avg_5d
OMNI,-671.0424233454545
KAITO,-339.6955732066116
BIO,-100.97235357024793
BLAST,-78.28792380495868
PROVE,-66.50832501818182
ME,-47.99134941818182
ZORA,-35.07895738512396
BERA,-25.762333953719008
MAV,-15.793065183471079
PYTH,-2.996090132231405
