coin,fundingRate_avg_5d
ME,-364.2427199
SOPH,-178.96446984
WCT,-164.30554569999998
BLAST,-77.47685858999999
MOVE,-74.61139762
KAITO,-67.36892965
BERA,-54.48160601
ZRO,-48.73946251000001
USUAL,-40.37877105
TRUMP,-36.37992814
BABY,-31.744296740000003
IO,-31.572332830000004
AIXBT,-30.88931928
BIO,-19.069600200000004
LAYER,-17.72206619
MORPHO,-14.308735839999999
MOODENG,-13.454995
REQ,-13.390379050000004
DYM,-11.112126430000002
OMNI,-10.361890099999998
BANANA,-8.01600955
ANIME,-7.1054404
SEI,-7.022758410000001
MANTA,-5.74664687
kBONK,-5.10241603
CELO,-4.917952329999999
kSHIB,-4.85626733
IP,-4.64473815
HYPER,-4.299797819999999
DYDX,-3.4207296299999994
BNB,-2.8013239
GMX,-1.8985591799999988
WIF,-1.49109727
ALT,-0.4827760099999994
