coin,fundingRate_avg_5d
AVNT,-731.6713549090908
BIO,-588.3913918611571
DOOD,-419.95130866115704
0G,-280.6996982181818
MERL,-247.25365768264462
BLAST,-240.0824147206612
KAITO,-229.5876936396694
REZ,-185.26551293553717
OM,-140.5587153818182
MOODENG,-110.01430756363635
ZORA,-107.13380454545455
APT,-92.56590137851238
BSV,-79.02291024793388
ME,-78.99876088264463
IO,-76.45966474710744
ZETA,-68.73817143471075
PROVE,-62.808563633057844
JUP,-62.54742079338842
SUPER,-61.9385074016529
NXPC,-57.0860567107438
kLUNC,-51.57726989752066
GRASS,-47.085719623140484
HYPER,-45.98097140826446
MAV,-45.218813761983476
VVV,-42.67016705454546
BERA,-42.0265843338843
ATOM,-41.636993107438016
DYM,-35.586317761983466
MORPHO,-34.646828757024785
UMA,-33.884642152066114
AIXBT,-30.56881563966942
kFLOKI,-29.24151853884297
IOTA,-27.516378436363635
RSR,-27.02622820165289
INIT,-24.74348658842975
MEW,-24.696748006611564
YZY,-23.611116138842974
ALT,-21.444004353719006
MEME,-20.848269332231407
SAND,-20.141045573553715
XAI,-18.618234684297523
IP,-18.403080396694218
ARK,-18.05184204297521
TIA,-16.839657133884298
RESOLV,-15.39752656859504
MOVE,-15.312155662809916
SEI,-15.22562423801653
BABY,-15.164218085950413
SKY,-14.34869756033058
TRUMP,-14.227354909090913
BANANA,-14.171597147107438
DYDX,-13.913977130578514
ZK,-13.499152760330581
ACE,-12.453002429752067
LAYER,-11.569597695867769
STX,-11.333161676033058
CELO,-10.740766314049585
WCT,-10.226695487603306
PROMPT,-10.040540419834711
VIRTUAL,-9.894947771900826
SUSHI,-9.438373676033057
GMX,-9.287829094214878
STRK,-8.887025791735535
JTO,-8.766796601652894
TRX,-8.629993636363634
POLYX,-8.478410885950414
GOAT,-8.06525091570248
WLFI,-7.88763865785124
2Z,-7.648168492561985
TURBO,-7.617802423140494
BRETT,-7.210424052892564
CFX,-7.146621570247934
BCH,-6.744194409917355
OP,-6.645324416528925
GALA,-6.6232144661157015
PNUT,-6.554050284297519
kPEPE,-5.778993719008264
SOPH,-5.295671216528926
CHILLGUY,-5.217713008264461
TNSR,-4.3962197553719005
S,-4.099892122314048
INJ,-3.5810315305785116
PENGU,-3.160433523966941
ENA,-3.1268595570247943
NEO,-3.097244965289256
PYTH,-3.0276000694214873
YGG,-2.556648714049586
GAS,-2.5267387438016518
COMP,-2.1166947272727272
GMT,-1.3269003669421482
BLUR,-0.7438658975206606
FIL,-0.7009071471074382
WLD,-0.5950631801652884
USUAL,-0.4978735140495852
BNB,-0.35793142809917344
