coin,fundingRate_avg_5d
RESOLV,-1019.3417458799997
WCT,-910.39315138
TNSR,-649.21915411
ZORA,-450.5184721600001
KAITO,-325.77798549
0G,-273.97014391
AVNT,-231.65108907
BIO,-158.60750223
LAYER,-110.68953791999999
BSV,-98.43873048000002
YZY,-93.00108823
ME,-84.64868811
REZ,-81.5358608
IP,-77.32721881
OM,-74.33804328000001
MOVE,-69.04466728000001
BLAST,-67.23186266
IO,-55.92326695
MEW,-49.60635284
MORPHO,-47.90854877
WLFI,-47.198583619999994
TURBO,-42.006233779999995
DYM,-41.244915320000004
PROVE,-40.33777498
BERA,-39.69942064
GOAT,-39.09980886
GAS,-38.96695397
MOODENG,-37.589033709999995
ZETA,-36.96704305
ZEN,-34.77560129999999
ZK,-34.72976898
USUAL,-31.952452590000004
POPCAT,-30.052253099999994
XAI,-29.367818240000005
2Z,-24.83139165
CAKE,-24.57981759
AIXBT,-21.22634505
HYPER,-20.527395600000002
APT,-19.581634610000002
TST,-17.91018135
BRETT,-16.952485590000002
MANTA,-15.10863334
STX,-14.933601240000002
MERL,-14.290750830000002
ANIME,-14.042318690000005
ZEC,-12.801936999999999
SKY,-12.72757993
COMP,-12.262236319999998
PROMPT,-12.248491879999998
SOPH,-11.951665850000003
YGG,-11.08595885
SAND,-10.931724449999999
MAV,-10.3069576
BANANA,-10.28658257
GRASS,-10.28198795
SUPER,-10.19779048
kLUNC,-10.0084679
INIT,-9.869097029999999
ALGO,-9.643914660000002
kFLOKI,-8.472655210000001
GMT,-8.254166210000001
INJ,-8.13867583
MAVIA,-7.95180605
VVV,-7.58300932
APE,-7.21037279
GMX,-6.7598233599999995
W,-6.45998462
BABY,-5.961896129999999
ETHFI,-5.930857259999998
FXS,-5.8586230299999995
PYTH,-5.791936799999998
SEI,-4.961694659999999
RSR,-4.69489718
OP,-4.337506699999999
HEMI,-3.8069215300000003
MET,-3.3841413000000062
XLM,-3.1689701499999994
ZRO,-2.9217023599999985
BLUR,-2.4166073299999993
NXPC,-2.38504432
ETC,-2.3002467899999997
SUSHI,-2.2620517299999996
FIL,-2.2548860499999996
AERO,-2.1772885099999995
ALT,-1.6624297299999993
ADA,-1.3983120800000002
ATOM,-1.0970461899999993
NEO,-1.0316849099999998
MINA,-0.9112787099999984
DOOD,-0.8653850699999992
