coin,fundingRate_avg_5d
MAVIA,-1418.1335277123967
REQ,-521.7897583636365
OM,-255.10217606280992
DYM,-232.35601363636366
BANANA,-137.08666766280993
MELANIA,-125.45991350082646
ZRO,-124.52259639669421
BLAST,-119.81767279338844
UMA,-97.09497196363637
BERA,-88.55865820165289
MOVE,-78.36949098842975
ORBS,-59.24361068429754
LAYER,-51.66505595702479
ARK,-50.17974727933884
VINE,-38.48755519338842
REZ,-33.196204611570245
MNT,-32.65638662479339
SEI,-24.478780383471076
RDNT,-21.980210469421486
IP,-20.73846671404959
BNB,-19.308975163636365
VIRTUAL,-19.294529851239673
GRASS,-19.173566558677685
MANTA,-18.73360026446281
IMX,-16.94007714049587
USUAL,-16.595613669421486
VVV,-15.987558902479337
ATOM,-15.581326571900824
FTT,-15.088309428099176
XRP,-14.864450885950415
ALT,-14.432506145454548
CYBER,-11.956501557024792
XAI,-11.514581999999999
CELO,-11.508137246280992
IO,-11.437524406611569
BADGER,-10.14216003966942
ZETA,-9.34510356694215
TRUMP,-8.479595295867767
XLM,-7.117611490909092
ONDO,-7.005917147107438
FET,-6.692073133884296
SUSHI,-6.672023593388429
ADA,-6.604542634710741
TON,-6.549178710743801
JTO,-6.385338476033057
APE,-6.008011249586776
TIA,-5.834357642975206
SUPER,-5.537363960330578
UNI,-5.263984631404959
kSHIB,-4.506597927272728
BIGTIME,-3.78657370909091
SUI,-3.767973550413222
ETHFI,-3.653416641322315
COMP,-3.491734552066115
W,-3.3965531702479335
SOL,-3.364215738842976
AI,-3.1391713388429743
PNUT,-2.6581908694214875
PYTH,-2.49729428429752
kBONK,-2.1618680925619835
NEO,-1.4247683900826447
FXS,-0.6469339636363637
PIXEL,-0.15918005950413194
