coin,fundingRate_avg_5d
REZ,-762.0275053500001
KAITO,-529.06212866
BERA,-98.07292675000001
REQ,-81.74369764000001
BLAST,-81.58994650000001
MELANIA,-77.97648665000001
USUAL,-56.65660305000001
MOVE,-53.25693976
IP,-48.949452120000004
ADA,-42.200434949999995
ENA,-39.50457414999998
ANIME,-38.68703108999999
MNT,-38.376840949999995
LAYER,-31.40814415
ARK,-29.2235352
DYM,-26.12154328
SUI,-24.09127093
PNUT,-18.683460860000004
SEI,-16.184024809999997
TNSR,-14.845633320000001
TURBO,-14.25404789
BIGTIME,-14.097827160000001
IMX,-13.97367606
RDNT,-13.746781839999999
NEAR,-13.5841247
OMNI,-13.216853669999999
kBONK,-12.02137136
CYBER,-11.7976395
FET,-10.93678335
ALT,-10.62569531
ARB,-10.593701600000001
USTC,-10.53339411
ATOM,-9.511942340000001
BNB,-9.46132268
HBAR,-9.41182722
S,-8.804199309999998
ORBS,-8.491065809999998
SOL,-7.979598609999999
ME,-7.36950622
APT,-7.30838478
APE,-7.305266949999999
W,-7.299310149999999
VIRTUAL,-7.210072029999998
XLM,-7.015895679999998
JUP,-6.748934679999999
COMP,-6.610004
EIGEN,-6.415330519999999
XRP,-5.0802306
STG,-4.731965849999999
SAND,-4.507236809999998
TIA,-4.38091761
CAKE,-4.27357914
YGG,-4.07821727
STRK,-3.3546478399999997
ETHFI,-3.2356074699999997
TON,-3.0102192399999996
PENGU,-2.475479639999999
IO,-2.2115488699999997
POL,-2.1184943099999995
ALGO,-2.0100323699999993
ACE,-1.6917319299999993
PIXEL,-1.5917182799999996
GALA,-1.2619422399999993
kSHIB,-1.1698863199999996
MAVIA,-0.8556534399999985
CELO,-0.6568525399999984
BRETT,-0.48137805999999905
