coin,fundingRate_avg_5d
PROVE,-89.23291436999999
UMA,-83.35779991
VVV,-81.43365861000001
BIO,-80.51667640999999
REZ,-55.97790453
BLAST,-51.92600740999999
GAS,-36.57012088
SOPH,-29.912789519999997
OMNI,-25.64694911
ME,-19.3543148
HYPER,-16.27397833
ZORA,-13.354501009999998
MEW,-11.60356681
SUPER,-11.563015309999999
NEO,-9.977398369999996
SEI,-8.568680869999998
GRASS,-6.227398589999998
BERA,-6.210804229999999
USUAL,-5.744375109999999
ETHFI,-4.716157699999999
TRUMP,-4.21595002
MAVIA,-4.207005329999998
INIT,-0.3183836599999997
MEME,-0.19095412999999947
