coin,fundingRate_avg_5d
BIO,-617.1097551700001
YZY,-137.32419601
PYTH,-91.92753417
BERA,-83.41941775000002
GRASS,-53.941660049999996
BLAST,-49.35296108
IP,-42.0374004
OM,-37.82701079
MAV,-34.483800589999994
OMNI,-31.91416555
BSV,-28.975952779999997
PROVE,-24.937865069999997
SUPER,-23.84057944
HYPER,-17.83586662
ZORA,-14.412890780000003
USUAL,-13.1307144
UMA,-10.935706600000001
SOPH,-10.374951989999998
TRUMP,-7.5238033999999985
ETHFI,-6.58040396
MOVE,-6.433422839999998
GMX,-6.236667399999999
VIRTUAL,-5.942107289999999
REZ,-5.62096715
W,-5.3166797899999985
MEW,-4.338500959999999
DYM,-2.6081980199999992
DYDX,-2.23077415
INIT,-2.1496842899999984
kFLOKI,-2.1267681299999994
GMT,-1.5485504599999984
VVV,-0.44478024000000016
PENGU,-0.38421797999999985
PNUT,-0.3739592899999982
