coin,fundingRate_avg_5d
OMNI,-287.012627692562
MERL,-161.58469687933885
KAITO,-150.94209686280993
BIO,-66.2459680859504
BLAST,-53.15701354710745
ME,-31.091956323966947
BERA,-17.726318271074383
ENA,-16.548964135537187
ZORA,-15.111290310743804
MAV,-11.567087702479343
kLUNC,-6.20322893553719
PROVE,-5.336263319008263
PYTH,-4.4368053421487605
TRX,-2.3641763107438005
