coin,fundingRate_avg_5d
MOVE,-364.62889406280993
BERA,-314.4526529553719
IP,-290.57594520000004
AVNT,-278.8323789719009
BLUR,-263.06170536198346
ANIME,-230.78114952396695
KAITO,-195.57577303140496
VVV,-153.47125293223138
BLAST,-140.2295833586777
GMT,-139.45616440661158
ME,-127.0656374280992
HYPER,-106.59132960000002
XAI,-73.3327204859504
POLYX,-67.82266890247935
LAYER,-56.98067029090908
0G,-49.90680595041322
REZ,-47.16066106115702
IO,-40.22614225785124
ZORA,-37.950873431404965
MEME,-25.696468889256202
FTT,-25.305898135537195
kLUNC,-19.71140304793388
BSV,-18.988726938842976
USUAL,-18.00182678677686
ZEC,-17.99496068429752
ACE,-16.87527992727273
ATOM,-13.742905190082643
WCT,-12.798122538842973
TNSR,-12.610608585123966
IMX,-9.980459127272725
MELANIA,-9.976008902479338
TRUMP,-9.945298224793387
ZETA,-9.47198601322314
WLFI,-7.5261677553719
ZEREBRO,-7.148124525619836
MEW,-6.381458013223139
AR,-5.682343408264462
SCR,-5.029173193388428
FIL,-4.698910333884298
2Z,-3.4944494280991725
FOGO,-3.4620844859504127
GMX,-3.3517931900826445
TURBO,-2.9135137388429753
STX,-2.8776071504132226
BCH,-2.6620749520661158
APT,-2.655572280991735
NOT,-2.487959454545454
TRX,-2.358509821487603
ADA,-2.142457090909091
NEO,-2.0626867933884285
USTC,-1.4674744760330571
SAND,-1.0401081024793382
SOPH,-0.5012406842975198
ICP,-0.1141565553719002
SUPER,-0.11281504462809754
