coin,fundingRate_avg_5d
MAVIA,-487.33268898
MOVE,-323.65384317
ZETA,-278.39710116000003
MEW,-148.69527607
BLAST,-137.35336243
BERA,-119.22539360999998
W,-76.33150683999999
OM,-68.98408238999998
MELANIA,-62.474492080000005
REQ,-52.41341162
MNT,-51.17828082
LAYER,-30.447633510000003
BANANA,-29.108425880000006
POLYX,-28.03474115
ZRO,-26.942693999999996
IMX,-26.176614479999998
ARK,-23.275176919999996
REZ,-18.563799990000003
BNB,-18.317176789999998
USUAL,-17.00686621
ALT,-14.249491230000004
IO,-12.565012579999998
SUSHI,-12.492219169999998
RLB,-11.198549669999993
PYTH,-10.156970340000003
RDNT,-9.93693885
XAI,-8.9447484
TURBO,-7.1656654
TRUMP,-7.129852329999999
ATOM,-7.04783318
DYM,-5.91747125
STG,-5.49747232
ADA,-5.388620559999999
SUPER,-4.946010609999998
FTT,-4.797579709999999
SEI,-3.7817102499999997
IP,-3.4850418999999997
PNUT,-3.1126864199999997
INJ,-2.39177127
ENA,-2.3431277199999996
kFLOKI,-1.5104751199999997
DYDX,-1.1886648399999995
NEIROETH,-1.0043398399999997
USTC,-0.7599117499999996
CATI,-0.5338073899999992
TIA,-0.35111686
SPX,-0.21795682999999985
MORPHO,-0.20271370000000002
