coin,fundingRate_avg_5d
WCT,-805.39834419
SOPH,-305.95271411000004
ME,-275.74691719000003
BLAST,-100.92436442
MOVE,-94.28337265
BERA,-58.03966543
ZRO,-50.83500927
KAITO,-44.27606366
BABY,-38.49583533
BIO,-30.529735879999997
IO,-30.327909860000002
REQ,-27.913109279999997
LAYER,-26.311782739999998
USUAL,-26.2086571
AIXBT,-23.98913152
XAI,-21.108389460000005
MORPHO,-19.438454600000007
TRUMP,-18.86693249
OMNI,-13.982239689999998
GMX,-9.850599560000001
SEI,-9.683517160000001
JTO,-8.715786819999998
DYM,-7.17720889
CELO,-6.485800340000001
MOODENG,-5.822196029999999
BLUR,-4.721310039999999
MANTA,-2.91347818
PYTH,-2.450025269999999
WIF,-1.747247699999999
TNSR,-1.1998206999999996
kSHIB,-0.8209871999999999
ETHFI,-0.5968969099999997
kBONK,-0.12841356999999973
