coin,fundingRate_avg_5d
BIO,-233.22111174999998
YZY,-193.13618248999998
MERL,-156.24825099999998
PROVE,-80.91934806
BLAST,-63.19353769999999
MAV,-26.241658209999997
IP,-24.71432812
MOVE,-19.273065069999998
BERA,-17.183875150000002
OMNI,-16.13018001
USUAL,-9.869386839999999
SUPER,-9.4826197
UMA,-8.34054127
VVV,-7.894828090000003
TRX,-7.647417949999999
ME,-2.8426214599999997
LINEA,-2.6909763699999982
OM,-2.49521738
REZ,-0.19153812999999936
TURBO,-0.12532494000000008
