coin,fundingRate_avg_5d
ME,-516.4834542446281
OMNI,-310.6054144363636
BIO,-100.33835617190083
KAITO,-94.59278511074379
BLAST,-64.66427262148761
ENA,-33.554987424793396
BERA,-32.84455359669422
YZY,-28.613669067768598
kLUNC,-21.311931788429753
MERL,-15.102948763636363
OM,-14.687738519008267
MAV,-13.224656350413222
RESOLV,-10.431164023140495
SUPER,-10.080694522314047
ZETA,-4.658581031404957
REZ,-1.8484266049586755
PYTH,-1.4527222016528925
MEW,-0.3630983801652862
TRUMP,-0.02489939504132106
