coin,fundingRate_avg_5d
BIO,-268.50088171
OMNI,-148.02270152
KAITO,-125.46206758
BLAST,-72.60123604
ME,-62.25425983999999
PROVE,-37.19310068999999
TRX,-35.284184999999994
BERA,-27.868004039999995
MERL,-14.718211820000004
WLFI,-10.198587640000003
MOVE,-5.870864399999998
UMA,-4.64948461
YZY,-2.667124349999998
