coin,fundingRate_avg_5d
BLAST,-118.64784681000002
ARK,-42.21016001
BERA,-30.843652669999994
HYPER,-22.3552864
SOPH,-16.90967182
ZRO,-13.067831469999998
VVV,-6.542338839999998
REQ,-4.9598309700000005
REZ,-4.874170579999999
USUAL,-0.9853525400000004
BSV,-0.5430170699999981
