coin,fundingRate_avg_5d
BLAST,-115.40960331
HYPER,-94.30112406000002
USUAL,-22.97285326
SOPH,-21.438108560000003
BERA,-16.88265379
RESOLV,-9.089080350000001
ARK,-5.64487173
REZ,-5.579257869999999
ZRO,-3.668926710000001
BANANA,-3.0110273500000004
GRASS,-2.977196959999999
BSV,-1.0567531099999987
MOVE,-0.5286214699999995
OMNI,-0.30224262999999985
