coin,fundingRate_avg_5d
HYPER,-2311.82049178
ARK,-110.71119848
BLAST,-109.7280082
SOPH,-102.87638588000002
MOVE,-75.84597216
RESOLV,-74.44272455000001
GMX,-62.941333650000026
GAS,-12.11844457
OMNI,-11.537710590000001
ZRO,-11.15925085
BABY,-7.448363010000003
BSV,-6.559928919999997
IO,-5.274374830000001
CELO,-3.583134189999997
BCH,-1.7738313800000003
