coin,fundingRate_avg_5d
BLAST,-87.28647236033059
BERA,-25.996352647933882
MOVE,-23.526944846280994
ZRO,-22.709319024793388
REZ,-21.387838998347107
LAYER,-19.985415847933886
IO,-18.416777127272727
BABY,-14.493195570247936
NEIROETH,-8.607136552066118
SOL,-2.5854625983471076
BANANA,-2.3274748066115696
BIO,-1.744509838016528
BNB,-1.0985590214876029
