coin,fundingRate_avg_5d
POLYX,-1231.9111021499998
0G,-874.7042594900001
AVNT,-584.0950956400001
MOVE,-564.91405583
ANIME,-449.79544877
BANANA,-402.90146348999997
LAYER,-351.41885589000003
RESOLV,-263.11361310999996
SUPER,-218.10784875000004
ACE,-156.00092554000003
DOOD,-131.46146381
TNSR,-131.13744746999998
VVV,-116.82165837000002
2Z,-108.18456409
SOPH,-107.87279788000001
IP,-100.23755998
MOODENG,-96.27036256999999
ZORA,-84.76466174999999
BLAST,-81.85637168
NIL,-70.81622544
YGG,-61.98784196000002
IMX,-58.24177761
TURBO,-52.712236389999994
OM,-50.62888282000001
MERL,-49.03301595000001
XAI,-46.711954670000004
DYM,-44.60383147
USTC,-44.551201389999996
REZ,-38.85371418
WCT,-38.65837567
kLUNC,-33.98608513
MANTA,-33.374797730000004
HYPER,-28.95028525
GOAT,-28.93137752
USUAL,-28.65671064
FET,-28.375334330000005
HMSTR,-28.36978779
GMX,-28.318646910000002
ME,-25.784682590000003
SYRUP,-25.405061420000003
CELO,-24.429504020000003
NOT,-23.22185261
INIT,-22.510634049999997
TRUMP,-21.86581483
SKY,-20.76935556
BIO,-19.53780176
IO,-19.35861815
ZETA,-18.9436679
HEMI,-18.249136410000002
MEME,-18.133300010000003
PROVE,-17.61126679
GMT,-14.964783920000006
BLUR,-14.847495549999998
ETC,-12.98959591
SEI,-12.88342252
ZK,-12.378195360000001
RSR,-12.337251120000001
UMA,-12.261320899999998
COMP,-12.180476319999999
S,-12.13125534
MAV,-11.729745119999999
JUP,-11.470544019999998
ZRO,-11.425265769999998
POL,-11.132517519999999
BCH,-10.899600070000002
POPCAT,-10.576609379999999
KAITO,-10.36440495
NEO,-10.107792430000002
ADA,-9.52857612
BRETT,-8.885132950000003
EIGEN,-8.842392180000001
CFX,-8.374862219999999
W,-6.90959965
FXS,-6.703483419999998
DOT,-6.669508489999999
STX,-6.66094413
JTO,-6.474326199999999
BIGTIME,-6.432008830000002
SUSHI,-5.242703049999999
AR,-4.818543849999998
STRK,-4.61836617
kSHIB,-4.44503278
kFLOKI,-4.433179039999999
PROMPT,-4.4182395900000015
ONDO,-4.40016771
BERA,-4.296325209999999
FIL,-4.216252969999999
MELANIA,-4.200996699999999
IOTA,-3.918684530000001
OP,-3.6918180499999997
BSV,-3.6519928999999993
ARK,-2.923301790000001
WLFI,-2.6588592899999997
APEX,-2.59967016
TAO,-2.4691768199999995
TIA,-2.21263365
PNUT,-2.2028421599999977
ATOM,-2.0816439099999995
ENA,-2.0511218799999993
CAKE,-1.8709454699999999
XLM,-1.76655328
SAND,-1.5785352099999992
NXPC,-1.1067602999999993
DOGE,-0.78609758
MORPHO,-0.7227218999999994
kNEIRO,-0.006641539999999525
