coin,fundingRate_avg_5d
WCT,-767.8598148
SOPH,-649.45774512
BLAST,-122.17239850000001
MOVE,-76.19677439
BERA,-57.307452070000004
LAYER,-50.4300936
BABY,-45.92997283
ZRO,-43.658482199999995
IO,-35.776789730000004
BIO,-30.613693910000006
XAI,-23.996670960000003
SEI,-20.25705397
USUAL,-19.744215829999998
MORPHO,-18.6002686
TRUMP,-15.012887999999998
KAITO,-13.70823346
OMNI,-11.495031139999998
JTO,-9.73476316
AIXBT,-7.28117257
ME,-6.4179118
REQ,-6.074391319999999
ETHFI,-5.86724871
YGG,-5.3201377999999995
CELO,-4.82141859
DYM,-4.420912850000001
PYTH,-4.314995690000001
BLUR,-4.3062524799999995
REZ,-2.8926052899999983
XLM,-1.5626642800000001
IP,-1.5390108199999997
GMX,-1.3568123099999994
MANTA,-1.1908497299999994
WIF,-1.1391752199999996
NEIROETH,-0.41499258999999833
