coin,fundingRate_avg_5d
REZ,-684.1241469024793
MELANIA,-353.43904453884295
BLAST,-202.96135292231406
KAITO,-112.54696618512398
MOVE,-111.74705728264463
USUAL,-108.13971534545456
BERA,-96.50467900165289
REQ,-95.93809378512398
SEI,-65.46676246611571
JELLY,-62.38723224793387
BANANA,-60.65475474049587
DYM,-51.86682988760331
COMP,-42.28317197355372
ALT,-36.18510213223141
IP,-36.144418085950406
USTC,-34.23412850578513
TIA,-32.61013382479338
XLM,-29.005191114049587
ADA,-28.040756380165288
RDNT,-27.8351027107438
ATOM,-27.482567732231406
TNSR,-26.970967080991738
XRP,-26.71143072396695
CELO,-25.864542158677693
STG,-20.54804530909091
APE,-20.057695259504133
ORBS,-19.827240654545456
VIRTUAL,-19.406758482644626
BLUR,-18.710696846280992
FET,-18.005904168595045
SUI,-17.232442502479344
ARK,-15.374201801652896
PNUT,-15.220712122314053
ONDO,-14.92364387107438
IMX,-14.538801143801651
LAYER,-13.742014710743799
kSHIB,-13.581393233057852
MAV,-12.535777914049588
W,-12.18584414876033
MNT,-11.631500489256197
OMNI,-11.067337666115701
SAND,-11.03370867768595
EIGEN,-10.850532733884297
APT,-10.817063742148761
kBONK,-10.299889269421486
UMA,-8.749668991735538
ZETA,-8.670238234710745
TRUMP,-8.158970608264463
BNB,-7.712950502479339
DOT,-7.704370770247935
PENGU,-7.559586069421487
MERL,-7.54221882644628
POL,-7.32729186446281
IO,-6.9868384462809905
BIGTIME,-6.554087930578511
PIXEL,-6.3854253520661155
SOL,-6.064343117355372
ME,-5.993925024793387
BRETT,-5.718488905785122
kLUNC,-5.257272009917354
ETHFI,-5.148185395041321
ENA,-5.082714892561983
MANTA,-4.852122009917355
ANIME,-4.418147266115701
CFX,-3.8580509652892556
JUP,-3.6463159735537167
GALA,-3.3914738181818183
TON,-3.2442551404958673
TRX,-2.4407495702479336
RUNE,-2.436053196694213
MAVIA,-2.270855523966941
BCH,-2.190666049586777
BSV,-2.152799682644628
ETH,-1.7512955801652892
CYBER,-1.6504650842975206
DOGE,-1.1485149123966938
AVAX,-0.8672841619834707
ACE,-0.23765662809917373
INJ,-0.21085175206611578
ETC,-0.12694398347107427
S,-0.12684262809917296
TURBO,-0.014459791735537204
