coin,fundingRate_avg_5d
BIO,-117.04893
PROMPT,-109.58219558677685
OMNI,-87.6444182677686
BLAST,-71.95460886942148
UMA,-70.76581533223143
PROVE,-63.55304779834711
VVV,-31.138095461157015
GAS,-29.232907676033054
REZ,-24.209910644628103
BERA,-22.902775299173555
BSV,-21.737177662809916
SUPER,-12.461396102479338
HYPER,-11.183717523966942
NEO,-7.936508598347109
GRASS,-6.413668750413223
ME,-5.725887123966939
MAVIA,-1.6117241652892549
PAXG,-1.4106886809917356
