coin,fundingRate_avg_5d
SOPH,-109.69267474000003
TRUMP,-92.22237168
MOVE,-54.790244900000005
TRX,-41.6637353
BRETT,-39.689307219999996
kNEIRO,-30.961396559999997
LAYER,-28.98326957
EIGEN,-27.491608009999997
ME,-25.708720980000002
STABLE,-22.990260839999998
UMA,-22.779363110000006
XLM,-21.104291970000002
GAS,-19.807483470000005
IO,-19.291315799999996
MINA,-15.09259305
HYPER,-14.479312749999998
IP,-12.95261046
MOODENG,-12.51434182
AVAX,-10.63407644
CHIP,-10.5966362
ZORA,-9.99906623
0G,-9.01083822
SKR,-8.374099370000001
ALT,-8.3623836
XAI,-7.89032034
2Z,-5.576444449999999
NOT,-5.47702648
ADA,-4.44026077
SEI,-4.3653043700000005
ETC,-4.093233369999999
IOTA,-3.8188387799999997
KAITO,-3.6751915700000004
POLYX,-3.2257152399999995
BABY,-3.1092860799999986
kLUNC,-3.0750848499999996
DOT,-1.9247026700000003
ORDI,-1.2651082500000002
AIXBT,-1.0004781399999993
RENDER,-0.9983815799999994
BNB,-0.9601938200000001
OP,-0.6931160199999993
POL,-0.43298343999999944
