coin,fundingRate_avg_5d
REZ,-477.44912992
COMP,-280.6025508800001
MELANIA,-186.49243716000004
MOVE,-164.98782122
USUAL,-109.48233327
BIGTIME,-92.3443576
BERA,-84.46632316
IP,-75.01583149
BLAST,-51.631342180000004
XRP,-40.13688993000001
LAYER,-37.47869494
MERL,-36.001555270000004
POLYX,-31.13022658
RLB,-30.526547239999996
IO,-29.23146592
W,-28.41974096
SAGA,-28.313029559999997
REQ,-26.60394115
VINE,-26.06045396
PNUT,-25.01534654
kFLOKI,-24.48759815
VIRTUAL,-22.6976126
ZRO,-22.650337070000003
DYM,-21.51958386
RDNT,-20.30917013
XLM,-20.13855818
BANANA,-19.33624219
TNSR,-19.175324640000003
TRUMP,-17.07705717
MORPHO,-16.99917712
MAVIA,-16.261216469999994
STRK,-15.774302819999999
MEW,-14.87621229
SUPER,-14.792389309999999
GRASS,-13.84320608
TURBO,-13.7386146
BNB,-12.748612689999998
ARK,-12.41855268
ADA,-12.221819140000001
AVAX,-12.20335744
SEI,-12.07717621
BADGER,-12.05260514
USTC,-11.77434812
JTO,-11.59108308
kSHIB,-11.10208163
S,-10.97505944
BSV,-10.938574040000002
SPX,-10.89491055
ALT,-10.64332335
ARB,-10.012344200000001
PENDLE,-9.663943669999998
STG,-9.546050130000001
SUSHI,-8.92320172
MANTA,-8.798817019999998
UNI,-8.64317591
IMX,-8.46971769
SNX,-8.322198559999997
XAI,-7.947176389999998
BNT,-7.560190250000001
PYTH,-7.1367647
OM,-6.6100594799999985
EIGEN,-6.566477020000001
CYBER,-6.50734775
SUI,-6.35675094
PIXEL,-6.277341539999999
DOGE,-6.1553089
ATOM,-6.084731769999999
CELO,-5.726252129999998
kBONK,-5.4265498999999995
MKR,-5.1877523000000005
SOL,-5.06965363
FXS,-4.2577469
ETHFI,-4.17850394
HPOS,-4.169418359999999
SAND,-3.6397683199999995
BLUR,-3.1545949899999997
MEME,-3.0321783699999987
HBAR,-3.0207115300000003
HMSTR,-3.02068598
AI,-2.80654267
ENA,-2.4086620099999996
ONDO,-2.0988697199999997
TIA,-2.05007579
TRX,-1.83524847
GAS,-1.6974806799999982
TST,-1.6559736099999989
STX,-1.6488590299999994
OMNI,-1.5987635099999993
FET,-1.4121959499999999
OP,-0.6983873499999997
ETH,-0.52825574
RSR,-0.20763170999999955
