coin,fundingRate_avg_5d
HYPER,-2282.7564572
SOPH,-141.72690558000002
BLAST,-123.37751899999998
ARK,-109.80740811000001
MOVE,-104.90025686000001
GMX,-89.04755642000002
RESOLV,-69.68920691000001
CELO,-51.724699689999994
IP,-26.75230343
ZRO,-25.118039290000002
IO,-17.187361629999998
OMNI,-12.88975089
BABY,-12.452906479999996
BSV,-10.906250369999995
MOODENG,-10.158604080000005
GAS,-9.394095519999997
MERL,-6.528810479999998
DYM,-5.540494139999997
TURBO,-4.0971352199999975
BCH,-3.983518020000001
W,-3.6564699899999997
VVV,-1.769440430000001
REQ,-1.5882836300000003
