coin,fundingRate_avg_5d
ANIME,-548.0859354049587
MOVE,-450.54725279008267
MELANIA,-273.79873093884294
REZ,-155.62598995041324
ARK,-135.9160739305785
OM,-130.1358458479339
BLAST,-127.33226938512395
IP,-118.27931905785124
USUAL,-98.2538808694215
GAS,-87.03879530578513
GMX,-84.00849628760332
IMX,-77.60631544462811
DYM,-77.16995305785125
BERA,-73.62108593057852
VIRTUAL,-64.87385163966943
LAYER,-49.9961593983471
OMNI,-41.9673616661157
XLM,-30.864370076033058
SPX,-30.442612998347105
ZRO,-28.705507894214882
ONDO,-25.683927609917355
SEI,-23.676776320661155
ME,-23.183305973553722
MORPHO,-22.57521790413223
BANANA,-22.229441157024795
PYTH,-21.733724340495865
kFLOKI,-20.30305779173554
SUPER,-20.064302181818185
AVAX,-19.354405537190082
APT,-15.096714684297519
ETHFI,-14.78093333553719
kSHIB,-14.257654373553718
FET,-14.135165682644628
CELO,-14.020757186776862
SCR,-13.79894385123967
ADA,-13.470535071074382
BNB,-11.603181074380167
ZETA,-11.31125226446281
XAI,-11.280083315702479
BCH,-11.017160965289255
REQ,-10.727203517355372
BIO,-10.52984361322314
INJ,-9.882801054545453
UNI,-9.504557285950414
VVV,-8.831871818181819
RENDER,-8.299258750413223
MANTA,-7.705941778512395
STRK,-7.3095496066115695
ATOM,-6.448909289256198
EIGEN,-6.002498241322314
ARB,-5.443993943801654
S,-5.438606181818182
TAO,-5.432282330578511
POL,-4.813171140495866
ETH,-4.308936852892562
BLUR,-3.950306796694215
GMT,-3.8219257388429755
POLYX,-3.6579479504132206
OP,-3.5086963735537187
DOT,-3.4664898247933866
KAITO,-2.1979592925619826
XRP,-2.1172369785123966
SAND,-0.7215937785123964
MEW,-0.6617376396694212
PNUT,-0.5017633884297515
