coin,fundingRate_avg_5d
OMNI,-86.38131676363638
HYPER,-47.65408073057851
REZ,-45.66803018181818
SOPH,-43.99195476694215
SUPER,-38.816561970247925
BERA,-24.665935973553715
BLAST,-23.779285695867767
PROVE,-13.921656971900825
GRASS,-5.351327623140495
ME,-2.0074227768595034
MAVIA,-1.4920517057851226
