coin,fundingRate_avg_5d
SOPH,-477.5414070842976
HYPER,-203.48950707768597
BLAST,-72.96264523636364
MERL,-69.42184310082644
BERA,-40.81816332892563
UMA,-36.46764543471074
ARK,-27.067114234710726
SUPER,-19.7360584661157
ZRO,-17.89468329917355
RESOLV,-8.883509484297525
REQ,-6.764264945454543
GRASS,-6.7549583504132205
GAS,-4.2829116892561965
NXPC,-2.2594841752066115
BABY,-1.262535361983468
