coin,fundingRate_avg_5d
KAITO,-100.24642144999999
BLAST,-58.48432959999999
BERA,-50.004755450000005
WCT,-45.39081235
ZRO,-44.78544525
BABY,-25.990855030000002
GMX,-25.204434059999997
REZ,-21.838430340000002
BIO,-20.577153130000003
MERL,-19.47314055
BCH,-19.078903320000002
IO,-18.37099385
PYTH,-12.21796839
PENGU,-9.437731269999999
XAI,-9.268875699999999
POLYX,-7.385095370000002
MOVE,-6.582862599999999
OMNI,-5.0117274
S,-3.5095626
