coin,fundingRate_avg_5d
REZ,-579.4815524231406
COMP,-278.16144260826445
MOVE,-177.767655907438
MELANIA,-168.69175003636366
BERA,-91.38317613223141
USUAL,-69.32779327933886
IP,-66.81583287272727
VINE,-50.72876037024793
LAYER,-45.46560540495868
BLAST,-41.44762507438016
POLYX,-38.2639652429752
XRP,-32.49754320991735
IO,-32.3907957322314
kFLOKI,-30.56072458512397
VIRTUAL,-29.918017140495866
MERL,-29.400503851239666
BIGTIME,-29.249880357024793
ZRO,-28.192993596694215
PNUT,-27.997838171900828
MORPHO,-26.18533987438017
REQ,-25.6763158214876
XAI,-25.358177236363638
SAGA,-24.01088923636364
MEW,-23.99002378512397
BANANA,-21.72570785454546
RDNT,-20.874447252892562
W,-19.132277276033054
STG,-18.605078757024796
SEI,-18.136210254545453
RLB,-17.623995679338844
BNB,-17.311588740495868
XLM,-16.160605100826444
OM,-16.121853322314053
MAVIA,-16.015449728925617
DYM,-15.26096685619835
BADGER,-14.357660995041323
TRUMP,-13.830278588429753
TURBO,-13.048193028099172
JTO,-12.933744714049588
TNSR,-12.83216056859504
MANTA,-12.099090466115705
USTC,-12.072677256198347
ALT,-11.572957626446279
kSHIB,-11.118254261157025
AVAX,-10.448639861157021
SUSHI,-10.102622033057852
CYBER,-9.113698393388432
BNT,-8.942604009917355
ADA,-8.85313689917355
FTT,-8.778009401652891
ARK,-8.511254370247933
PENDLE,-8.47590958016529
CELO,-8.287633289256199
STX,-7.894037801652891
TIA,-7.514672608264462
IMX,-7.26269084628099
MEME,-7.026888297520659
SUI,-6.9815983735537195
PYTH,-6.91636750413223
TST,-6.851818611570247
BSV,-6.844297319008264
S,-6.601037910743802
TAO,-6.26428685950413
ARB,-6.204560310743801
UNI,-6.187190171900825
DOGE,-5.872650426446279
ATOM,-5.853277795041321
SUPER,-5.558128780165288
INJ,-5.211837292561981
FET,-4.807215064462809
SOL,-4.650248895867767
kBONK,-4.647116290909091
GMT,-4.462952132231403
SPX,-4.398017365289256
SAND,-4.381788198347107
BLUR,-3.9513123867768587
GRASS,-3.9425589024793393
STRK,-3.935769540495866
ENA,-3.8269580330578505
AI,-3.7625184595041317
PIXEL,-3.7598499173553708
MAV,-2.8634449090909087
HMSTR,-2.766164747107438
EIGEN,-2.742933371900826
FXS,-2.4209657256198343
RSR,-2.346940829752066
MKR,-1.7708890214876032
TRX,-0.8703812925619834
OP,-0.6596888132231409
ETH,-0.4906533917355371
NOT,-0.3910840462809912
