coin,fundingRate_avg_5d
OMNI,-230.1660505586777
MERL,-159.2257584694215
KAITO,-102.96797061818181
BIO,-68.77511619173553
BLAST,-42.91191337190083
BERA,-31.845745636363628
ZORA,-29.827451771900826
ME,-29.434997980165285
MAV,-25.99322149090909
ARK,-14.58463549090909
PROVE,-13.608014945454547
PYTH,-4.979391054545454
TRX,-1.9513218545454527
