coin,fundingRate_avg_5d
YZY,-226.45054216859506
BLUR,-206.22342199338843
SUPER,-193.94262813223136
MOVE,-146.72891911735536
BLAST,-138.7935102247934
BIO,-113.18700870743801
COMP,-96.8638288661157
WLD,-87.04092014876034
STABLE,-79.21541522975208
FET,-77.619369292562
UMA,-71.55455776859503
FTT,-69.61377397685955
kNEIRO,-62.95295087603304
IP,-60.033070571900836
AXS,-52.78435083966942
MEME,-44.973121100826454
ALT,-42.55524454214876
AERO,-36.47307663471074
USTC,-35.829106591735545
BOME,-33.728566462809916
2Z,-30.367278446280995
0G,-24.540719375206614
JTO,-21.520069388429754
W,-19.871637927272726
AVNT,-19.57071165619835
JUP,-19.32205145454546
MET,-18.876705361983472
SAND,-18.652663656198346
KAITO,-17.332582333884293
PNUT,-17.22906230082645
ZETA,-16.63483023471074
MORPHO,-15.575071497520659
TRUMP,-14.769485246280993
INIT,-12.921945500826444
TAO,-12.613828790082646
IMX,-12.026318757024793
DYM,-11.457097576859505
XAI,-11.260759190082643
PYTH,-11.061792079338844
PROVE,-10.911181616528923
S,-10.80267345123967
EIGEN,-10.364068214876035
DOT,-9.666336386776859
ARB,-9.598790995041321
BABY,-8.995735943801654
DASH,-8.922576912396694
kLUNC,-8.191662059504132
BANANA,-7.967828856198347
MERL,-7.657685761983472
OP,-7.206731821487603
REZ,-6.919964171900827
TURBO,-6.595891229752065
TON,-6.306585352066114
MANTA,-6.268552472727272
USUAL,-5.904713474380163
STRK,-5.584762076033057
YGG,-4.868052178512396
ETH,-4.4862921024793385
GAS,-4.447496161983469
BERA,-3.9412275272727237
IO,-3.2669319570247914
TIA,-3.1153890247933878
SAGA,-2.2777585487603305
ARK,-2.133676095867767
BTC,-2.095943662809917
ADA,-2.0363640793388433
ANIME,-1.926796750413222
LAYER,-1.8836106743801646
ENA,-1.447237428099172
GMX,-0.76206280661157
ONDO,-0.06798339173553658
