coin,fundingRate_avg_5d
ARK,-708.4188347999999
GAS,-313.01427348
USUAL,-252.00496805
MELANIA,-207.54939008999997
BADGER,-187.92638272999997
REZ,-164.17820085
LAYER,-117.71688219
MOVE,-108.4520412
BLAST,-77.97227820000002
GMX,-62.69209924
kSHIB,-55.22712289
BERA,-48.0605282
IMX,-46.95861729
XLM,-46.63269783999999
SAGA,-45.150889819999996
DYM,-44.23759996
SPX,-36.686773419999994
PIXEL,-36.170732769999994
VIRTUAL,-35.315299790000005
ONDO,-34.96076726
AVAX,-32.99586349
kFLOKI,-32.53693512
DOT,-31.471457050000005
XRP,-28.419819800000003
STRK,-28.33282862
INJ,-28.2220117
ETC,-27.926971249999998
MNT,-25.19613907
OMNI,-24.79792626
kBONK,-22.05048001
NEO,-21.71226663
ADA,-21.404410300000002
GRASS,-21.33889353
SEI,-20.272588369999998
STG,-20.134822039999996
ZRO,-20.08487325
UNI,-19.967844030000002
JTO,-17.85213832
SOL,-17.48735878
SUPER,-16.95819857
TRUMP,-15.72457157
SUI,-15.491710330000002
IP,-14.791550540000003
HBAR,-14.77134341
EIGEN,-14.144532559999996
MANTA,-14.07436277
TNSR,-13.369689389999998
ARB,-12.78402426
OP,-12.662366839999999
ETHFI,-12.181988879999999
ATOM,-11.928260589999999
ETH,-11.747114009999999
TON,-11.622685509999998
ENA,-10.62015607
GMT,-10.106164530000001
IO,-9.80905161
PYTH,-9.75195247
S,-9.5891778
SAND,-9.35048532
WIF,-7.92831976
TURBO,-7.527605240000001
KAITO,-7.07294153
MAVIA,-7.07146036
DOGE,-6.89166282
FET,-6.31437736
CELO,-6.1835036899999976
PNUT,-6.160972239999999
AI,-5.93823975
RDNT,-5.647119399999999
CFX,-5.07788876
BCH,-4.33981131
OM,-3.7990513999999984
MAV,-3.64274526
CAKE,-3.4946830099999984
RUNE,-3.38829281
COMP,-3.3473157199999997
APT,-3.01354804
CYBER,-2.7116653
LISTA,-1.8994745999999998
APE,-1.7811131299999996
ALGO,-1.7616644699999988
ACE,-1.3927640799999994
BSV,-1.3056101099999993
PENDLE,-1.1102737899999997
TRX,-0.71459189
BLUR,-0.6881104099999994
ANIME,-0.5453457699999992
STX,-0.5019604099999994
NEAR,-0.4082802399999998
VINE,-0.3464565399999996
LTC,-0.13562961999999945
