coin,fundingRate_avg_5d
BIO,-132.96145832
PROMPT,-109.36401852
OMNI,-97.45674908000001
BLAST,-72.31653530999999
PROVE,-61.600544840000005
BSV,-34.65104432
GAS,-32.12298278
BERA,-26.02985747
SUPER,-18.690161529999997
REZ,-12.000175810000004
UMA,-11.882669900000002
GRASS,-8.864928739999998
VVV,-8.185392180000008
NEO,-6.3690558200000025
HYPER,-3.8662603099999995
MAV,-2.469389249999998
GMX,-1.8270352399999992
SOPH,-1.2702386899999998
MAVIA,-0.8394153199999983
PAXG,-0.6311944999999999
