coin,fundingRate_avg_5d
YZY,-493.1393126499999
ARK,-378.89229347
BERA,-316.19689025
0G,-235.80344441
WCT,-226.70535586
PROVE,-177.55339517
STABLE,-150.42829826000002
RESOLV,-139.82140994
ZORA,-133.791699
WLFI,-122.48588751000001
SKR,-121.61932129999998
ANIME,-117.3978408
ZK,-111.3844658
SOPH,-92.44005840999999
MOVE,-75.94736624
INIT,-73.68337709
AVNT,-71.60777393000001
HYPER,-66.64104737999999
TRUMP,-62.23080786000001
GAS,-61.75022477000001
BSV,-55.35982083
POL,-55.18074307
AXS,-54.536238479999994
BLAST,-51.11568843
CELO,-47.7508111
DYM,-43.32276615000001
JTO,-42.901603599999994
ZETA,-41.488896649999994
LINEA,-41.01922487
SAND,-40.88249514
OM,-39.73318606000001
BABY,-38.2566866
SOL,-36.295524809999996
FET,-36.116604
2Z,-32.72554449
POLYX,-30.9296693
GOAT,-30.863921119999993
LAYER,-30.383402999999998
XAI,-30.129807569999997
ICP,-29.88044906
FOGO,-29.561597469999995
REZ,-29.462210159999998
kLUNC,-29.115317079999997
IP,-28.0285982
MANTA,-27.863342259999992
MERL,-27.03514120000001
PYTH,-25.211358839999995
USTC,-24.036630429999995
IO,-24.014131830000004
STRK,-22.85817537
RSR,-21.36124613
AR,-21.15032577
AERO,-21.112300069999996
SUSHI,-20.10027771
S,-19.911747180000003
MOODENG,-18.896301849999997
W,-16.92962418
ZEN,-16.763526549999998
BIO,-16.7619315
APT,-15.827776779999999
XRP,-15.173295280000001
NEO,-15.054388499999998
TRX,-14.526104290000003
RENDER,-14.291791080000001
SCR,-14.044519639999999
DASH,-13.83149907
kFLOKI,-13.35717865
KAS,-13.1998089
JUP,-12.93662857
YGG,-11.73301479
NXPC,-11.08993443
ENS,-10.191547519999999
HBAR,-9.15863694
IMX,-8.605694059999998
ALGO,-8.324824369999998
SKY,-7.704471830000001
PNUT,-7.5094559799999985
kNEIRO,-7.325211280000001
kSHIB,-7.234729240000001
ME,-6.988354969999999
TAO,-6.696406799999999
SAGA,-6.509459639999999
SNX,-6.14564662
IOTA,-6.085162469999998
EIGEN,-6.03425081
VIRTUAL,-5.8720440799999984
MEME,-5.623141089999999
MON,-5.231284390000001
PENGU,-5.15472418
BRETT,-4.90961354
GRASS,-4.812058529999999
STX,-4.58500882
VVV,-4.571968829999999
ONDO,-4.49554951
USUAL,-4.332151419999999
MNT,-3.9558897099999983
TON,-3.62401638
SPX,-3.5683100800000003
SEI,-3.33532547
BANANA,-3.2576885099999986
FIL,-3.16943005
SUI,-3.01050175
KAITO,-2.8727733799999995
BTC,-2.42132459
DOT,-2.33858055
ETC,-2.2949564799999993
GMX,-2.2089675899999994
TIA,-1.7607826299999998
AIXBT,-1.5059367099999994
XLM,-1.2425132899999995
BIGTIME,-1.0101951699999983
DOOD,-0.9273613399999985
ARB,-0.51365428
CFX,-0.34699454999999946
COMP,-0.23636742999999924
