coin,fundingRate_avg_5d
VVV,-221.65847676999996
BLAST,-197.01111155
ACE,-143.65672628000002
AXS,-111.71231829000001
ZETA,-101.60295782
STABLE,-98.12243461999999
ZORA,-95.79969361
IP,-95.53422108000001
SOPH,-82.72698793000002
0G,-66.10166789999998
UMA,-60.76932596
MEME,-54.594162520000005
USUAL,-54.43470935000001
ATOM,-49.75482316
GOAT,-47.34152565
FTT,-46.104070529999994
TRUMP,-44.70059807999999
2Z,-43.15903152999999
YZY,-41.453618670000004
AZTEC,-37.82485217999999
NIL,-36.0335081
BABY,-35.13460215999999
HYPER,-34.36522523
LAYER,-32.82935925
AVNT,-30.70821869
POL,-29.939575410000007
ICP,-28.93198269000001
AIXBT,-28.358428990000004
REZ,-28.07829295
INIT,-27.925922969999995
ALT,-27.69619708
APE,-27.493358550000004
SCR,-25.55999443
PROVE,-24.75033026
POLYX,-24.58059942
ANIME,-24.278204950000006
BSV,-24.11024363
JTO,-23.46125319
EIGEN,-22.94687767
MERL,-22.68889056
FET,-21.828751269999998
ZRO,-20.95140515
VIRTUAL,-20.72423572
APT,-20.69509777
BERA,-20.36928198
YGG,-19.302209590000004
kLUNC,-16.88785796
DYM,-16.66250915
BIGTIME,-16.411619099999996
SEI,-15.319712109999998
NEO,-14.909479850000002
MINA,-14.437592519999999
BLUR,-14.42598041
CELO,-14.031988459999997
SKR,-13.552328819999998
PAXG,-13.16255335
XLM,-12.75447678
BIO,-12.527294209999999
DOGE,-12.22883152
kPEPE,-12.01307053
NXPC,-11.502254490000004
kNEIRO,-11.17851482
kSHIB,-10.83494251
ZEN,-10.4912972
KAS,-10.27773789
IMX,-10.055282799999999
MANTA,-9.69034996
SKY,-9.1762971
MOODENG,-9.13172549
PYTH,-8.76448147
IO,-7.793423789999998
ARK,-7.655653809999998
XAI,-6.83352051
STRK,-6.7097957300000015
KAITO,-6.60428591
W,-5.360006749999999
WLFI,-4.96946113
MEW,-4.954156679999998
MOVE,-4.696284179999999
DOT,-4.576296999999999
FOGO,-3.66645055
ADA,-3.5167385
SOL,-3.3076526299999998
SUSHI,-3.2480539699999995
S,-3.246061799999999
XRP,-3.169441
PENGU,-3.0771544
WIF,-2.5388779500000003
GMX,-2.348510739999999
RENDER,-2.1872486299999987
OP,-1.1728114299999999
SPX,-0.9122174899999994
TON,-0.7651421999999992
COMP,-0.3359832299999993
BANANA,-0.28305384999999916
BTC,-0.19201919999999983
WCT,-0.10371912999999973
TIA,-0.06771771999999959
LTC,-0.055239099999999736
