coin,fundingRate_avg_5d
RESOLV,-1814.68728686281
TNSR,-1061.5186472528926
SUPER,-1042.897172092562
MERL,-978.1345109157025
TURBO,-554.9814323900827
ACE,-425.9213123702479
OM,-384.6607002644628
USUAL,-332.98304945454544
BANANA,-293.0081454446281
HEMI,-226.33982590413225
DYM,-217.94916270743803
KAITO,-209.85225126942152
LAYER,-207.62278927933886
0G,-156.76881158677685
ALT,-114.44976125950413
COMP,-107.46969697190083
ZORA,-95.9948643768595
BLAST,-90.58711511404961
REZ,-90.01028359338844
XAI,-78.34839169586778
ARK,-76.67314305123968
IP,-67.22195660826446
2Z,-65.90705671735537
DOOD,-64.8572365983471
WLFI,-63.464303930578495
MEME,-62.65571249256198
ME,-53.71955468429751
APT,-38.99753995041322
IO,-38.77472174876033
GMX,-36.27495584132232
MOODENG,-33.80762799669421
ZRO,-33.47027677685951
BRETT,-32.929431480991724
GRASS,-32.09410756363636
ZETA,-30.30944579504132
FET,-25.977239196694214
MEW,-25.783589623140493
HYPER,-25.218480575206613
ATOM,-23.62819234710744
AR,-23.09438183801653
WCT,-22.858642998347108
MINA,-22.73861869090909
UMA,-21.11533277355372
TRUMP,-20.766046958677688
BABY,-18.360937557024794
MANTA,-15.566503348760332
IMX,-15.525129361983472
BSV,-14.894276152066118
ZK,-13.596644320661156
INIT,-13.420341719008265
PROMPT,-13.304652525619835
BIO,-12.901968357024796
STRK,-12.699263404958678
AERO,-12.68990540826446
BERA,-12.398322654545455
FXS,-11.822303424793388
SKY,-10.937069950413225
ZEC,-9.69872087603306
W,-9.035912489256198
INJ,-8.262130829752067
SEI,-8.243480717355373
ADA,-7.999249745454546
JUP,-7.979144459504133
AVAX,-7.732974704132231
DOT,-7.034922882644628
STX,-6.393202204958676
ANIME,-6.184748231404959
PROVE,-5.749833778512396
GOAT,-5.568496710743801
GMT,-5.27015065785124
PYTH,-5.002893917355372
ICP,-4.3983373586776855
kLUNC,-4.210573636363636
kSHIB,-4.155416042975206
kFLOKI,-3.704372330578512
SUSHI,-3.6521316000000006
CELO,-2.584235474380163
SOL,-2.5810087537190083
BIGTIME,-2.3987935140495864
AIXBT,-2.1822282148760315
MAV,-1.8823082578512382
SNX,-1.8171613685950398
GAS,-1.6212877685950398
BCH,-1.5759587504132224
POLYX,-1.5056231900826442
SPX,-1.4536076132231404
ENS,-1.1542480066115692
VVV,-0.9266371438016525
PENGU,-0.8665587471074379
SAND,-0.07922949421487603
