coin,fundingRate_avg_5d
ANIME,-835.52708304
MERL,-143.36709512999997
SOPH,-132.37982279000002
BLAST,-72.17036522
AIXBT,-69.7896279
NXPC,-51.84817992
WCT,-50.45958414
ZRO,-33.59586873999999
BERA,-30.092513330000003
MOVE,-26.707239799999996
MOODENG,-23.5325574
SEI,-21.49728017
ARK,-21.4337344
MANTA,-17.191401449999997
UMA,-16.285880979999998
LAYER,-16.10520963
VVV,-15.921363509999997
BABY,-15.496058210000001
HYPER,-15.453548849999999
KAITO,-14.383623619999998
HMSTR,-13.763214870000002
GAS,-13.180640559999999
DYM,-13.09920176
BIO,-11.944431550000001
IP,-9.81389662
IO,-6.910604129999998
kSHIB,-6.74343121
USUAL,-6.17546858
ME,-5.385350159999999
DYDX,-5.036237879999999
W,-4.874002679999999
GMX,-4.082957889999999
FET,-3.197222609999998
XLM,-1.1869602899999987
CELO,-1.1081385399999986
BNB,-0.03104981999999873
