coin,fundingRate_avg_5d
OMNI,-242.099931768595
GAS,-199.2642354644628
SUPER,-104.56692907438017
BERA,-96.30219703140496
OM,-88.55626549090911
BLAST,-70.9209013586777
SOPH,-51.366969808264464
HYPER,-51.26811791404959
MOVE,-48.2506794446281
BIO,-46.248692935537186
ENA,-41.668133821487594
SEI,-22.389560201652895
ZRO,-18.547383659504135
ME,-17.478250274380166
APT,-11.371827302479337
SYRUP,-9.676337990082644
kFLOKI,-7.651122277685951
KAITO,-7.128221950413223
XLM,-6.552044895867769
PENGU,-6.192187715702478
MEW,-6.131451957024793
TRUMP,-4.976381523966942
TIA,-4.071931071074379
REZ,-3.5980266545454542
W,-3.1827606644628097
DYDX,-2.9269940033057846
FET,-2.1121967206611565
DYM,-1.2995843702479335
GRASS,-0.6944638413223119
MOODENG,-0.29247612892561886
IMX,-0.19039099834710735
MEME,-0.168851533884297
