coin,fundingRate_avg_5d
UMA,-126.22418875041326
SOPH,-84.56183508099174
ANIME,-67.1706874413223
BLAST,-60.874952905785115
WCT,-49.37614904132231
IO,-37.30284700165288
ME,-32.068772340495855
ZRO,-30.54032102479338
KAITO,-29.880257920661148
BABY,-28.617703011570246
USUAL,-16.73631085289256
MOVE,-16.59152108429752
AIXBT,-16.1546388892562
BERA,-14.067886710743808
VVV,-12.456549143801654
MORPHO,-11.545414304132235
CELO,-10.565113110743802
ALT,-10.54707402644628
DYM,-9.021034968595039
TRUMP,-8.656386575206614
BANANA,-6.931022042975207
HYPER,-4.5589530446280975
XAI,-3.9336714842975193
LAYER,-3.7647439338842963
BNB,-1.9853244099173555
TNSR,-1.7920780859504128
W,-0.732929652892561
MANTA,-0.4402204066115693
kSHIB,-0.3199296793388428
