coin,fundingRate_avg_5d
AVNT,-253.28105258000005
POLYX,-179.08445555999998
IP,-143.19040155000002
BLAST,-113.95098009000002
kLUNC,-94.79279147
KAITO,-93.8780073
ANIME,-74.54943449
0G,-68.76125865
REZ,-62.908594609999994
RESOLV,-52.81216682000001
SOPH,-48.80932132
ZK,-47.45561734999999
USTC,-38.26902432999999
ZETA,-30.606809279999997
VVV,-22.155685420000005
TNSR,-21.510133279999998
SUPER,-21.050931889999998
MINA,-20.546055860000003
GAS,-20.511243620000005
DOOD,-17.03288852
ACE,-15.66294935
UMA,-13.29423732
LAYER,-12.393929780000002
XAI,-12.386279379999998
MELANIA,-11.82405455
PROVE,-11.39887846
WCT,-10.98063518
MEME,-10.883029069999997
BERA,-10.7072604
ZORA,-10.520037300000002
HYPER,-8.578515429999998
ATOM,-8.305639239999998
MANTA,-7.596550819999999
ZEC,-7.297296080000002
SCR,-6.2942571
CELO,-5.00260021
ZRO,-4.866285850000001
MERL,-4.058647429999999
NXPC,-3.9212555899999995
TRUMP,-3.10630768
BSV,-2.9392581299999985
FTT,-2.559091649999996
DOT,-1.53606746
ADA,-0.7567632599999999
