coin,fundingRate_avg_5d
OMNI,-967.6591854399999
ZORA,-148.19723649000002
SOPH,-145.35130739999997
SUPER,-136.32988125999998
BLAST,-134.89684235
MOVE,-112.36959715
HYPER,-102.13172018000002
BERA,-70.52265594
FTT,-58.20062605
OM,-27.70944658
GRASS,-26.311895890000002
ZRO,-25.67098217
DOOD,-16.273236650000005
USUAL,-12.83729017
REZ,-7.397110440000005
REQ,-6.629754879999999
VINE,-4.7780762999999995
KAITO,-3.7780821500000004
