coin,fundingRate_avg_5d
OMNI,-287.27242437
MERL,-163.02248602000003
KAITO,-125.92343415
BLAST,-53.33356202
BIO,-51.97820825
ZORA,-29.43952541
MAV,-26.162329109999995
BERA,-21.608151840000005
ME,-19.00689028
PROVE,-12.851490130000006
ENA,-10.20680671
PYTH,-3.10130134
kLUNC,-3.0299803400000003
TRX,-2.4751277799999993
