coin,fundingRate_avg_5d
YZY,-345.58662236
PROVE,-309.24982407999994
OM,-207.81899733999998
BLAST,-182.32190774000003
ME,-168.65563541
ZORA,-168.47797896
REZ,-159.61769593999998
APT,-141.58161879
IP,-132.62847612000002
0G,-116.00392770000002
ATOM,-115.06180649000001
AVNT,-94.48280135000002
TRUMP,-90.82298357999998
MOODENG,-85.52945063
VVV,-82.54724148999999
IO,-77.13468714999999
DOOD,-75.01028421999999
KAITO,-72.72691868000001
VINE,-70.54949073999998
XAI,-67.86010139
BIO,-66.2025393
GRASS,-63.188959139999994
SOL,-62.88315338
BERA,-60.04469511
INIT,-53.31601865999999
HYPER,-50.619073809999996
USUAL,-48.738540519999994
SYRUP,-45.57998966
PURR,-43.95500820000001
RESOLV,-43.85823939999999
ASTER,-43.72479539999999
DYM,-40.21077177
SAGA,-37.15809354
TURBO,-36.17026484
FARTCOIN,-35.65579003999998
kFLOKI,-34.19747999
SEI,-33.8493846
IOTA,-33.75420136
AI16Z,-33.357069679999995
PENGU,-28.915708799999994
XPL,-26.848105710000002
APEX,-26.648138269999997
ALGO,-25.585416680000005
MELANIA,-24.867197420000007
MORPHO,-21.88956757
ETC,-21.51680913
SPX,-21.10519863
STBL,-20.670963969999995
STX,-20.37525557
DOT,-19.64722657
SKY,-19.612126709999995
AR,-18.733109619999997
kSHIB,-18.01355957
AVAX,-17.9811118
MEW,-17.41324042
RUNE,-16.89417392
S,-16.745413059999997
ANIME,-16.20536636
EIGEN,-15.923919970000002
PUMP,-13.193547690000003
SAND,-12.688635159999999
ZRO,-12.292864930000004
HYPE,-11.762087769999999
DOGE,-10.42814709
ARK,-9.889013619999998
LAYER,-9.87734749
BABY,-9.815909959999999
XRP,-9.714437040000002
BANANA,-8.517135569999999
CELO,-8.453501469999999
W,-8.210026759999998
WLFI,-7.839682429999997
PNUT,-7.616971109999998
STRK,-7.5436645099999975
GOAT,-6.126049769999999
kPEPE,-6.07916917
NOT,-5.87766654
TAO,-5.504539449999999
GMX,-5.12542928
ALT,-4.801263289999999
AIXBT,-4.11527572
POPCAT,-3.7308978699999997
2Z,-3.627892680000001
CRV,-3.544344909999999
HBAR,-3.085638459999999
YGG,-2.752058389999999
MERL,-2.6491429899999996
kNEIRO,-2.614804519999999
LINEA,-2.423085349999997
MON,-2.1392562399999986
ETH,-1.6653154199999987
INJ,-0.9600281099999991
KAS,-0.882829149999999
WCT,-0.32159492999999806
FTT,-0.21321329000000117
