coin,fundingRate_avg_5d
BIO,-264.45167338512397
KAITO,-197.42842253553718
OMNI,-151.7559891867769
BLAST,-77.1870842876033
ME,-63.07840710743802
PROVE,-39.93846023801653
TRX,-33.78332008264462
BERA,-28.583076396694207
MERL,-13.796905160330581
WLFI,-8.717356899173554
UMA,-5.215284823140497
MOVE,-4.901759355371898
YZY,-2.02274191735537
