coin,fundingRate_avg_5d
AVNT,-248.16469063000002
BLAST,-135.39342047000002
POLYX,-128.4435949
ANIME,-118.03703026
IP,-107.19510018999999
0G,-93.02091064999999
KAITO,-87.0421924
kLUNC,-86.68945494
ZK,-74.55584388999999
SOPH,-47.99189359999999
VVV,-39.658410700000005
GAS,-37.70693382
ACE,-37.540544190000006
REZ,-37.265523259999995
BABY,-37.0664216
ZETA,-33.43189979
BERA,-29.308370690000004
XAI,-24.4418527
USTC,-23.17294407
TNSR,-22.2862649
MINA,-21.858199469999995
SUPER,-13.550372420000002
ATOM,-12.467272880000001
LAYER,-11.373702220000002
USUAL,-10.84191693
PROVE,-10.364602049999998
RESOLV,-9.972908870000005
WCT,-9.89330748
BSV,-9.438486819999998
SCR,-8.55483861
CELO,-7.902466080000001
MELANIA,-6.512681129999998
TRUMP,-6.02174372
ZRO,-4.415448069999998
UMA,-4.34350803
MEME,-3.852670629999999
DOOD,-3.1864704399999972
FTT,-2.5590916499999956
HYPER,-1.9802958199999994
MANTA,-1.6951724199999985
SKY,-1.091452199999999
2Z,-0.74984578
ZORA,-0.5350980299999989
