coin,fundingRate_avg_5d
OMNI,-138.4243088033058
GMX,-57.935309752066125
SUPER,-57.75507456198346
BERA,-39.209375573553714
REZ,-33.15543441322314
SOPH,-32.631458271074386
HYPER,-29.241418631404954
BLAST,-19.779140290909098
IP,-14.84073155702479
TRUMP,-4.918966601652892
