coin,fundingRate_avg_5d
DOOD,-501.16886735
0G,-222.24679618000002
REZ,-92.42739364
KAITO,-58.30286182
BLAST,-45.00830840999999
CELO,-36.16687763999999
APT,-32.643932680000006
BIO,-7.980200859999999
MAV,-4.406328179999999
