coin,fundingRate_avg_5d
OMNI,-678.28203967
KAITO,-325.09663999
BIO,-101.11352348
BLAST,-78.4284552
PROVE,-67.12935898
ME,-45.38931074
ZORA,-35.46253202999999
BERA,-26.539350019999997
MAV,-16.015924060000007
PYTH,-3.1782258199999993
