coin,fundingRate_avg_5d
OMNI,-610.8077902413223
KAITO,-332.8917702545454
BIO,-132.47608129586774
BLAST,-69.13074540495869
ME,-68.21502785454545
PROVE,-52.14447482975206
TRX,-26.5085621553719
ZORA,-21.022613603305782
BERA,-19.029526819834715
MAV,-8.884432542148758
UMA,-5.583396674380165
MERL,-2.6846410016528903
WLFI,-2.0961731603305798
