coin,fundingRate_avg_5d
SUPER,-533.81916344
BLUR,-422.83865116999993
REZ,-359.53907439999995
TNSR,-200.38952819
BLAST,-142.65898418
ALT,-136.98518547
FTT,-136.45293517000005
ME,-89.02460448999999
2Z,-83.11828033999998
SOPH,-80.99253421000002
DYM,-78.16087078000001
TURBO,-73.54723939
ZETA,-73.29384325000001
BERA,-73.00480705
NIL,-70.69499653000001
AXS,-63.34057868000001
STABLE,-60.827020780000005
MINA,-53.645691770000006
JTO,-51.55403956
POL,-49.01105609
APT,-43.98177437999999
MOODENG,-43.74329506
BSV,-38.349119200000004
AVNT,-37.33221825000001
POLYX,-34.934483609999994
TRUMP,-33.01175924
XAI,-31.994915959999993
MOVE,-31.01473255
0G,-29.459635449999997
EIGEN,-28.869880130000006
STRK,-26.622633529999995
ANIME,-23.53262821
LAYER,-23.25810441
ZEC,-23.10038791
GAS,-21.196829689999998
IMX,-15.784839640000001
W,-15.309938869999998
ZORA,-14.146837170000005
SEI,-13.26004996
DASH,-12.957740170000001
FET,-12.956327619999998
MERL,-12.806028649999998
BANANA,-12.456637509999998
OP,-12.44088849
S,-12.335807179999998
AIXBT,-11.88106244
CELO,-11.215987909999999
MEW,-10.92674293
KAS,-10.270153189999998
HYPER,-9.6065518
kLUNC,-8.540621130000002
PROVE,-8.26394967
AERO,-8.127822919999998
kNEIRO,-7.952136009999999
DOT,-7.809336329999998
IO,-7.4910687399999984
NEO,-7.37139327
TIA,-6.986689109999999
WLFI,-6.03605829
ICP,-5.222331669999998
INIT,-2.9569058799999994
HBAR,-2.6663600400000003
ARK,-2.48886346
TST,-2.244101759999999
BRETT,-1.4519437199999994
kSHIB,-1.4344536499999998
STX,-1.2270913099999996
MEME,-1.0768930799999994
VVV,-0.27749927999999946
