coin,fundingRate_avg_5d
POLYX,-161.74166449586778
STABLE,-126.55984443966943
CHIP,-120.50704569917355
MOVE,-78.26585150082646
kLUNC,-49.729680198347104
SAGA,-34.10124292561984
SKY,-24.727236426446282
COMP,-19.933298191735535
W,-17.812208985123966
BLAST,-17.59564947768595
INJ,-17.12892970909091
TRUMP,-15.495806528925618
BIO,-15.306891699173553
LAYER,-14.517351451239675
WLD,-14.050309517355371
BLUR,-12.310204294214875
ICP,-10.665749583471074
0G,-8.472669828099173
NOT,-7.822246343801653
EIGEN,-7.3393806644628095
MERL,-7.255664023140497
APE,-7.085864092561983
KAITO,-6.970647649586776
ATOM,-6.905007014876033
BSV,-5.317143352066113
PENGU,-5.136524459504132
BABY,-5.060484039669421
AXS,-4.626601963636363
APT,-4.148615097520661
TURBO,-4.009044406611569
BERA,-3.925281431404958
GALA,-2.9150717157024792
MON,-2.854180304132229
INIT,-1.604013193388429
BCH,-1.398232829752066
SAND,-1.3489676033057854
POL,-0.3230514247933876
