coin,fundingRate_avg_5d
HYPER,-146.23630087933884
BLAST,-132.06345995702478
ARK,-33.8349642644628
SOPH,-32.275661097520654
RESOLV,-30.24806498181817
USUAL,-23.616147709090914
BERA,-14.095822423140495
REZ,-5.413752396694213
MOVE,-3.553701054545453
BANANA,-2.8956469586776854
GRASS,-2.8620961586776854
ZRO,-2.0252403272727277
BSV,-0.9575237454545438
BCH,-0.8632386347107432
GAS,-0.4850151371900809
