coin,fundingRate_avg_5d
MOVE,-411.92647977
ANIME,-327.83234419
GAS,-258.53274046999996
MELANIA,-224.85627535
REZ,-156.68654008
BLAST,-155.97273221
OM,-128.67880674
USUAL,-112.18137468000002
IP,-99.824726
ARK,-99.18161425
IMX,-85.93407649000001
GMX,-79.23177275
DYM,-74.48521201
VIRTUAL,-66.7303293
BERA,-65.72251028
SUPER,-41.04811388999999
LAYER,-37.71211463
OMNI,-36.46515418
ZRO,-29.50118266999999
SPX,-29.28995571
ME,-23.883373499999998
BANANA,-23.09859649
AVAX,-19.738132009999998
PYTH,-19.47202073
XLM,-19.267668179999998
ONDO,-18.909038889999998
SEI,-18.37247429
kFLOKI,-17.08831158
CELO,-15.007619590000001
FET,-14.545076989999998
ETHFI,-13.47184705
APT,-13.4687847
POLYX,-12.820787060000002
MORPHO,-12.78864516
INJ,-12.73279286
BCH,-12.200473209999998
TAO,-12.013307050000002
ZETA,-10.790728599999998
BNB,-9.70971978
kSHIB,-9.54722178
XAI,-8.882136299999999
SCR,-8.5284586
CYBER,-7.40774508
VVV,-6.93212307
ADA,-6.041337649999999
MANTA,-5.784482039999999
GMT,-4.541969480000001
RENDER,-4.4796172599999995
EIGEN,-4.311513590000001
ETH,-3.64045525
UNI,-2.696445529999999
BLUR,-2.62597352
ATOM,-2.3430393899999995
ALT,-2.2068009499999994
BIO,-1.8325168099999989
HMSTR,-1.6007206399999983
XRP,-1.4623192100000002
TURBO,-1.4544841199999998
ARB,-1.2210527499999992
STRK,-0.7765404199999983
POL,-0.2521879899999991
JTO,-0.23425480999999954
S,-0.1480009299999987
