coin,fundingRate_avg_5d
BLAST,-251.96900679
CHIP,-206.2122031
0G,-130.37839785
YZY,-109.1300433
STABLE,-69.3966762
BERA,-64.40048247
kLUNC,-63.62651749
APE,-61.318420279999984
TRUMP,-50.04775391000001
kNEIRO,-48.74495138
WLD,-44.903197899999995
REZ,-40.350189359999995
COMP,-24.722367610000003
MERL,-23.7820203
BIO,-23.557478869999997
MON,-19.84215847
BANANA,-19.448945430000002
WLFI,-18.74873527
STX,-18.140467150000003
CAKE,-17.0397111
AXS,-15.63221197
KAITO,-15.289422219999999
2Z,-13.897795480000001
MOVE,-12.734940519999999
SEI,-12.653758680000001
XAI,-11.89921754
TST,-11.54273956
AVNT,-11.437536339999998
ALT,-10.73156867
IMX,-10.40879187
SUI,-9.860872850000002
HYPER,-8.92520265
DYM,-7.9757777899999995
STRK,-7.819349739999999
INJ,-7.637331540000001
TRX,-5.051904409999999
FET,-5.035568469999998
ARB,-4.42061501
TIA,-3.8044942799999992
POL,-3.6494152699999987
MANTA,-2.8715513599999998
GAS,-2.6127824199999994
XRP,-1.9163441700000001
ADA,-1.8547226799999992
JTO,-1.4266660099999988
BTC,-1.39385908
GRIFFAIN,-1.1685840000000007
TURBO,-0.8960494499999992
USTC,-0.791444099999998
PYTH,-0.37837943999999996
ZEN,-0.3520081899999996
MINA,-0.2668076999999995
PROVE,-0.2485671899999995
