coin,fundingRate_avg_5d
BLAST,-105.36247388000001
IO,-20.48760111
REZ,-14.60450775
BERA,-13.535399389999998
ZRO,-13.515087869999999
BABY,-12.49442669
MOVE,-4.130603529999999
MKR,-2.0357480799999994
CELO,-1.0616017699999996
