coin,fundingRate_avg_5d
POLYX,-403.9746954148759
AVNT,-211.36619863140496
0G,-150.30349720661158
IP,-118.90549761322316
REZ,-118.3637285355372
kLUNC,-109.67338139504135
RESOLV,-97.96786397355372
KAITO,-92.55478341818183
BLAST,-80.4317861157025
GAS,-56.07232417190083
ZORA,-52.92485544793387
ANIME,-51.11570694545454
SOPH,-47.34241368595041
USTC,-47.30174918677686
MANTA,-34.493063246281
kNEIRO,-24.920015791735533
PROVE,-24.6853484231405
USUAL,-23.503761252892563
TNSR,-23.31175074049587
ZETA,-22.780498730578508
WCT,-21.914197715702485
SUPER,-21.831788558677687
CELO,-20.93733102148761
UMA,-19.282383857851244
XAI,-18.335278720661154
ZEC,-17.348229431404963
DOOD,-16.8016249785124
TRUMP,-16.287187100826454
HYPER,-15.583121285950412
IMX,-15.16130846280992
VVV,-15.05715495867769
MEME,-14.065739424793387
NEO,-13.747808618181823
LAYER,-13.473697358677686
MINA,-12.343607404958677
ATOM,-12.040884247933883
MERL,-12.01180973553719
DYM,-11.82869170909091
TST,-11.812957011570248
MELANIA,-11.557755044628099
TURBO,-9.93885347107438
ACE,-9.255367140495867
SCR,-9.037198254545453
XLM,-7.459734376859503
BSV,-5.431434565289256
MOODENG,-4.630703236363637
FTT,-2.4474462644628074
DOT,-2.2382951107438016
FET,-2.146063170247932
ETC,-1.915597705785123
ADA,-0.9992669553719007
BLUR,-0.877057715702478
