coin,fundingRate_avg_5d
ALT,-308.2268811371901
IP,-182.67696768595042
ANIME,-140.54093475371903
SOPH,-115.90432450909091
NXPC,-82.3936264859504
MOVE,-67.72414713719009
AIXBT,-65.07029717355373
ZRO,-50.53392493884297
SEI,-46.24193325619835
IO,-44.50042281322314
BIO,-37.80695097520661
BLAST,-36.84016914049587
BERA,-35.769332261157025
USUAL,-33.26002374545454
RESOLV,-29.920476456198347
LAYER,-29.512500813223138
WCT,-20.17204294214876
DYM,-17.592132446280992
BSV,-16.646790892561988
MANTA,-15.608269725619833
MERL,-14.574566558677686
OMNI,-13.277166396694216
GMX,-12.149403272727273
HYPER,-12.068165494214876
kSHIB,-11.059088786776861
INIT,-9.381125266115703
CELO,-9.227987434710744
STRK,-9.093942783471075
VVV,-8.920646816528924
W,-8.790240823140495
GAS,-8.160657451239668
SAGA,-6.271211603305785
DYDX,-5.325621004958677
AVAX,-4.974239305785123
FET,-4.781405642975208
TRUMP,-4.286988347107437
XLM,-3.637627646280992
kFLOKI,-3.2863335471074384
BABY,-2.8568879404958674
JUP,-2.8304631471074377
BANANA,-2.4012289388429746
GMT,-2.275048740495868
SCR,-2.187572538842975
TNSR,-2.1868927338842976
POLYX,-2.174238515702479
DOT,-1.7598608330578513
KAITO,-1.4937052462809914
ARK,-1.457611150413223
XAI,-1.3436421024793386
SUSHI,-1.1537289223140497
IMX,-0.3882504396694214
NIL,-0.006900852892561652
