coin,fundingRate_avg_5d
STABLE,-209.20076469999998
SUPER,-191.14287953
SKR,-166.47291205000002
BIO,-127.19893176000002
YZY,-110.74765249000001
BLAST,-110.29455025000001
UMA,-66.57497435
WLD,-64.48344331999999
BLUR,-63.635089150000006
kNEIRO,-59.11261651
MOVE,-51.939971580000005
COMP,-44.9133595
MEME,-37.26783298000001
AXS,-32.58359234
IP,-32.35511913
USTC,-31.610676809999998
2Z,-30.8071096
APE,-29.736144849999995
ALT,-29.4183576
REZ,-28.45053017
MORPHO,-26.26593509
AERO,-19.614651780000006
MET,-19.12526124
JTO,-18.72876685
JUP,-17.08389508
FET,-16.667825740000005
PNUT,-16.65172413
AVNT,-16.117326170000002
BOME,-15.619793210000008
BABY,-13.217211370000001
IMX,-12.42470658
W,-12.20683078
KAITO,-11.405038199999998
DYM,-10.904506399999999
SAND,-10.41333028
DOT,-10.2119919
BANANA,-9.839878780000001
kLUNC,-9.688912590000001
INIT,-9.013149400000001
MERL,-9.01255883
EIGEN,-8.081932930000002
AZTEC,-6.369539809999997
PROVE,-6.2254838
PYTH,-6.165287269999999
S,-6.15175015
ARB,-6.05052032
TAO,-5.1966750899999985
XAI,-4.792485769999999
CAKE,-4.51835471
0G,-3.702095719999998
MANTA,-2.558604009999999
SAGA,-2.1252271
TRUMP,-1.7460731299999999
TURBO,-1.7113820699999995
NOT,-1.1867836299999994
GMX,-1.17218363
USUAL,-0.9301820599999989
ETH,-0.9247596200000001
STRK,-0.7964336499999999
WLFI,-0.3142657299999992
TIA,-0.0083132399999999
