coin,fundingRate_avg_5d
DOOD,-407.52353952
0G,-294.80575208
REZ,-62.53738669
BLAST,-45.19626881
BIO,-42.55718449
CELO,-38.92955607
KAITO,-32.952210220000005
APT,-22.0528328
2Z,-20.38300963
SUPER,-13.32520465
ME,-8.480629729999999
MAV,-7.54511356
GMX,-4.089719879999999
PAXG,-2.0575765399999986
