coin,fundingRate_avg_5d
SOPH,-378.6415087933885
HYPER,-129.889563153719
BLAST,-73.72326662479338
MERL,-68.15483145123967
ARK,-44.0248228661157
UMA,-36.32179795041322
BERA,-35.2200455107438
SUPER,-15.93887864132231
ZRO,-15.020813266115702
RESOLV,-7.1626567140495885
GAS,-5.013424740495865
ZORA,-3.3155043471074315
GRASS,-0.7120381388429741
REQ,-0.1592227735537173
