coin,fundingRate_avg_5d
AXS,-1099.54917239
BERA,-867.34337822
RESOLV,-735.5137016799999
0G,-479.42053652999994
ME,-360.80026036
MEME,-331.43157999
DASH,-245.40162676
MOODENG,-222.43187527
AVNT,-218.92750735
KAITO,-174.43473735
LAYER,-93.75423579999999
FOGO,-73.27364123
IP,-68.36080181999999
ZORA,-67.40455949
IO,-62.757078729999996
DYM,-60.918223330000004
MOVE,-56.50366805
ANIME,-53.90687701
ACE,-49.53320975999999
REZ,-48.48311425000001
WLFI,-47.60085231
XAI,-46.18616633
MANTA,-45.47453897
BLAST,-38.96321783
EIGEN,-37.815068719999985
FET,-37.784080949999996
SUPER,-36.69297988
TURBO,-28.22047651
YZY,-28.005009709999996
WCT,-26.846328160000002
IMX,-26.55053435
POPCAT,-25.058324559999996
kLUNC,-24.7590012
APT,-23.959542430000003
POLYX,-23.87469599
SKY,-23.83890774
BSV,-23.40917572
BABY,-23.113571710000006
kPEPE,-21.390527159999998
STRK,-20.47680514
ZETA,-20.33682399
AIXBT,-19.569888179999996
SAND,-19.31219453
TRUMP,-18.545052860000002
FIL,-18.467258220000005
TNSR,-18.007467720000005
ZEC,-17.597498260000002
kFLOKI,-17.58121415
GOAT,-17.51176341
RSR,-14.28529919
HEMI,-14.141451960000001
LINEA,-13.565583429999997
ATOM,-13.481218059999998
ETC,-13.121751459999999
POL,-12.51536455
AVAX,-11.909994529999999
NIL,-11.86112322
SOPH,-10.797065730000002
SPX,-10.60929586
PENGU,-10.38443177
NOT,-10.072296909999999
BRETT,-9.339811260000003
PYTH,-9.32614347
BCH,-9.295702469999998
PROVE,-9.1165831
RENDER,-8.91358908
GMT,-8.850050609999998
SEI,-8.72065665
AERO,-8.16846421
ENA,-7.55843971
TRX,-7.35424484
2Z,-7.21903716
PNUT,-7.11032191
SNX,-6.727369749999999
XLM,-6.66497008
ZRO,-6.3369774299999975
ADA,-6.167568519999999
SAGA,-5.8051111099999995
KAS,-5.558969709999999
BIGTIME,-4.65979951
MEW,-4.563251900000001
BLUR,-4.335031269999999
CAKE,-4.15733978
ICP,-3.9046166999999996
DOOD,-3.2433002100000006
STABLE,-3.155199429999999
JTO,-2.9698699499999996
PAXG,-2.1720149899999996
LTC,-1.77392409
JUP,-1.28699803
kBONK,-1.0046895099999997
STX,-0.9404451299999996
BTC,-0.7125143099999999
NEO,-0.6306696299999999
VVV,-0.20289838999999826
DOT,-0.09852225999999986
