coin,fundingRate_avg_5d
BLAST,-138.56672025
NXPC,-137.39981086999998
KAITO,-45.038996879999985
ZRO,-35.96308354
BERA,-33.89346492
BIO,-28.819340040000004
IO,-24.80390788
BABY,-21.454399970000004
OMNI,-18.76199061
REZ,-15.67607183
XAI,-12.977745820000003
WCT,-11.350559030000005
PENGU,-9.377104770000004
STG,-8.69002512
PYTH,-8.255629859999999
MOVE,-3.9631860599999995
BCH,-2.9294279499999982
GMX,-1.0883526199999995
MERL,-0.21418783999999774
