coin,fundingRate_avg_5d
HYPER,-532.9809493983471
ARK,-113.45801052892563
BLAST,-92.90612312727274
RESOLV,-78.49588330909091
SOPH,-75.91777476694214
USUAL,-22.19589976859504
MOVE,-14.29227954049587
GAS,-11.793460581818184
OMNI,-4.872816604958679
BANANA,-2.8956469586776836
GRASS,-2.7168343636363623
BCH,-1.9220692462809914
