coin,fundingRate_avg_5d
RESOLV,-534.90662838
0G,-510.11056508
ZORA,-462.80990409999987
IP,-308.57785397
ARK,-295.17849884000003
BABY,-223.22880897
OM,-210.50869401999998
DOOD,-199.89721618999997
AVNT,-175.67107265
BIO,-166.83187349
MELANIA,-142.63083830000002
MOODENG,-94.03080286999999
REZ,-84.12710457
POLYX,-84.03262432000001
MERL,-79.76027158
BLAST,-77.90775788
WLFI,-76.69894066000002
BERA,-75.75172478
ME,-71.71765207
YZY,-70.84049502
WCT,-61.67354119
IO,-60.194667039999985
LAYER,-49.266981679999994
MAVIA,-47.47413379999999
GAS,-43.169052969999996
SUPER,-40.919141870000004
KAITO,-37.23108405000001
ENA,-36.610744649999994
USUAL,-35.84668869000001
MORPHO,-35.358984449999994
ETHFI,-35.236632070000006
VVV,-35.04466324
BANANA,-33.72869078000001
DYM,-33.572921920000006
PROMPT,-32.442957109999995
GOAT,-31.885235649999995
APT,-31.198053800000004
ZETA,-30.767596160000004
HYPER,-29.91175
ANIME,-29.84303145
MAV,-29.666873689999996
PROVE,-29.643158909999997
TNSR,-26.87210738
kLUNC,-26.009891969999998
BSV,-25.088991859999993
MEW,-24.49839193
XAI,-23.802800480000002
MANTA,-22.985943619999997
INIT,-20.478938200000005
ZRO,-20.07953768
MINA,-18.73329796
TURBO,-18.641854509999998
COMP,-18.07216397
POPCAT,-17.884865679999997
ACE,-16.8859512
2Z,-16.46982711
IOTA,-15.549611010000001
CC,-15.123819530000002
kFLOKI,-14.522852869999996
INJ,-13.973151189999998
FXS,-13.49770219
SEI,-13.40025522
BIGTIME,-13.05238978
ZK,-12.29699746
BLUR,-11.786747169999998
PNUT,-11.77911137
AVAX,-11.53994439
CAKE,-11.459896239999999
kSHIB,-11.107737669999999
ALGO,-10.79809722
CELO,-9.935146699999999
SOPH,-9.7777149
STX,-9.048520089999998
ZEN,-8.743473530000001
CFX,-7.665316090000002
kBONK,-7.610412789999999
kPEPE,-7.559311329999997
W,-7.316811169999999
HEMI,-6.88455116
RUNE,-6.85117921
ATOM,-6.810997819999999
WLD,-6.341790319999999
GMT,-5.94588577
FET,-5.697697449999999
NXPC,-5.354832509999998
BCH,-4.844910719999999
PYTH,-4.746679729999999
APE,-4.44186093
MOVE,-4.301206719999999
AIXBT,-4.124381739999999
SUSHI,-3.980938199999999
SOL,-3.96759818
NEO,-3.70502375
ALT,-3.6275619899999993
RSR,-3.611068370000001
SAGA,-2.7997259299999997
TST,-2.6188093
PENGU,-2.55946468
OP,-2.46476835
TRUMP,-2.385720299999999
MEME,-2.0767521799999993
SAND,-1.9716073599999997
ENS,-1.6628575099999994
YGG,-1.30990616
XLM,-1.2441003099999999
JUP,-1.1604612899999995
S,-1.012864049999999
ICP,-0.9389442499999996
DOT,-0.7260682199999997
AR,-0.5998315100000001
TRB,-0.4631353599999991
JTO,-0.40300525999999964
