coin,fundingRate_avg_5d
ANIME,-561.4233338
MOVE,-461.0196893299999
MELANIA,-284.3540822
REZ,-160.13857502999997
ARK,-137.07568283999998
OM,-131.77329352999996
BLAST,-128.49222311999998
IP,-121.41767047999998
USUAL,-98.38558866999999
GAS,-84.07156909
GMX,-83.37068368000001
IMX,-78.44992304000003
DYM,-77.96009523
BERA,-72.95033445
VIRTUAL,-62.98442993
LAYER,-48.17353366
OMNI,-44.031020909999995
XLM,-32.056108939999994
SPX,-30.648583530000003
ZRO,-27.565538760000003
ONDO,-26.13488184
ME,-25.276032459999996
SEI,-24.356961000000002
MORPHO,-24.02272101
BANANA,-22.242360509999997
PYTH,-22.166812079999996
kFLOKI,-21.03347467
AVAX,-17.862897060000005
SUPER,-17.423557510000013
APT,-15.187562399999997
kSHIB,-14.82189299
ETHFI,-14.635424709999999
CELO,-14.368671760000005
ADA,-14.132379519999997
SCR,-13.983278480000001
FET,-13.22543117
BIO,-12.717168669999998
ZETA,-11.784300940000001
BNB,-11.77090033
XAI,-11.08045976
BCH,-10.954044929999998
INJ,-10.50794412
REQ,-10.2220805
UNI,-10.156766669999998
VVV,-8.904534889999999
RENDER,-8.85694254
MANTA,-8.378921749999998
STRK,-7.875075749999999
ATOM,-6.588807719999999
EIGEN,-6.3993581200000005
ARB,-6.13491197
POL,-5.7164825399999994
S,-5.5751779
ETH,-4.31114786
OP,-4.205603
BLUR,-4.15583379
GMT,-3.943987059999999
DOT,-3.757195389999999
TAO,-3.6689486099999984
KAITO,-2.711166709999999
POLYX,-2.510720389999998
XRP,-2.39584321
NEO,-1.0343953999999997
MEW,-0.8792587199999996
PNUT,-0.8298282299999996
SAND,-0.6390164499999998
SOL,-0.4375459399999997
