coin,fundingRate_avg_5d
TNSR,-185.16558113
0G,-152.3058714
LAYER,-98.76271981000001
ZORA,-81.68895202
FOGO,-79.85816238999998
TRUMP,-79.07379199
ME,-76.29524993
S,-68.39462053
STABLE,-55.291786290000005
AIXBT,-46.53659406999999
SUSHI,-44.95924438
BSV,-43.57703318
CHIP,-43.35786308999998
USUAL,-42.51849741
AVNT,-42.211953619999996
kNEIRO,-41.86394437
PROVE,-41.19702950999999
CELO,-39.12244178
SNX,-34.97768573999999
POLYX,-32.70908664
MERL,-31.54736025999999
MINA,-31.126792659999996
STRK,-30.89266049
IOTA,-30.14477695
VVV,-27.681445969999995
ADA,-27.25053208
XAI,-25.4932936
BIO,-24.53197704
NOT,-24.166034609999997
kSHIB,-23.219715169999997
AXS,-23.03883212
KAITO,-20.037788250000002
GAS,-19.169732839999995
MON,-18.79998346
TRX,-18.28876811
ANIME,-17.511331980000005
2Z,-16.331597230000007
kLUNC,-13.85356478
INJ,-13.77603148
POPCAT,-13.73019551
ZETA,-12.93965004
STX,-12.747830859999997
YGG,-12.05643472
SOPH,-11.52345296
XRP,-11.104797229999999
SKY,-11.031548299999999
APT,-10.98546778
kFLOKI,-10.81790942
ATOM,-9.53371094
KAS,-9.265243949999999
W,-8.59192991
ETH,-8.16640123
kPEPE,-7.88989548
VIRTUAL,-7.8130140699999995
FIL,-7.77896103
DOT,-7.415879469999999
WLFI,-7.349312959999999
GMT,-6.80671564
BERA,-6.36530873
ARB,-6.165611390000001
PENGU,-5.512197879999999
OP,-5.294652769999999
MEME,-5.16120658
DOGE,-4.664015259999999
AVAX,-4.29860135
NIL,-4.013133389999999
BABY,-3.504943889999999
MNT,-3.4484856899999983
MOODENG,-2.95443191
IO,-2.8592099799999993
SOL,-2.0464528
IP,-1.6644583999999938
ALT,-0.5548635099999992
ZK,-0.3103332199999989
PYTH,-0.2386552499999999
