coin,fundingRate_avg_5d
0G,-1185.22311995
POLYX,-1061.88414641
AVNT,-614.1697334599999
MOVE,-574.96739902
ANIME,-393.50927327000005
BANANA,-393.3232116
LAYER,-384.5509622
RESOLV,-275.62622337
KAITO,-275.13954843
TNSR,-179.15705917000003
SUPER,-120.16535621000001
NIL,-106.44269356999999
INIT,-98.57254459
BLAST,-98.4008318
2Z,-95.31167109
MOODENG,-79.53392194
VVV,-74.91126921000001
ACE,-74.66444307000005
SOPH,-66.87901643
HMSTR,-65.92711322
MERL,-65.23315697
ZORA,-59.46615624
DYM,-52.803871830000006
IMX,-52.415872449999995
BIO,-52.09339787
USTC,-49.443056950000006
IP,-40.47659105
REZ,-39.771196429999996
XAI,-37.88295142
OM,-35.40605412
WCT,-33.79041082
TURBO,-32.19398258
MANTA,-31.336379310000005
DOOD,-31.063954990000003
HYPER,-28.080845760000003
NOT,-26.538560160000003
MEME,-23.2436818
FXS,-23.09312076
FET,-21.73494627000001
TRUMP,-21.23617742
SKY,-20.724767160000003
GMX,-19.83503732
GOAT,-19.409551710000006
GAS,-18.67685582
ETC,-18.49234394
kLUNC,-18.368890720000003
ME,-18.31213103
IO,-17.52053801
CELO,-17.28979742
YGG,-15.952970320000004
PROVE,-15.36281496
UMA,-13.716856949999997
S,-12.110651089999998
ZETA,-11.623856430000002
ADA,-11.25659051
BABY,-10.665860639999998
CFX,-10.581087199999999
BLUR,-9.809967029999997
RSR,-9.77043023
NEO,-9.025687879999998
POL,-8.193321439999998
SYRUP,-8.1398358
STX,-8.122609989999999
SEI,-8.069785730000001
DOT,-7.97549674
SUSHI,-7.48647558
BERA,-7.42750545
BCH,-7.021891169999999
JUP,-6.784430199999997
ZRO,-6.723659889999998
ZK,-5.429572099999999
COMP,-5.316488529999998
MAV,-5.2784526099999995
POPCAT,-5.203604979999999
EIGEN,-4.806400299999999
ARK,-4.6307352900000005
MELANIA,-4.608330859999999
USUAL,-4.45186558
BSV,-3.99007853
ONDO,-3.6623085300000002
kFLOKI,-3.49000298
W,-2.9467836999999992
SAND,-2.884308109999999
TIA,-2.134477659999999
AR,-1.6549997899999995
IOTA,-1.1011086399999996
BNB,-1.0117288999999998
TAO,-0.9809659699999994
WLFI,-0.78762547
APEX,-0.7443211399999988
kSHIB,-0.41441589
