coin,fundingRate_avg_5d
BLAST,-139.88628795999998
SOPH,-50.784842940000004
ARK,-50.69333232999999
BERA,-21.77115135
UMA,-20.428332409999996
ZRO,-14.796713829999998
HYPER,-11.036518140000002
REQ,-5.430202090000002
FTT,-1.570168680000002
