coin,fundingRate_avg_5d
BLAST,-84.14585097000001
REZ,-24.40169029
IO,-18.79834461
BABY,-18.02301745
ZRO,-16.465966870000003
BERA,-16.42038202
MOVE,-11.16888977
BANANA,-3.1998827299999992
BNB,-2.27382152
LAYER,-1.9448791399999994
IP,-1.5089048899999995
CELO,-1.4919090299999995
